Date,SPY,QQQ,IWM,TLT,GLD,EFA,EEM,VNQ,XLE,XLK
2010-01-04,84.57847595214844,40.24655532836914,51.24470520019531,55.504520416259766,109.80000305175781,34.58121109008789,30.194555282592773,23.3463191986084,17.14463233947754,9.367613792419434
2010-01-05,84.80238342285156,40.24655532836914,51.068485260009766,55.862998962402344,109.69999694824219,34.6116943359375,30.41372299194336,23.320125579833984,17.284555435180664,9.355534553527832
2010-01-06,84.86209106445312,40.003807067871094,51.02043151855469,55.115142822265625,111.51000213623047,34.75798034667969,30.47735595703125,23.27819061279297,17.49154281616211,9.250865936279297
2010-01-07,85.22029113769531,40.029808044433594,51.396873474121094,55.20786666870117,110.81999969482422,34.62387466430664,30.300613403320312,23.529747009277344,17.465303421020508,9.214641571044922
2010-01-08,85.50387573242188,40.35927200317383,51.677207946777344,55.183162689208984,111.37000274658203,34.898189544677734,30.540979385375977,23.35679817199707,17.578996658325195,9.275020599365234
2010-01-11,85.62330627441406,40.194541931152344,51.468971252441406,54.88037109375,112.8499984741211,35.1846923828125,30.47735595703125,23.493057250976562,17.55567741394043,9.23879337310791
2010-01-12,84.82476043701172,39.69167709350586,50.90829849243164,55.819725036621094,110.48999786376953,34.770179748535156,29.989538192749023,23.100019454956055,17.302045822143555,9.138154983520508
2010-01-13,85.5412368774414,40.18586349487305,51.56508255004883,55.1707878112793,111.54000091552734,35.062767028808594,30.081451416015625,23.56641387939453,17.36618423461914,9.226713180541992
2010-01-14,85.77256774902344,40.22054672241211,51.75731658935547,55.943294525146484,112.02999877929688,35.33098602294922,30.003684997558594,23.545459747314453,17.41575050354004,9.250865936279297
2010-01-15,84.8098373413086,39.75236129760742,51.004417419433594,56.28940200805664,110.86000061035156,34.77627182006836,29.657264709472656,23.367279052734375,17.275815963745117,9.122047424316406
2010-01-19,85.86956787109375,40.393951416015625,51.94152069091797,56.128726959228516,111.5199966430664,35.11763381958008,30.258195877075195,23.84416389465332,17.433242797851562,9.27904987335205
2010-01-20,84.99641418457031,39.81306076049805,51.18863296508789,56.697296142578125,108.94000244140625,34.221561431884766,29.530014038085938,23.576902389526367,17.1621150970459,9.130099296569824
2010-01-21,83.36201477050781,39.44025421142578,50.34762954711914,56.95689010620117,107.37000274658203,33.49006271362305,28.639232635498047,22.90087890625,16.812286376953125,9.033487319946289
2010-01-22,81.50372314453125,38.28711700439453,49.44256591796875,56.85798263549805,107.16999816894531,32.837825775146484,28.00296401977539,22.324430465698242,16.41289710998535,8.719484329223633
2010-01-25,81.92162322998047,38.41717529296875,49.4986457824707,56.598453521728516,107.4800033569336,33.24014663696289,28.207992553710938,22.481637954711914,16.520755767822266,8.791951179504395
2010-01-26,81.5783462524414,38.45185470581055,49.010040283203125,56.616939544677734,107.55999755859375,33.051170349121094,27.62120246887207,22.272029876708984,16.415807723999023,8.76779842376709
2010-01-27,81.96643829345703,38.75531005859375,49.53067398071289,56.586097717285156,106.52999877929688,33.01460647583008,27.550508499145508,22.471162796020508,16.351675033569336,8.84025764465332
2010-01-28,81.02609252929688,37.75825119018555,48.68167495727539,56.55519104003906,106.4800033569336,32.45988845825195,27.3596248626709,22.27726173400879,16.17967414855957,8.586640357971191
2010-01-29,80.14544677734375,37.09931182861328,48.14501953125,57.049583435058594,105.95999908447266,31.990510940551758,27.062692642211914,22.151485443115234,15.888145446777344,8.437698364257812
2010-02-01,81.39178466796875,37.50680923461914,48.71370315551758,56.53172302246094,108.3499984741211,32.57571029663086,27.790878295898438,22.55500602722168,16.41289710998535,8.534308433532715
2010-02-02,82.37687683105469,37.84496307373047,49.250328063964844,56.692928314208984,109.12999725341797,33.11822509765625,28.017105102539062,22.864206314086914,16.628625869750977,8.618847846984863
2010-02-03,81.96643829345703,38.05303192138672,48.92195510864258,56.03557205200195,108.69999694824219,32.77077102661133,27.854515075683594,22.492124557495117,16.485776901245117,8.63897705078125
2010-02-04,79.43644714355469,36.951934814453125,47.288021087646484,56.92245864868164,104.37000274658203,31.435800552368164,26.596101760864258,21.658889770507812,15.809438705444336,8.397441864013672
2010-02-05,79.60065460205078,37.2640380859375,47.47222900390625,57.046512603759766,104.68000030517578,31.380939483642578,26.29918098449707,22.057170867919922,15.812355995178223,8.481977462768555
2010-02-08,79.02597045898438,36.995277404785156,46.99966049194336,57.12092208862305,104.04000091552734,30.75916290283203,26.037601470947266,21.575040817260742,15.666592597961426,8.445744514465332
2010-02-09,80.01858520507812,37.37675476074219,47.64841842651367,56.55031967163086,105.41000366210938,31.728389739990234,26.88595962524414,21.506919860839844,15.996015548706055,8.518206596374512
2010-02-10,79.86183166503906,37.298728942871094,47.76056671142578,56.01070785522461,105.12000274658203,31.527238845825195,26.815256118774414,21.548839569091797,15.928967475891113,8.494053840637207
2010-02-11,80.69768524169922,37.86227798461914,48.521488189697266,55.706825256347656,107.12999725341797,31.819833755493164,27.522232055664062,21.753217697143555,16.200082778930664,8.58261489868164
2010-02-12,80.63053131103516,37.9403076171875,48.87388229370117,55.936302185058594,107.04000091552734,31.545522689819336,27.175811767578125,22.01000213623047,16.205909729003906,8.598719596862793
2010-02-16,81.89927673339844,38.42583465576172,49.69884490966797,56.04176712036133,109.62000274658203,32.24653625488281,27.87570571899414,22.63361930847168,16.587814331054688,8.72754192352295
2010-02-17,82.2873306274414,38.64259719848633,50.035274505615234,55.40290451049805,109.25,32.28921127319336,27.97467613220215,22.838001251220703,16.564485549926758,8.751694679260254
2010-02-18,82.7724380493164,38.885353088378906,50.443748474121094,55.17966079711914,109.9800033569336,32.47208023071289,28.080732345581055,23.178619384765625,16.65777587890625,8.808051109313965
2010-02-19,82.94407653808594,38.86801528930664,50.50783920288086,55.47736358642578,109.47000122070312,32.27091598510742,27.840362548828125,23.19434356689453,16.721914291381836,8.78390121459961
2010-02-22,82.958984375,38.78999328613281,50.65999984741211,55.2479133605957,109.06999969482422,32.33188247680664,27.87570571899414,23.251998901367188,16.491605758666992,8.76779842376709
2010-02-23,81.95149230957031,38.28711700439453,50.06731414794922,56.10995864868164,107.88999938964844,31.87470245361328,27.23236656188965,23.07380485534668,16.217571258544922,8.659104347229004
2010-02-24,82.70525360107422,38.67726516723633,50.491798400878906,56.246437072753906,107.36000061035156,32.07584762573242,27.493947982788086,23.30963897705078,16.31960678100586,8.74364185333252
2010-02-25,82.5932846069336,38.6685905456543,50.50783920288086,56.56271743774414,108.30999755859375,31.88079071044922,27.267723083496094,23.39872932434082,16.328353881835938,8.719484329223633
2010-02-26,82.64553833007812,38.807308197021484,50.29957580566406,56.85424041748047,109.43000030517578,32.07584762573242,27.54343605041504,23.388242721557617,16.366247177124023,8.731569290161133
2010-03-01,83.50379943847656,39.37088394165039,51.468971252441406,56.82932662963867,109.43000030517578,32.325782775878906,28.010026931762695,23.587383270263672,16.517841339111328,8.844285011291504
2010-03-02,83.73516845703125,39.49225616455078,51.861427307128906,56.754676818847656,111.0199966430664,32.569610595703125,28.328174591064453,23.597867965698242,16.654861450195312,8.832208633422852
2010-03-03,83.809814453125,39.53562545776367,52.157772064208984,56.61159896850586,111.62999725341797,32.95973587036133,28.363513946533203,23.534984588623047,16.727745056152344,8.83622932434082
2010-03-04,84.06354522705078,39.66565704345703,52.293941497802734,56.91020965576172,110.83000183105469,32.8743896484375,28.215059280395508,23.681718826293945,16.64028549194336,8.872458457946777
2010-03-05,85.26507568359375,40.263912200927734,53.35921859741211,56.16362380981445,110.80999755859375,33.51445388793945,28.950300216674805,24.326290130615234,16.952213287353516,8.98115348815918
2010-03-08,85.27999877929688,40.34193420410156,53.45531463623047,55.87115478515625,109.87999725341797,33.51445388793945,28.971511840820312,24.572595596313477,16.92597770690918,9.029457092285156
2010-03-09,85.42176818847656,40.56734085083008,53.64756393432617,55.88364791870117,109.72000122070312,33.43519973754883,29.134117126464844,24.630233764648438,16.92597770690918,9.069710731506348
2010-03-10,85.80239868164062,40.896820068359375,54.104103088378906,55.74053192138672,108.47000122070312,33.57540512084961,29.33913803100586,24.8503360748291,17.074655532836914,9.130099296569824
2010-03-11,86.1606674194336,41.05288314819336,54.2642936706543,55.94582748413086,108.5999984741211,33.70341110229492,29.346208572387695,24.9970760345459,17.045503616333008,9.166332244873047
2010-03-12,86.1681137084961,41.06155776977539,54.24024963378906,56.29427719116211,107.94999694824219,33.9289665222168,29.24723243713379,25.196210861206055,17.054248809814453,9.158278465270996
2010-03-15,86.19049072265625,40.95751190185547,54.056034088134766,56.21959686279297,108.36000061035156,33.69123458862305,29.035137176513672,25.138566970825195,16.87933349609375,9.150232315063477
2010-03-16,86.87711334228516,41.21760177612305,54.52058792114258,56.667564392089844,110.4000015258789,34.11792755126953,29.40983009338379,25.7464599609375,17.030929565429688,9.21866512298584
2010-03-17,87.39205932617188,41.3303108215332,54.8409538269043,56.91020965576172,109.58999633789062,34.30080795288086,29.72796630859375,26.129005432128906,17.217500686645508,9.246845245361328
2010-03-18,87.34725189208984,41.469051361083984,54.67277908325195,56.72355651855469,110.33999633789062,34.099639892578125,29.501739501953125,25.987524032592773,16.96095848083496,9.25892162322998
2010-03-19,86.90513610839844,41.21820831298828,53.9919548034668,56.7795524597168,108.27999877929688,33.75218200683594,29.11998748779297,25.70453453063965,16.757064819335938,9.203598022460938
2010-03-22,87.36973571777344,41.59142303466797,54.75285720825195,56.84178161621094,107.75,33.84972381591797,29.22601318359375,26.029441833496094,16.713176727294922,9.272245407104492
2010-03-23,87.98423767089844,41.877830505371094,55.4496955871582,56.57423782348633,108.31999969482422,34.08745193481445,29.431041717529297,25.95606803894043,16.77753448486328,9.361090660095215
2010-03-24,87.55709075927734,41.678226470947266,54.81695556640625,55.54142761230469,106.30000305175781,33.52664566040039,28.99271583557129,26.09756851196289,16.680997848510742,9.316673278808594
2010-03-25,87.41470336914062,41.617454528808594,54.47168731689453,55.186805725097656,106.77999877929688,33.50835418701172,28.914962768554688,26.16145896911621,16.400150299072266,9.3328275680542
2010-03-26,87.36223602294922,41.660858154296875,54.44759750366211,55.34234619140625,108.58999633789062,33.8375244140625,29.05634880065918,26.024181365966797,16.406005859375,9.28840160369873
2010-03-29,87.91681671142578,41.86045837402344,54.74470138549805,55.130767822265625,108.75,34.124019622802734,29.579504013061523,26.103376388549805,16.724878311157227,9.316673278808594
2010-03-30,87.97674560546875,41.99934387207031,54.9133186340332,55.304996490478516,107.97000122070312,34.124019622802734,29.692615509033203,26.06641960144043,16.751205444335938,9.357054710388184
2010-03-31,87.6769790649414,41.799720764160156,54.43958282470703,55.68454360961914,108.94999694824219,34.124019622802734,29.777462005615234,25.770755767822266,16.827268600463867,9.328786849975586
2010-04-01,88.27648162841797,41.799720764160156,54.94542694091797,55.54839324951172,110.26000213623047,34.727508544921875,30.555124282836914,25.902755737304688,17.125675201416016,9.312631607055664
2010-04-05,88.99588775634766,42.19029235839844,55.973201751708984,54.62420654296875,110.88999938964844,34.76408767700195,30.830835342407227,26.472976684570312,17.42991828918457,9.421669006347656
2010-04-06,89.2057113647461,42.31179428100586,56.30238342285156,54.71158981323242,111.02999877929688,34.66654968261719,30.922739028930664,27.08014678955078,17.42991828918457,9.429747581481934
2010-04-07,88.69613647460938,42.207672119140625,56.12576675415039,55.4110107421875,112.48999786376953,34.42272186279297,30.654088973999023,26.4835262298584,17.25731658935547,9.393399238586426
2010-04-08,89.00337982177734,42.30311965942383,56.069557189941406,55.435970306396484,112.6500015258789,34.386146545410156,30.760128021240234,26.515201568603516,17.318748474121094,9.409553527832031
2010-04-09,89.5879135131836,42.55482864379883,56.40679168701172,55.5671501159668,113.63999938964844,34.83723449707031,30.95101547241211,26.890071868896484,17.5030517578125,9.482248306274414
2010-04-12,89.73027038574219,42.58955383300781,56.63963317871094,55.86057662963867,113.01000213623047,34.94695281982422,30.703575134277344,26.721118927001953,17.544010162353516,9.502443313598633
2010-04-13,89.79772186279297,42.8065299987793,56.768123626708984,56.04177474975586,112.69000244140625,34.91647720336914,30.63995361328125,27.37582015991211,17.482572555541992,9.530707359313965
2010-04-14,90.81686401367188,43.31861114501953,57.980567932128906,55.648292541503906,113.02999877929688,35.379756927490234,31.092409133911133,27.418054580688477,17.649328231811523,9.668015480041504
2010-04-15,90.89179992675781,43.50955581665039,58.1572151184082,55.71076202392578,113.6500015258789,35.35536575317383,30.922739028930664,26.668315887451172,17.646398544311523,9.71243667602539
2010-04-16,89.44549560546875,42.98880386352539,57.37834167480469,56.11671829223633,111.23999786376953,34.57511520385742,30.017824172973633,26.05584716796875,17.347999572753906,9.583205223083496
2010-04-19,89.78273010253906,42.962772369384766,57.09731674194336,55.97931671142578,111.1500015258789,34.483673095703125,29.89763832092285,26.172019958496094,17.37140655517578,9.603397369384766
2010-04-20,90.58454895019531,43.179744720458984,57.87617492675781,56.17917251586914,111.45999908447266,34.697025299072266,30.251131057739258,26.61553192138672,17.71076011657715,9.655898094177246
2010-04-21,90.41968536376953,43.422760009765625,58.27764892578125,56.64122772216797,112.30999755859375,34.47148513793945,30.152145385742188,27.08014678955078,17.693206787109375,9.676093101501465
2010-04-22,90.68949890136719,43.66579055786133,58.895904541015625,56.47262191772461,111.83999633789062,34.16059875488281,30.279403686523438,27.497243881225586,17.737091064453125,9.700319290161133
2010-04-23,91.28148651123047,43.84806442260742,59.522220611572266,56.27284240722656,113.19000244140625,34.41661834716797,30.44200897216797,27.86154556274414,18.164209365844727,9.724552154541016
2010-04-26,90.936767578125,43.75258255004883,59.297386169433594,56.33524703979492,112.75,34.45320129394531,30.44200897216797,28.083314895629883,18.102764129638672,9.71243667602539
2010-04-27,88.78609466552734,42.82389831542969,57.94042205810547,57.12840270996094,114.62999725341797,33.069461822509766,29.353271484375,27.18573760986328,17.54693031311035,9.522637367248535
2010-04-28,89.46050262451172,42.849945068359375,58.0367431640625,56.64122772216797,114.30999755859375,33.075557708740234,29.600706100463867,27.270227432250977,17.725387573242188,9.55090045928955
2010-04-29,90.56958770751953,43.59635543823242,59.26525115966797,56.87856674194336,114.27999877929688,33.58759689331055,30.088529586791992,28.500417709350586,17.745864868164062,9.647822380065918
2010-04-30,89.0333480834961,42.737098693847656,57.530921936035156,57.534324645996094,115.36000061035156,33.16698455810547,29.72796630859375,27.613407135009766,17.52645492553711,9.445899963378906
2010-05-03,90.1874008178711,43.335960388183594,58.82366943359375,57.459068298339844,115.7300033569336,33.404727935791016,29.89056968688965,28.532089233398438,17.725387573242188,9.575127601623535
2010-05-04,88.0666732788086,42.034061431884766,56.97688293457031,58.49308395385742,114.87000274658203,32.08195877075195,28.51905632019043,27.882667541503906,17.251462936401367,9.300518035888672
2010-05-05,87.54209899902344,41.81708526611328,56.141807556152344,58.83772659301758,115.08999633789062,31.46627426147461,28.00296401977539,27.50780487060547,16.97939682006836,9.260132789611816
2010-05-06,84.63449096679688,40.41970443725586,54.038108825683594,60.655113220214844,118.48999786376953,30.06424903869629,26.857681274414062,26.377927780151367,16.400150299072266,8.981481552124023
2010-05-07,83.37555694580078,39.41291427612305,52.480403900146484,59.89683151245117,118.2699966430664,29.997196197509766,26.999073028564453,25.934419631958008,16.087125778198242,8.78359603881836
2010-05-10,87.0474853515625,41.46123123168945,55.42718505859375,58.656009674072266,117.56999969482422,31.941747665405273,28.943227767944336,27.645097732543945,16.77461051940918,9.187439918518066
2010-05-11,86.80022430419922,41.417842864990234,55.79653549194336,58.505619049072266,120.66000366210938,31.423601150512695,28.420080184936523,27.808761596679688,16.66344451904297,9.126866340637207
2010-05-12,88.01419830322266,42.19898223876953,57.506813049316406,58.060646057128906,121.4000015258789,31.77716064453125,28.773557662963867,28.257543563842773,16.894548416137695,9.365132331848145
2010-05-13,86.92012786865234,41.530662536621094,56.95280075073242,58.44295120239258,120.55999755859375,31.362651824951172,28.504905700683594,27.798194885253906,16.786314010620117,9.227828025817871
2010-05-14,85.3464126586914,40.732177734375,55.85274887084961,59.45812225341797,120.37000274658203,30.472673416137695,27.918128967285156,26.916471481323242,16.452808380126953,9.050137519836426
2010-05-17,85.39141082763672,40.862361907958984,55.95713806152344,59.23883056640625,119.36000061035156,30.515344619750977,27.748458862304688,26.953432083129883,16.28312873840332,9.094558715820312
2010-05-18,84.22982788085938,40.29820251464844,54.8812141418457,60.14744186401367,119.48999786376953,29.856992721557617,27.168745040893555,26.272329330444336,16.157339096069336,8.957246780395508
2010-05-19,83.75028228759766,39.97705841064453,54.23081970214844,60.348045349121094,116.62999725341797,29.97281265258789,26.907169342041016,26.029462814331055,15.97303295135498,8.88859748840332
2010-05-20,80.58789825439453,38.492897033691406,51.48474884033203,61.620140075683594,115.83999633789062,28.930444717407227,25.571002960205078,24.693674087524414,15.259221076965332,8.605903625488281
2010-05-21,81.76445007324219,38.91817855834961,52.2475471496582,61.68278503417969,115.22000122070312,29.637561798095703,26.398157119750977,25.52260398864746,15.525444030761719,8.670516967773438
2010-05-24,80.71527099609375,38.76194381713867,51.548980712890625,61.46974563598633,116.83999633789062,28.9548282623291,26.122432708740234,24.95237922668457,15.171451568603516,8.63013744354248
2010-05-25,80.7977294921875,38.79667282104492,51.54096221923828,61.770565032958984,117.36000061035156,28.84510612487793,25.83964729309082,25.15301513671875,15.206565856933594,8.605903625488281
2010-05-26,80.31065368652344,38.36270523071289,51.66941833496094,61.59507751464844,118.47000122070312,28.41839599609375,25.825502395629883,25.100215911865234,15.174382209777832,8.521100044250488
2010-05-27,83.0008773803711,39.81215286254883,53.88555908203125,60.19761276245117,118.69000244140625,30.033777236938477,27.387908935546875,26.47823715209961,15.817983627319336,8.811867713928223
2010-05-28,81.95923614501953,39.577816009521484,53.19502258300781,60.47334671020508,118.87999725341797,29.454681396484375,26.935440063476562,26.140338897705078,15.519583702087402,8.739174842834473
2010-06-01,80.58039093017578,39.213287353515625,51.58110046386719,60.89837646484375,119.91000366210938,29.16208267211914,26.440568923950195,25.596519470214844,14.782368659973145,8.654369354248047
2010-06-02,82.67866516113281,40.141971588134766,53.05046463012695,60.31992721557617,119.77999877929688,29.94234848022461,27.366697311401367,26.098119735717773,15.423049926757812,8.848211288452148
2010-06-03,82.96341705322266,40.52387237548828,53.732967376708984,59.8797492980957,117.95999908447266,29.85089683532715,27.267723083496094,26.024181365966797,15.630746841430664,8.937057495117188
2010-06-04,80.04833221435547,39.135169982910156,51.035099029541016,61.48948287963867,119.19000244140625,28.576892852783203,26.29918098449707,24.551124572753906,15.080768585205078,8.650330543518066
2010-06-07,79.05165100097656,38.42345428466797,49.718265533447266,61.96103286743164,121.48999786376953,28.217241287231445,25.88913345336914,24.419113159179688,14.949119567871094,8.525137901306152
2010-06-08,79.89845275878906,38.354026794433594,49.69419479370117,61.65299606323242,121.0,28.668325424194336,26.482982635498047,24.857349395751953,15.197781562805176,8.541288375854492
2010-06-09,79.4713134765625,38.03289031982422,49.726295471191406,61.583805084228516,120.55999755859375,28.564695358276367,26.34159278869629,25.00518035888672,15.039804458618164,8.49686336517334
2010-06-10,81.79437255859375,39.117820739746094,51.44459533691406,60.4833869934082,118.97000122070312,29.77165985107422,27.260656356811523,26.08753776550293,15.794573783874512,8.702829360961914
2010-06-11,82.19155883789062,39.49101638793945,52.143184661865234,61.250526428222656,120.01000213623047,29.814334869384766,27.40204620361328,26.399049758911133,15.891124725341797,8.779560089111328
2010-06-14,82.06414031982422,39.48235321044922,52.47236633300781,60.93613815307617,119.5999984741211,30.0032958984375,27.409122467041016,26.726408004760742,15.80921459197998,8.763405799865723
2010-06-15,83.93009948730469,40.541221618652344,53.78919219970703,60.68457794189453,120.98999786376953,30.9542293548584,28.236265182495117,27.32301902770996,16.27143669128418,8.993596076965332
2010-06-16,83.9001235961914,40.70611572265625,53.5402946472168,61.03044891357422,120.33000183105469,30.80793571472168,28.236265182495117,27.074857711791992,16.259727478027344,9.017826080322266
2010-06-17,84.03502655029297,40.83631134033203,53.60452651977539,61.52721405029297,121.9000015258789,30.905473709106445,28.094865798950195,27.132930755615234,16.242177963256836,9.050137519836426
2010-06-18,84.12610626220703,40.8702392578125,53.63663101196289,61.42655563354492,122.83000183105469,30.850608825683594,28.222126007080078,27.048463821411133,16.342681884765625,9.049729347229004
2010-06-21,83.88518524169922,40.522396087646484,53.08261489868164,61.250526428222656,120.38999938964844,30.844512939453125,28.709936141967773,26.837278366088867,16.307416915893555,8.984885215759277
2010-06-22,82.49978637695312,40.20935821533203,51.990596771240234,61.979957580566406,121.44999694824219,30.454376220703125,28.158496856689453,26.04002571105957,15.83133602142334,8.907885551452637
2010-06-23,82.24380493164062,40.04412841796875,51.846065521240234,62.40119171142578,120.94999694824219,30.658443450927734,28.231094360351562,26.108657836914062,15.710840225219727,8.89167594909668
2010-06-24,80.88096618652344,39.435420989990234,51.019039154052734,62.030250549316406,121.30000305175781,30.125038146972656,27.732934951782227,25.55597686767578,15.38169002532959,8.713350296020508
2010-06-25,81.21978759765625,39.44328308105469,51.89426040649414,62.28175354003906,122.76000213623047,30.2987003326416,28.06028175354004,26.200862884521484,15.425777435302734,8.705246925354004
2010-06-28,80.96379089355469,39.303863525390625,51.59716033935547,62.86650085449219,121.08999633789062,30.075408935546875,27.86815071105957,25.891735076904297,15.217117309570312,8.721453666687012
2010-06-29,78.4640121459961,37.78781509399414,49.64600372314453,63.551910400390625,121.2699966430664,29.045812606811523,26.73662567138672,25.044315338134766,14.714584350585938,8.397236824035645
2010-06-30,77.71859741210938,37.21275329589844,49.0759162902832,63.97951889038086,121.68000030517578,28.847339630126953,26.5587158203125,24.777835845947266,14.599974632263184,8.267550468444824
2010-07-01,77.37225341796875,37.10822296142578,48.72262954711914,64.0803451538086,117.04000091552734,29.26909828186035,26.750856399536133,24.692564010620117,14.547075271606445,8.235132217407227
2010-07-02,76.95059967041016,37.003658294677734,48.190128326416016,63.56955337524414,118.48999786376953,29.207082748413086,26.86473274230957,24.218210220336914,14.51181411743164,8.22297477722168
2010-07-06,77.45507049560547,37.11692810058594,47.56177520751953,64.0930404663086,116.51000213623047,29.790115356445312,27.362878799438477,23.67991065979004,14.652871131896973,8.304028511047363
2010-07-07,79.89459228515625,38.30187225341797,49.22126770019531,63.342506408691406,117.7300033569336,30.720457077026367,27.9677734375,24.831134796142578,15.170096397399902,8.571504592895508
2010-07-08,80.68519592285156,38.510982513427734,49.93019104003906,62.93878936767578,117.20999908447266,31.018177032470703,28.102989196777344,25.1402530670166,15.384631156921387,8.624191284179688
2010-07-09,81.28753662109375,38.87694549560547,50.703556060791016,62.57929611206055,118.36000061035156,31.049190521240234,28.444581985473633,25.46003532409668,15.463980674743652,8.668773651123047
2010-07-12,81.34024047851562,38.99018096923828,50.131595611572266,62.554115295410156,117.33999633789062,30.931346893310547,28.21685791015625,25.53999137878418,15.422840118408203,8.70930290222168
2010-07-13,82.56756591796875,39.49555206298828,51.718597412109375,62.017940521240234,118.36000061035156,31.50197410583496,28.544218063354492,26.16889190673828,15.607982635498047,8.834932327270508
2010-07-14,82.55999755859375,39.69594955444336,51.5333137512207,62.64238357543945,118.30000305175781,31.613616943359375,28.487272262573242,26.014326095581055,15.590356826782227,8.887618064880371
2010-07-15,82.58261108398438,39.73079299926758,51.058021545410156,63.26677322387695,118.2300033569336,31.768674850463867,28.352067947387695,25.92905044555664,15.57271957397461,8.915982246398926
2010-07-16,80.3087158203125,38.632972717285156,49.197105407714844,63.575862884521484,116.66999816894531,30.751480102539062,27.50520896911621,25.08695411682129,15.202425003051758,8.660669326782227
2010-07-19,80.78308868408203,38.964054107666016,49.406551361083984,63.18474578857422,115.7300033569336,30.94995880126953,27.86815071105957,25.396080017089844,15.299407958984375,8.745774269104004
2010-07-20,81.67909240722656,39.43455123901367,50.23630905151367,63.27939987182617,116.6500015258789,31.16083526611328,28.522865295410156,25.870424270629883,15.649123191833496,8.802511215209961
2010-07-21,80.617431640625,38.89434051513672,49.33406066894531,64.35157012939453,115.8499984741211,30.596412658691406,28.231094360351562,25.332120895385742,15.393454551696777,8.697142601013184
2010-07-22,82.41698455810547,39.8789176940918,51.09021759033203,63.60734558105469,116.86000061035156,31.62601089477539,29.085063934326172,26.280803680419922,15.734350204467773,8.932196617126465
2010-07-23,83.13224029541016,40.13158416748047,52.34695053100586,62.93251419067383,116.08999633789062,31.998167037963867,29.284332275390625,26.616579055786133,15.80488109588623,8.99299144744873
2010-07-26,83.99810028076172,40.462677001953125,53.539215087890625,62.825279235839844,115.5199966430664,32.22145080566406,29.483596801757812,27.282806396484375,15.943002700805664,9.049729347229004
2010-07-27,83.99059295654297,40.44525146484375,53.34587478637695,62.21979522705078,113.51000213623047,32.314491271972656,29.433767318725586,27.27747344970703,15.866598129272461,9.074041366577148
2010-07-28,83.4484634399414,40.12286376953125,52.4838981628418,62.4216194152832,113.77999877929688,32.147029876708984,29.270092010498047,27.22416877746582,15.83133602142334,9.00109577178955
2010-07-29,83.0418930053711,39.826637268066406,52.34695053100586,62.4027099609375,114.29000091552734,32.29587936401367,29.319908142089844,26.994998931884766,15.854839324951172,8.920042037963867
2010-07-30,83.0268325805664,39.91376495361328,52.37916946411133,63.374000549316406,115.48999786376953,32.19663619995117,29.462234497070312,27.154890060424805,15.82252025604248,8.883569717407227
2010-08-02,84.90164184570312,40.663089752197266,53.28949737548828,62.48432540893555,115.54000091552734,33.28205108642578,30.22370719909668,28.066267013549805,16.375011444091797,9.06999397277832
2010-08-03,84.49507141113281,40.48882293701172,52.86252975463867,62.845001220703125,115.98999786376953,33.2324333190918,30.081371307373047,27.794437408447266,16.3691349029541,9.0213623046875
2010-08-04,85.05976104736328,40.898311614990234,53.41836929321289,62.36418533325195,116.72000122070312,33.26346206665039,30.124069213867188,27.99164390563965,16.495498657226562,9.094308853149414
2010-08-05,84.96939849853516,40.80247497558594,52.79001998901367,62.65517807006836,116.9800033569336,33.238643646240234,29.98885726928711,27.639888763427734,16.548402786254883,9.053778648376465
2010-08-06,84.62306213378906,40.7414665222168,52.47584533691406,63.33855438232422,117.83999633789062,33.33787536621094,29.9461612701416,27.511974334716797,16.351511001586914,9.029462814331055
2010-08-09,85.0748062133789,41.02031707763672,53.05585861206055,63.10444259643555,117.4000015258789,33.37508773803711,30.102720260620117,27.826433181762695,16.41908836364746,9.090252876281738
2010-08-10,84.61553192138672,40.663089752197266,52.056949615478516,63.237327575683594,117.7300033569336,33.1083869934082,29.689960479736328,27.55461311340332,16.283903121948242,8.99704360961914
2010-08-11,82.29650115966797,39.55653762817383,50.010765075683594,64.0852279663086,117.33999633789062,31.60120391845703,28.74347496032715,26.867082595825195,15.799004554748535,8.782249450683594
2010-08-12,81.7920150756836,39.24287033081055,49.761024475097656,63.926998138427734,118.7699966430664,31.563987731933594,28.793289184570312,26.531312942504883,15.704960823059082,8.660669326782227
2010-08-13,81.55107879638672,38.964054107666016,49.197105407714844,64.72431182861328,118.73999786376953,31.452342987060547,28.949853897094727,26.531312942504883,15.678516387939453,8.620137214660645
2010-08-16,81.51343536376953,39.03376388549805,49.59185791015625,66.34415435791016,119.7300033569336,31.706645965576172,29.220285415649414,26.509990692138672,15.675577163696289,8.636350631713867
2010-08-17,82.51483154296875,39.53038787841797,50.445770263671875,65.96443939208984,119.75,32.0601692199707,29.526281356811523,27.117568969726562,15.937119483947754,8.729562759399414
2010-08-18,82.66545104980469,39.68722915649414,50.59883117675781,66.14169311523438,120.22000122070312,32.04778289794922,29.504940032958984,27.14422035217285,15.784311294555664,8.778194427490234
2010-08-19,81.22732543945312,39.086055755615234,49.21322250366211,67.17305755615234,120.38999938964844,31.532981872558594,29.277204513549805,26.451353073120117,15.528631210327148,8.672825813293457
2010-08-20,80.96379089355469,39.1383056640625,49.26155471801758,67.09709930419922,119.97000122070312,31.204261779785156,29.19181251525879,26.36607551574707,15.337613105773926,8.652565002441406
2010-08-23,80.65509033203125,38.75495147705078,48.592926025390625,67.10980987548828,119.77999877929688,31.14223289489746,28.928504943847656,26.22750473022461,15.343489646911621,8.575560569763184
2010-08-24,79.4579086303711,38.031795501708984,48.03706741333008,68.18543243408203,120.36000061035156,30.71426773071289,28.558441162109375,26.12092399597168,15.105450630187988,8.458033561706543
2010-08-25,79.7665786743164,38.39772415161133,48.762088775634766,67.9640121459961,121.36000061035156,30.74527931213379,28.37342071533203,26.536632537841797,15.05842399597168,8.51071548461914
2010-08-26,79.23200225830078,37.935943603515625,48.39959716796875,68.60307312011719,120.95999908447266,30.732868194580078,28.195499420166016,26.37674331665039,14.92324161529541,8.42561149597168
2010-08-27,80.45928955078125,38.39772415161133,49.66435623168945,66.6605224609375,121.01000213623047,31.33451271057129,28.814647674560547,26.813785552978516,15.31116008758545,8.526923179626465
2010-08-30,79.29227447509766,37.99693298339844,48.57680892944336,67.9386978149414,120.91000366210938,30.881736755371094,28.33783721923828,26.60592269897461,15.087817192077637,8.413448333740234
2010-08-31,79.29227447509766,37.86623001098633,48.480140686035156,68.6916732788086,122.08000183105469,30.974760055541992,28.508630752563477,26.80844497680664,15.046669960021973,8.38508415222168
2010-09-01,81.66402435302734,38.99890899658203,50.35717010498047,67.27136993408203,121.69000244140625,32.07878494262695,29.512056350708008,27.68252944946289,15.607982635498047,8.599874496459961
2010-09-02,82.42450714111328,39.43455123901367,50.91300964355469,66.56058502197266,122.29000091552734,32.25865936279297,29.561874389648438,28.034282684326172,15.73729133605957,8.676877975463867
2010-09-03,83.49366760253906,40.08802795410156,51.82331466674805,65.73553466796875,121.86000061035156,32.556373596191406,29.910581588745117,28.444673538208008,15.928308486938477,8.806565284729004
2010-09-07,82.55250549316406,39.81793212890625,50.84049606323242,67.08097076416016,122.69999694824219,32.103607177734375,29.476469039916992,28.00764274597168,15.69025993347168,8.733617782592773
2010-09-08,83.13224029541016,40.2971305847168,51.138572692871094,66.54786682128906,122.70999908447266,32.35170364379883,29.79671287536621,28.066267013549805,15.82545280456543,8.782249450683594
2010-09-09,83.51624298095703,40.453956604003906,51.170806884765625,65.23420715332031,121.55999755859375,32.655609130859375,29.96750259399414,27.74115753173828,15.857783317565918,8.806565284729004
2010-09-10,83.9378890991211,40.60208511352539,51.3319091796875,64.93588256835938,121.7300033569336,32.75485610961914,30.07425880432129,27.890382766723633,16.022354125976562,8.81061840057373
2010-09-13,84.87155151367188,41.16841506958008,52.580570220947266,65.25320434570312,121.62000274658203,33.35029220581055,30.793012619018555,28.348739624023438,16.151660919189453,8.968673706054688
2010-09-14,84.81884002685547,41.34266662597656,52.3549919128418,65.8814468383789,124.0199966430664,33.573577880859375,30.778789520263672,28.242136001586914,16.095823287963867,9.005151748657227
2010-09-15,85.14258575439453,41.60407257080078,52.65309143066406,64.90415954589844,123.94000244140625,33.585968017578125,30.821491241455078,28.48731231689453,16.06350326538086,9.061887741088867
2010-09-16,85.12000274658203,41.76961135864258,52.314735412597656,64.26319122314453,124.62999725341797,33.42470932006836,30.664926528930664,28.338077545166016,15.990021705627441,9.114569664001465
2010-09-17,85.15180206298828,41.91109848022461,52.5322265625,64.52333068847656,124.54000091552734,33.26346206665039,30.6151123046875,28.423357009887695,15.91002368927002,9.163785934448242
2010-09-20,86.45378112792969,42.64468765258789,53.99034881591797,64.89781951904297,124.87000274658203,33.84027862548828,31.099027633666992,29.116222381591797,16.178682327270508,9.29800796508789
2010-09-21,86.27969360351562,42.635963439941406,53.6761474609375,65.79898071289062,126.01000213623047,33.834068298339844,31.006513595581055,28.68984603881836,16.19049072265625,9.28174114227295
2010-09-22,85.85578155517578,42.522422790527344,53.03974914550781,66.3891830444336,126.19999694824219,33.784446716308594,31.027856826782227,28.300769805908203,16.072389602661133,9.23699951171875
2010-09-23,85.15936279296875,42.50495529174805,52.39768981933594,66.57962799072266,126.30000305175781,33.41851043701172,30.8286075592041,27.60257911682129,15.972020149230957,9.224798202514648
2010-09-24,86.91554260253906,43.36955642700195,54.101768493652344,65.68478393554688,126.69000244140625,34.34886932373047,31.397912979125977,28.383424758911133,16.317445755004883,9.403764724731445
2010-09-27,86.49920654296875,43.133750915527344,53.96444320678711,66.82714080810547,126.72000122070312,34.17520523071289,31.340986251831055,28.033876419067383,16.25543785095215,9.407824516296387
2010-09-28,86.802001953125,43.11629867553711,54.497493743896484,67.28406524658203,127.8499984741211,34.37368392944336,31.5687198638916,28.14680290222168,16.370580673217773,9.42003059387207
2010-09-29,86.65060424804688,43.04641342163086,54.65092086791992,67.00474548339844,127.94999694824219,34.31785583496094,31.675472259521484,27.92630386352539,16.544767379760742,9.399697303771973
2010-09-30,86.39325714111328,42.85430908203125,54.51362991333008,66.96036529541016,127.91000366210938,34.06354522705078,31.860490798950195,28.006975173950195,16.550676345825195,9.363086700439453
2010-10-01,86.7565689086914,42.8018798828125,54.80438995361328,66.63677215576172,128.91000366210938,34.40468215942383,32.330177307128906,28.14680290222168,16.772092819213867,9.367156028747559
2010-10-04,86.10556030273438,42.33900833129883,54.061370849609375,66.80876159667969,128.4600067138672,33.90849685668945,32.230552673339844,28.404937744140625,16.562477111816406,9.289877891540527
2010-10-05,87.83905029296875,43.36955642700195,55.59581756591797,66.40742492675781,130.99000549316406,34.869869232177734,32.814109802246094,28.85665512084961,16.952186584472656,9.472908020019531
2010-10-06,87.83148193359375,42.99403762817383,55.41008377075195,67.24193572998047,131.80999755859375,35.1613883972168,32.79987716674805,28.700700759887695,17.10276222229004,9.428165435791016
2010-10-07,87.72552490234375,43.15122604370117,55.24855422973633,66.6813735961914,130.3699951171875,35.043540954589844,32.508094787597656,28.7813720703125,17.017133712768555,9.428165435791016
2010-10-08,88.21753692626953,43.44816207885742,55.9511604309082,66.38835906982422,131.66000366210938,35.27302932739258,32.899497985839844,28.86202621459961,17.22970199584961,9.481039047241211
2010-10-11,88.30079650878906,43.46561813354492,55.999629974365234,66.40109252929688,132.2899932861328,35.2296028137207,32.87813949584961,28.85665512084961,17.27693748474121,9.49731159210205
2010-10-12,88.57329559326172,43.76253890991211,56.14501953125,65.74501037597656,131.9600067138672,35.155181884765625,32.742942810058594,29.06101417541504,17.25037384033203,9.554254531860352
2010-10-13,89.26216125488281,44.12061309814453,57.00107192993164,65.64303588867188,134.07000732421875,35.5521354675293,33.34785461425781,29.36216163635254,17.459980010986328,9.631532669067383
2010-10-14,88.91395568847656,44.033267974853516,56.960693359375,64.66206359863281,134.75,35.800228118896484,33.29090118408203,29.286865234375,17.43340492248535,9.635601997375488
2010-10-15,89.09562683105469,44.96774673461914,56.7668571472168,63.87218475341797,133.67999267578125,35.68238067626953,33.248207092285156,29.249223709106445,17.48064613342285,9.798296928405762
2010-10-18,89.53466796875,44.80180740356445,57.24336242675781,64.38813018798828,134.27999877929688,35.76301574707031,33.26244354248047,29.62565803527832,17.52787971496582,9.863371849060059
2010-10-19,88.36132049560547,44.38261795043945,56.128875732421875,64.77671813964844,130.11000061035156,34.975311279296875,32.209197998046875,29.259979248046875,17.17951011657715,9.688481330871582
2010-10-20,89.22433471679688,44.70574951171875,56.70225524902344,64.91685485839844,131.32000732421875,35.63276672363281,32.72159194946289,29.899938583374023,17.400936126708984,9.769824028015137
2010-10-21,89.42108917236328,44.79308319091797,56.42767333984375,64.14608001708984,129.47000122070312,35.44049835205078,32.72159194946289,29.86766242980957,17.39208221435547,9.777959823608398
2010-10-22,89.58767700195312,45.098758697509766,56.79109191894531,64.57927703857422,129.72999572753906,35.53352737426758,32.757171630859375,29.883785247802734,17.507221221923828,9.80643081665039
2010-10-25,89.85260009765625,45.31708908081055,57.13029479980469,64.76399993896484,130.85000610351562,35.669979095458984,33.112998962402344,29.93756675720215,17.554460525512695,9.8349027633667
2010-10-26,89.86773681640625,45.439334869384766,57.08993148803711,63.76390075683594,130.8800048828125,35.44049835205078,33.084529876708984,29.722463607788086,17.589889526367188,9.859306335449219
2010-10-27,89.61035919189453,45.57907485961914,56.94455337524414,63.203346252441406,129.52000427246094,35.0993537902832,32.52232360839844,29.512733459472656,17.516082763671875,9.887782096862793
2010-10-28,89.62555694580078,45.67515182495117,56.59727096557617,63.37529373168945,131.24000549316406,35.37226104736328,32.72871017456055,29.32988929748535,17.477699279785156,9.887782096862793
2010-10-29,89.69363403320312,45.57033920288086,56.774940490722656,63.96773147583008,132.6199951171875,35.3598518371582,32.82121658325195,29.33527183532715,17.4895076751709,9.904047966003418
2010-11-01,89.72392272949219,45.60527801513672,56.387306213378906,63.69234848022461,131.9199981689453,35.2296028137207,33.184165954589844,29.588016510009766,17.510177612304688,9.912185668945312
2010-11-02,90.43550109863281,46.0943489074707,57.558319091796875,64.52941131591797,132.49000549316406,35.81263732910156,33.59690475463867,29.792369842529297,17.702075958251953,10.009800910949707
2010-11-03,90.79879760742188,46.30392837524414,57.78445816040039,63.21302032470703,131.57000732421875,36.06072998046875,33.80328369140625,29.792369842529297,17.740455627441406,10.066740989685059
2010-11-04,92.54740905761719,46.8715934753418,59.24623489379883,63.7050895690918,136.02999877929688,36.87943649291992,34.57188415527344,30.480714797973633,18.304353713989258,10.21723461151123
2010-11-05,92.89564514160156,46.8715934753418,59.57736587524414,62.612369537353516,136.3800048828125,36.718177795410156,34.50782775878906,30.808759689331055,18.395862579345703,10.209100723266602
2010-11-08,92.72154998779297,46.932735443115234,59.52888488769531,62.893550872802734,137.77999877929688,36.49489212036133,34.365501403808594,30.642038345336914,18.451955795288086,10.21723461151123
2010-11-09,92.05538940429688,46.679473876953125,58.737449645996094,61.50685119628906,135.58999633789062,36.12895202636719,33.931396484375,29.399803161621094,18.416532516479492,10.188764572143555
2010-11-10,92.4262924194336,46.915260314941406,59.39161682128906,61.589927673339844,137.24000549316406,36.23439407348633,34.18046569824219,29.765485763549805,18.652725219726562,10.1968994140625
2010-11-11,92.07807159423828,46.618350982666016,59.15736770629883,61.55793380737305,137.66000366210938,35.924285888671875,33.84599685668945,29.52886390686035,18.859378814697266,10.042338371276855
2010-11-12,90.98805236816406,45.858543395996094,58.172115325927734,61.22564697265625,133.69000244140625,35.62655258178711,33.02760314941406,29.254589080810547,18.581865310668945,9.899982452392578
2010-11-15,90.85941314697266,45.68388748168945,58.180179595947266,59.947547912597656,132.4199981689453,35.60174560546875,33.01335525512695,28.97496223449707,18.487390518188477,9.871511459350586
2010-11-16,89.44381713867188,44.93279266357422,57.049537658691406,61.436553955078125,130.97000122070312,34.76441955566406,32.1451530456543,27.9800968170166,18.1419734954834,9.692543983459473
2010-11-17,89.48925018310547,45.06380081176758,57.20298385620117,61.09785079956055,130.3800048828125,34.95670700073242,32.308837890625,28.19521141052246,18.215784072875977,9.696611404418945
2010-11-18,90.80638885498047,45.7886848449707,58.3174934387207,61.34710693359375,132.08999633789062,35.831241607666016,33.07740783691406,28.44795036315918,18.617290496826172,9.859306335449219
2010-11-19,91.05622863769531,45.823604583740234,58.511322021484375,61.724037170410156,132.1999969482422,35.831241607666016,33.09876251220703,28.598520278930664,18.773765563964844,9.887782096862793
2010-11-22,90.9804916381836,46.2078742980957,58.79397201538086,61.986053466796875,133.47999572753906,35.44669723510742,32.99912643432617,28.673816680908203,18.7147216796875,9.944722175598145
2010-11-23,89.66337585449219,45.47426986694336,58.236717224121094,62.29283905029297,134.41000366210938,34.37987518310547,31.953012466430664,28.44795036315918,18.3486328125,9.798296928405762
2010-11-24,90.98805236816406,46.391258239746094,59.545040130615234,61.180904388427734,134.17999267578125,34.925689697265625,32.693119049072266,28.996463775634766,18.679285049438477,9.960988998413086
2010-11-26,89.92831420898438,46.085601806640625,59.13318634033203,62.030784606933594,133.11000061035156,34.342674255371094,31.881851196289062,28.93732261657715,18.454917907714844,9.863371849060059
2010-11-29,90.20079803466797,46.05067443847656,59.22200393676758,62.56119918823242,133.50999450683594,34.03875732421875,32.13092041015625,28.92119598388672,18.57891082763672,9.838972091674805
2010-11-30,89.69363403320312,45.491729736328125,58.753597259521484,62.887142181396484,135.4199981689453,33.654197692871094,31.86760902404785,28.792116165161133,18.513954162597656,9.741353034973145
2010-12-01,91.60118865966797,46.4524040222168,60.070030212402344,61.48921203613281,135.3800048828125,34.60936737060547,32.77852249145508,28.958824157714844,19.063093185424805,9.94879150390625
2010-12-02,92.77452087402344,46.924015045166016,60.67570114135742,61.32892990112305,135.1999969482422,35.266822814941406,33.42612838745117,29.405176162719727,19.346506118774414,10.066740989685059
2010-12-03,93.02432250976562,47.04625701904297,61.111812591552734,60.84798049926758,138.07000732421875,35.60795974731445,33.54710388183594,29.399803161621094,19.43212890625,10.091145515441895
2010-12-06,92.92591094970703,47.028804779052734,61.49137878417969,61.7072639465332,139.11000061035156,35.44669723510742,33.490169525146484,29.458951950073242,19.497089385986328,10.091145515441895
2010-12-07,92.9789047241211,47.05501174926758,61.84675979614258,60.38629913330078,136.5,35.46530532836914,33.33361053466797,29.523487091064453,19.423276901245117,10.103348731994629
2010-12-08,93.31951904296875,47.22967529296875,61.80634689331055,59.802764892578125,134.7899932861328,35.57073211669922,33.1201171875,29.087894439697266,19.331750869750977,10.188764572143555
2010-12-09,93.68287658691406,47.27334213256836,62.016326904296875,60.097713470458984,135.3699951171875,35.66378402709961,33.00624465942383,28.82976531982422,19.376041412353516,10.1968994140625
2010-12-10,94.22789764404297,47.587738037109375,62.7916259765625,59.73221206665039,135.41000366210938,35.744407653808594,33.155696868896484,29.017988204956055,19.455745697021484,10.245711326599121
2010-12-13,94.28845977783203,47.42179489135742,62.46860885620117,59.956668853759766,136.0500030517578,36.12895202636719,33.36918258666992,29.06639289855957,19.621078491210938,10.225373268127441
2010-12-14,94.3717041015625,47.50912857055664,62.4362907409668,59.08452224731445,136.17999267578125,36.18476867675781,33.419002532958984,28.7813720703125,19.529558181762695,10.241641998291016
2010-12-15,93.94024658203125,47.29953384399414,62.24248123168945,58.315040588378906,134.6999969482422,35.707191467285156,32.87813949584961,28.507104873657227,19.423276901245117,10.200968742370605
2010-12-16,94.48528289794922,47.666324615478516,62.81586456298828,58.719032287597656,133.80999755859375,35.90566635131836,32.970664978027344,28.55549430847168,19.532514572143555,10.21723461151123
2010-12-17,94.58647918701172,47.70832824707031,63.00967788696289,59.78993225097656,134.1999969482422,35.707191467285156,33.02049255371094,28.792116165161133,19.539331436157227,10.237648010253906
2010-12-20,94.81478118896484,47.74335861206055,63.26005172729492,59.725791931152344,135.11000061035156,35.78782272338867,32.871028900146484,29.136301040649414,19.666837692260742,10.245807647705078
2010-12-21,95.4159164428711,48.03208923339844,63.962650299072266,60.14260482788086,135.32000732421875,36.08707809448242,33.35085678100586,29.44283676147461,19.865528106689453,10.307042121887207
2010-12-22,95.7126693725586,48.02336502075195,63.94397735595703,59.712955474853516,135.0500030517578,36.15596008300781,33.46561813354492,29.66868019104004,19.933734893798828,10.29479694366455
2010-12-23,95.57569885253906,47.90083694458008,63.86290740966797,59.59112548828125,134.66000366210938,36.13716125488281,33.429744720458984,29.53424644470215,19.99007797241211,10.290715217590332
2010-12-27,95.61378479003906,47.92709732055664,64.05758666992188,60.123287200927734,135.02000427246094,36.062042236328125,33.32215881347656,29.901208877563477,19.918907165527344,10.311118125915527
2010-12-28,95.7507553100586,47.83959197998047,63.879093170166016,58.94581604003906,137.22000122070312,36.093353271484375,33.35085678100586,30.02081871032715,19.993040084838867,10.298876762390137
2010-12-29,95.8192138671875,47.94459915161133,64.01704406738281,59.943206787109375,137.7100067138672,36.406394958496094,33.77783203125,30.08060646057129,20.191730499267578,10.31928539276123
2010-12-30,95.66704559326172,47.830841064453125,63.89535140991211,59.8982048034668,137.02999877929688,36.2310791015625,33.95005798339844,30.162160873413086,20.209522247314453,10.29479694366455
2010-12-31,95.68988037109375,47.655845642089844,63.47348403930664,60.56086730957031,138.72000122070312,36.45021057128906,34.18687057495117,30.102367401123047,20.239171981811523,10.282548904418945
2011-01-03,96.67911529541016,48.39963912963867,64.5767822265625,60.10403823852539,138.0,36.7507209777832,34.5169677734375,30.662334442138672,20.39041519165039,10.396845817565918
2011-01-04,96.62583923339844,48.36463165283203,63.61949920654297,60.174800872802734,134.75,36.63802719116211,34.67483901977539,30.075176239013672,20.215457916259766,10.437664985656738
2011-01-05,97.12806701660156,48.77591323852539,64.36587524414062,58.849327087402344,134.3699951171875,36.48152160644531,34.58873748779297,30.18391227722168,20.295522689819336,10.498894691467285
2011-01-06,96.93782806396484,48.93342208862305,64.0656967163086,59.106746673583984,133.8300018310547,36.062042236328125,34.22274398803711,29.901208877563477,20.102767944335938,10.560124397277832
2011-01-07,96.7475814819336,48.889671325683594,63.70062255859375,59.42197036743164,133.5800018310547,35.91804122924805,33.90700149536133,29.912076950073242,20.248062133789062,10.51113510131836
2011-01-10,96.62583923339844,49.07344055175781,64.0656967163086,59.74369812011719,134.1199951171875,35.85543441772461,33.55537796020508,29.90663719177246,20.168004989624023,10.519302368164062
2011-01-11,96.96824645996094,49.1434326171875,64.32535552978516,59.40915298461914,134.91000366210938,36.099605560302734,33.91417694091797,29.841407775878906,20.50309181213379,10.502974510192871
2011-01-12,97.84337615966797,49.493473052978516,64.87696838378906,58.94581604003906,135.4600067138672,36.89472579956055,34.59590530395508,29.966459274291992,20.78481674194336,10.596860885620117
2011-01-13,97.68355560302734,49.510963439941406,64.85261535644531,59.473514556884766,134.0500030517578,36.994895935058594,34.29451370239258,30.06431770324707,20.725509643554688,10.588693618774414
2011-01-14,98.39122772216797,49.87847900390625,65.33939361572266,59.09383773803711,132.69000244140625,37.22028350830078,34.39496612548828,30.265464782714844,20.950883865356445,10.682583808898926
2011-01-18,98.55865478515625,50.01850128173828,65.38804626464844,58.81714630126953,133.42999267578125,37.46446228027344,34.34473419189453,30.526432037353516,21.08136558532715,10.694830894470215
2011-01-19,97.59225463867188,49.44970703125,63.70876693725586,59.24184036254883,133.72000122070312,37.207767486572266,34.0792236328125,30.124113082885742,20.826332092285156,10.61727237701416
2011-01-20,97.46288299560547,49.09968566894531,63.04351043701172,58.42470169067383,131.1999969482422,36.88846206665039,33.70607376098633,30.129554748535156,20.67806053161621,10.560124397277832
2011-01-21,97.68355560302734,48.72340774536133,62.62166976928711,58.8879508972168,131.02999877929688,37.088809967041016,33.35444259643555,30.15129280090332,20.78778076171875,10.498894691467285
2011-01-24,98.23907470703125,49.397212982177734,63.08408737182617,58.91368103027344,130.36000061035156,37.483245849609375,33.61278533935547,30.30350112915039,20.864883422851562,10.645845413208008
2011-01-25,98.29232025146484,49.46721267700195,63.18142318725586,59.473514556884766,130.10000610351562,37.40811538696289,33.411861419677734,30.656892776489258,20.80557632446289,10.694830894470215
2011-01-26,98.67280578613281,49.729740142822266,64.18741607666016,58.57265090942383,131.16000366210938,37.64601516723633,33.70607376098633,30.705827713012695,21.303768157958984,10.756060600280762
2011-01-27,98.91630554199219,50.036006927490234,64.37398529052734,58.836463928222656,127.93000030517578,37.733665466308594,33.591251373291016,31.18967628479004,21.179222106933594,10.79279899597168
2011-01-28,97.18893432617188,48.76716613769531,62.800113677978516,59.14528274536133,130.27999877929688,36.89472579956055,32.5291862487793,30.673206329345703,21.087295532226562,10.543792724609375
2011-01-31,97.91946411132812,49.0034294128418,63.23820495605469,58.69491195678711,129.8699951171875,37.21402359008789,32.873653411865234,31.08094596862793,21.692245483398438,10.609108924865723
2011-02-01,99.48701477050781,49.922245025634766,64.69845581054688,58.404361724853516,130.8000030517578,38.096797943115234,33.67019271850586,31.15707778930664,22.045129776000977,10.788715362548828
2011-02-02,99.29679870605469,49.843482971191406,64.45512390136719,58.41725540161133,130.4499969482422,38.065486907958984,33.419029235839844,31.15707778930664,22.027341842651367,10.809124946594238
2011-02-03,99.51744842529297,49.93100357055664,64.68226623535156,57.93296432495117,132.1999969482422,38.071754455566406,33.375980377197266,31.244041442871094,22.03920555114746,10.82545280456543
2011-02-04,99.79901885986328,50.21100616455078,64.79586029052734,57.34537124633789,131.66000366210938,38.05923080444336,33.368797302246094,31.015716552734375,21.98285675048828,10.89484977722168
2011-02-07,100.42304229736328,50.447288513183594,65.43675994873047,57.642364501953125,131.67999267578125,38.17818832397461,33.411861419677734,31.320167541503906,22.11037254333496,10.94791316986084
2011-02-08,100.87954711914062,50.779808044433594,65.89920043945312,57.112892150878906,133.13999938964844,38.42862319946289,33.426204681396484,31.45606803894043,22.036226272583008,10.992813110351562
2011-02-09,100.65129852294922,50.69229507446289,65.60710906982422,57.61009979248047,133.07000732421875,38.31592559814453,32.65837097167969,31.477811813354492,21.757482528686523,10.972403526306152
2011-02-10,100.6893310546875,50.771053314208984,65.86670684814453,56.945045471191406,132.85000610351562,38.065486907958984,32.34980010986328,31.608308792114258,21.979890823364258,10.923418998718262
2011-02-11,101.29043579101562,51.138572692871094,66.58065032958984,57.765098571777344,132.32000732421875,38.084285736083984,32.74448013305664,31.814897537231445,21.976932525634766,10.980568885803223
2011-02-14,101.53399658203125,51.26109313964844,66.92135620117188,57.80378341674805,132.9499969482422,38.159400939941406,32.57943344116211,31.8203182220459,22.46029281616211,10.99689769744873
2011-02-15,101.2143783569336,51.19108200073242,66.54006958007812,58.06208419799805,133.97000122070312,38.04670715332031,32.64400863647461,31.700721740722656,22.22602653503418,10.956077575683594
2011-02-16,101.85360717773438,51.52360153198242,67.07550048828125,57.87486267089844,134.10000610351562,38.503746032714844,32.91669845581055,31.771398544311523,22.52257537841797,11.017305374145508
2011-02-17,102.157958984375,51.506099700927734,67.54605865478516,57.965274810791016,135.0399932861328,38.63523483276367,33.031524658203125,31.804018020629883,22.744976043701172,11.037718772888184
2011-02-18,102.37102508544922,51.39235305786133,67.61904907226562,57.7844123840332,135.41000366210938,38.766693115234375,33.23245620727539,31.92906379699707,22.83987045288086,11.021391868591309
2011-02-22,100.31645202636719,49.904727935791016,65.88292694091797,58.649723052978516,136.2899932861328,37.658538818359375,32.170372009277344,31.651796340942383,22.617464065551758,10.75197982788086
2011-02-23,99.70011138916016,49.493473052978516,64.74717712402344,58.86283493041992,137.50999450683594,37.70862579345703,32.1990966796875,31.385385513305664,23.077104568481445,10.625436782836914
2011-02-24,99.63160705566406,49.7559928894043,65.16089630126953,59.237266540527344,136.47999572753906,37.73993682861328,32.27803039550781,31.146188735961914,22.75090789794922,10.662177085876465
2011-02-25,100.69692993164062,50.447288513183594,66.66988372802734,59.585994720458984,137.3800048828125,38.190711975097656,32.66553497314453,31.755090713500977,23.112699508666992,10.796882629394531
2011-02-28,101.32091522216797,50.552284240722656,66.74286651611328,59.663448333740234,137.66000366210938,38.53504943847656,32.85930633544922,32.54339599609375,23.290618896484375,10.841781616210938
2011-03-01,99.63160705566406,49.73848342895508,65.40426635742188,59.8364372253418,140.02999877929688,37.996620178222656,32.522029876708984,31.57567596435547,22.854700088500977,10.633599281311035
2011-03-02,99.84466552734375,50.00099182128906,65.68013000488281,58.91656494140625,139.9199981689453,38.19696044921875,32.96692657470703,31.28754425048828,22.98517417907715,10.698907852172852
2011-03-03,101.56440734863281,50.989810943603516,67.17286682128906,58.340030670166016,138.08999633789062,38.6853141784668,33.61995315551758,31.738773345947266,23.379589080810547,10.870354652404785
2011-03-04,100.80348205566406,50.7272834777832,66.88078308105469,58.825897216796875,139.35000610351562,38.3347053527832,33.65583419799805,31.43433380126953,23.23131561279297,10.784636497497559
2011-03-07,100.01210021972656,50.04475021362305,65.78558349609375,58.450157165527344,139.72000122070312,37.96531295776367,33.182220458984375,31.20599365234375,23.068208694458008,10.645845413208008
2011-03-08,100.88720703125,50.24601364135742,66.85648345947266,58.09391403198242,139.36000061035156,38.084285736083984,33.62714385986328,31.6463565826416,22.878421783447266,10.735649108886719
2011-03-09,100.74259185791016,49.904727935791016,66.58872985839844,58.65746307373047,139.41000366210938,38.096797943115234,33.691715240478516,31.613739013671875,22.721254348754883,10.69074821472168
2011-03-10,98.87828063964844,49.125946044921875,64.87696838378906,59.6421012878418,137.77000427246094,37.15141677856445,32.69424057006836,31.1298828125,21.893884658813477,10.49073314666748
2011-03-11,99.5631103515625,49.432212829589844,65.0473403930664,59.30525588989258,138.22000122070312,37.15141677856445,33.031524658203125,31.445205688476562,22.273473739624023,10.531551361083984
2011-03-14,98.96198272705078,49.25719451904297,64.69845581054688,59.279327392578125,138.86000061035156,36.48777389526367,33.22526931762695,31.1298828125,22.39505386352539,10.482564926147461
2011-03-15,97.82816314697266,48.5571403503418,64.12248229980469,60.16683578491211,136.27000427246094,35.72396469116211,32.67271041870117,30.966781616210938,22.22602653503418,10.327445030212402
2011-03-16,96.01708221435547,47.384578704833984,63.48158645629883,60.846988677978516,136.24000549316406,34.61579895019531,32.005340576171875,30.510107040405273,21.870166778564453,10.07436752319336
2011-03-17,97.28787231445312,47.82210159301758,63.61949920654297,60.38059616088867,136.97000122070312,35.76778030395508,32.40003204345703,30.743894577026367,22.53740119934082,10.180498123168945
2011-03-18,97.6417007446289,47.71432113647461,64.46321105957031,60.542545318603516,138.3699951171875,36.26239013671875,32.45744323730469,31.053770065307617,22.43177604675293,10.198518753051758
2011-03-21,99.15496063232422,48.63442611694336,65.95597076416016,60.18626022338867,139.13999938964844,37.15767288208008,33.08176040649414,31.39083480834961,23.11314582824707,10.370542526245117
2011-03-22,98.81102752685547,48.546791076660156,65.60710906982422,60.38703918457031,139.0500030517578,37.05124282836914,33.182220458984375,31.18967628479004,23.062559127807617,10.354155540466309
2011-03-23,99.09382629394531,48.818450927734375,65.80992126464844,60.3093376159668,140.33999633789062,37.095069885253906,33.61995315551758,30.847177505493164,23.1220703125,10.411503791809082
2011-03-24,100.04147338867188,49.68598937988281,66.2643814086914,59.85588455200195,139.22000122070312,37.58967590332031,34.007469177246094,30.97764778137207,23.205379486083984,10.575335502624512
2011-03-25,100.34720611572266,49.808658599853516,66.84158325195312,59.7069091796875,139.25999450683594,37.17646026611328,33.971580505371094,31.219696044921875,23.413658142089844,10.599906921386719
2011-03-28,100.10262298583984,49.53701400756836,66.69525909423828,59.791053771972656,138.5399932861328,37.15767288208008,33.79936981201172,31.181365966796875,23.35712432861328,10.575335502624512
2011-03-29,100.77517700195312,50.01896667480469,67.32123565673828,59.33116912841797,138.2100067138672,37.35176086425781,34.18687057495117,31.30731773376465,23.64277458190918,10.649056434631348
2011-03-30,101.47067260742188,50.255584716796875,68.19110107421875,59.80406188964844,138.6699981689453,37.79627990722656,34.62460708618164,31.7618465423584,23.80642318725586,10.694108009338379
2011-03-31,101.33307647705078,50.32567596435547,68.42684936523438,59.68095016479492,139.86000061035156,37.614715576171875,34.92600631713867,32.019229888916016,23.72905731201172,10.673632621765137
2011-04-01,101.76107788085938,50.35197448730469,68.72765350341797,59.97109603881836,139.1999969482422,37.97157669067383,35.48574447631836,32.068504333496094,23.80046844482422,10.65315055847168
2011-04-04,101.84514617919922,50.18547439575195,68.88211059570312,60.03614807128906,139.83999633789062,38.021663665771484,35.787132263183594,32.04661560058594,23.815349578857422,10.616290092468262
2011-04-05,101.8298568725586,50.05403518676758,69.25607299804688,59.795448303222656,142.0500030517578,37.927764892578125,35.71536636352539,32.0794563293457,23.886760711669922,10.599906921386719
2011-04-06,102.15084075927734,50.17670822143555,69.41053009033203,58.89774703979492,142.3800048828125,38.24079895019531,35.90913009643555,32.09589385986328,23.63681983947754,10.677726745605469
2011-04-07,101.8909912109375,50.14165115356445,68.99591064453125,58.78065490722656,142.50999450683594,38.05296325683594,35.87324142456055,31.739944458007812,23.63681983947754,10.6818265914917
2011-04-08,101.5394287109375,49.90504837036133,68.27239990234375,58.468421936035156,143.66000366210938,38.365997314453125,35.90913009643555,31.50994110107422,23.720129013061523,10.620382308959961
2011-04-11,101.2337646484375,49.73857498168945,67.66267395019531,58.520442962646484,142.63999938964844,38.29088592529297,35.48574447631836,31.531850814819336,23.252994537353516,10.604002952575684
2011-04-12,100.4771499633789,49.39679718017578,66.77654266357422,59.15142822265625,141.61000061035156,37.934017181396484,34.81837844848633,31.477083206176758,22.532930374145508,10.517990112304688
2011-04-13,100.4694595336914,49.81742477416992,66.86597442626953,59.522247314453125,141.89999389648438,38.04670715332031,35.10541915893555,31.427791595458984,22.62516975402832,10.583525657653809
2011-04-14,100.54586791992188,49.729793548583984,67.17487335205078,59.47667694091797,143.80999755859375,38.21574401855469,35.213050842285156,31.882314682006836,22.779891967773438,10.563044548034668
2011-04-15,100.91275787353516,49.64216232299805,67.89028930664062,60.28334045410156,145.0500030517578,38.159400939941406,35.256107330322266,32.29303741455078,22.967350006103516,10.542567253112793
2011-04-18,99.78164672851562,49.2916374206543,66.76842498779297,60.41997528076172,145.92999267578125,37.376808166503906,34.373443603515625,32.00279235839844,22.62516975402832,10.4483642578125
2011-04-19,100.35484313964844,49.59833526611328,66.78466796875,60.6801643371582,145.92999267578125,37.65227508544922,34.86860275268555,32.254703521728516,22.854280471801758,10.477032661437988
2011-04-20,101.72286987304688,50.72001647949219,68.15044403076172,60.28986740112305,146.5,38.61017608642578,35.693851470947266,32.63256072998047,23.39283561706543,10.69820785522461
2011-04-21,102.24254608154297,51.123104095458984,68.65447235107422,60.237789154052734,146.74000549316406,38.86060333251953,36.00960159301758,32.85159683227539,23.499942779541016,10.792407035827637
2011-04-25,102.13552856445312,51.254539489746094,68.5650634765625,60.46546173095703,146.8699951171875,38.86060333251953,35.71536636352539,33.07065963745117,23.377962112426758,10.800601959228516
2011-04-26,103.01445770263672,51.543739318847656,69.24791717529297,61.050960540771484,146.3800048828125,39.1611213684082,36.023956298828125,33.36088180541992,23.610042572021484,10.890707969665527
2011-04-27,103.6870346069336,51.89423370361328,69.66252136230469,60.42650604248047,149.1999969482422,39.64946365356445,35.95936584472656,33.60731506347656,23.59813117980957,10.9562406539917
2011-04-28,104.02326202392578,51.81538009643555,69.97962188720703,60.88834762573242,149.82000732421875,39.918678283691406,35.66514587402344,34.05636215209961,23.59516716003418,10.960335731506348
2011-04-29,104.2678451538086,51.77156066894531,70.23160552978516,61.07698440551758,152.3699951171875,39.730857849121094,35.88042068481445,33.859222412109375,23.94626235961914,10.952146530151367
2011-05-02,104.10736083984375,51.67517852783203,69.41053009033203,61.174964904785156,150.41000366210938,39.987548828125,35.887611389160156,33.90849304199219,23.627891540527344,10.911188125610352
2011-05-03,103.73284912109375,51.42981719970703,68.53250885009766,61.52123260498047,149.8800048828125,39.6619873046875,35.091060638427734,33.6182746887207,23.035770416259766,10.91528034210205
2011-05-04,103.04503631591797,51.3509407043457,67.64639282226562,61.79560470581055,147.72999572753906,39.323909759521484,34.50979232788086,33.42660140991211,22.628143310546875,10.882515907287598
2011-05-05,102.11263275146484,51.07052993774414,67.3375015258789,62.3835563659668,143.47000122070312,38.547576904296875,34.179683685302734,33.40468978881836,22.158029556274414,10.825174331665039
2011-05-06,102.56355285644531,51.23701858520508,67.6951675415039,62.10917663574219,145.3000030517578,38.56634521484375,34.62460708618164,33.108985900878906,22.256221771240234,10.84565544128418
2011-05-09,102.96098327636719,51.42981719970703,68.48375701904297,62.043853759765625,147.3800048828125,38.841835021972656,34.689205169677734,33.27874755859375,22.645992279052734,10.890707969665527
2011-05-10,103.83985137939453,51.867958068847656,69.53247833251953,61.599609375,147.89999389648438,39.21120834350586,35.09822082519531,33.80446243286133,22.75312042236328,10.989006996154785
2011-05-11,102.74697875976562,51.49114227294922,68.24800109863281,61.952423095703125,146.5399932861328,38.42235565185547,34.323211669921875,33.448516845703125,22.095539093017578,10.890707969665527
2011-05-12,103.236083984375,51.797855377197266,68.84957885742188,61.56038284301758,146.58999633789062,38.547576904296875,34.423683166503906,33.50326919555664,22.06281089782715,10.972622871398926
2011-05-13,102.4412612915039,51.184444427490234,67.89028930664062,62.115726470947266,145.6300048828125,37.94654083251953,33.67019271850586,33.14732360839844,21.95570182800293,10.8374662399292
2011-05-16,101.7916488647461,50.29938507080078,66.89846801757812,62.46199035644531,145.3699951171875,37.87767028808594,33.61995315551758,33.19659423828125,21.78907585144043,10.6818265914917
2011-05-17,101.7763671875,50.4395866394043,66.68708801269531,63.102195739746094,144.74000549316406,37.95906066894531,33.72760772705078,33.18565368652344,21.78907585144043,10.6818265914917
2011-05-18,102.68582153320312,50.8602294921875,67.71146392822266,62.26598358154297,145.60000610351562,38.190711975097656,34.27298355102539,33.50874710083008,22.22943878173828,10.759645462036133
2011-05-19,102.93041229248047,51.00918960571289,67.85777282714844,62.23984909057617,145.64999389648438,38.40982437133789,34.05052185058594,33.6511344909668,22.2324161529541,10.780120849609375
2011-05-20,102.11263275146484,50.62360763549805,67.3618392944336,62.27248764038086,147.49000549316406,37.865150451660156,33.77783203125,33.240413665771484,22.20563316345215,10.718682289123535
2011-05-23,100.92802429199219,49.87877655029297,66.15057373046875,62.57305145263672,147.8300018310547,36.98863983154297,33.0745735168457,32.9008903503418,21.860490798950195,10.567139625549316
2011-05-24,100.84394836425781,49.57206344604492,65.83348846435547,62.80817794799805,148.58999633789062,37.20149612426758,33.40467071533203,32.999446868896484,22.169923782348633,10.534379005432129
2011-05-25,101.18024444580078,49.764862060546875,66.6627426147461,62.514244079589844,148.5800018310547,37.43941116333008,33.47643280029297,33.152801513671875,22.544836044311523,10.567139625549316
2011-05-26,101.64640045166016,50.07154846191406,67.54073333740234,63.04997634887695,148.22000122070312,37.7900276184082,33.90700149536133,33.59635543823242,22.657901763916016,10.636770248413086
2011-05-27,102.03621673583984,50.32567596435547,68.00411224365234,63.02378845214844,149.6999969482422,38.065486907958984,34.265811920166016,33.78804397583008,22.714435577392578,10.690017700195312
2011-05-31,103.09851837158203,51.14064025878906,68.97151184082031,63.16752624511719,149.63999938964844,38.85435104370117,34.82552719116211,34.324703216552734,22.943544387817383,10.8374662399292
2011-06-01,100.78282165527344,50.02773666381836,66.7521743774414,64.02117919921875,149.91000366210938,37.934017181396484,34.20121765136719,33.3389892578125,22.39606475830078,10.61219596862793
2011-06-02,100.67582702636719,50.13289260864258,66.72775268554688,62.801692962646484,149.5,38.12809753417969,34.524147033691406,33.09803009033203,22.387134552001953,10.620382308959961
2011-06-03,99.6746597290039,49.379276275634766,65.7522201538086,63.16225814819336,150.22000122070312,38.14687728881836,34.35192108154297,33.22946548461914,22.393089294433594,10.460652351379395
2011-06-06,98.61996459960938,48.976192474365234,64.67097473144531,62.68361282348633,150.47999572753906,37.65227508544922,33.79936981201172,32.742088317871094,21.88726234436035,10.382830619812012
2011-06-07,98.558837890625,48.888553619384766,64.82542419433594,62.972129821777344,150.4199981689453,37.996620178222656,34.064884185791016,33.08708572387695,21.88726234436035,10.350064277648926
2011-06-08,98.14616394042969,48.53802490234375,64.10188293457031,63.46385955810547,149.80999755859375,37.508277893066406,33.82088851928711,32.99398422241211,21.952722549438477,10.280435562133789
2011-06-09,98.89507293701172,48.625667572021484,64.44332122802734,63.20820617675781,150.55999755859375,37.896446228027344,34.086402893066406,32.638038635253906,22.250263214111328,10.288625717163086
2011-06-10,97.51944732666016,47.88080596923828,63.41088104248047,63.69340896606445,149.24000549316406,37.01994705200195,33.347267150878906,31.816591262817383,21.818836212158203,10.145275115966797
2011-06-13,97.59587097167969,47.88080596923828,63.23204803466797,63.372100830078125,147.77000427246094,37.076297760009766,33.289852142333984,31.948036193847656,21.473676681518555,10.15346908569336
2011-06-14,98.83395385742188,48.494205474853516,64.58966827392578,62.414791107177734,148.6699981689453,37.733665466308594,33.79219055175781,32.42445373535156,21.931894302368164,10.280435562133789
2011-06-15,97.07616424560547,47.5741081237793,63.435279846191406,63.549156188964844,149.1199951171875,36.494041442871094,33.06739807128906,31.90423583984375,21.429044723510742,10.087930679321289
2011-06-16,97.2901611328125,47.39008331298828,63.58160400390625,63.8376579284668,148.97000122070312,36.36882400512695,32.81624984741211,32.15613555908203,21.461769104003906,10.063358306884766
2011-06-17,97.58050537109375,47.24166488647461,63.597877502441406,63.53603744506836,149.94000244140625,36.72568893432617,32.85930633544922,32.46280288696289,21.406532287597656,10.05431079864502
2011-06-20,98.0797119140625,47.487571716308594,64.18321228027344,63.61469268798828,150.02999877929688,36.68186569213867,32.809059143066406,32.857078552246094,21.46626091003418,10.091318130493164
2011-06-21,99.42378997802734,48.50635528564453,65.57334899902344,63.332759857177734,150.75999450683594,37.47698211669922,33.411861419677734,33.11445617675781,21.893310546875,10.272257804870605
2011-06-22,98.82472229003906,48.15505599975586,65.0693130493164,63.372100830078125,150.99000549316406,37.11381912231445,33.07917022705078,33.01589584350586,21.830595016479492,10.198234558105469
2011-06-23,98.54054260253906,48.60295867919922,65.32131958007812,63.85734176635742,148.33999633789062,36.794700622558594,33.03569412231445,32.347801208496094,21.591684341430664,10.268146514892578
2011-06-24,97.3961181640625,47.75982666015625,64.9880599975586,63.58848571777344,146.25999450683594,36.443660736083984,32.97771072387695,32.35275650024414,21.18254852294922,10.091318130493164
2011-06-27,98.26406860351562,48.5239143371582,65.49207305908203,62.716400146484375,145.72999572753906,36.74363708496094,33.36185073852539,32.4908332824707,21.296030044555664,10.22702693939209
2011-06-28,99.54669189453125,49.244083404541016,66.50823974609375,62.21157455444336,146.24000549316406,37.184024810791016,33.81846237182617,32.76146697998047,21.91720199584961,10.354501724243164
2011-06-29,100.39923095703125,49.44608688354492,66.82530975341797,61.798458099365234,147.17999267578125,37.83503723144531,34.13011932373047,33.10386276245117,22.17403793334961,10.436742782592773
2011-06-30,101.3592758178711,50.10478973388672,67.31309509277344,61.70006561279297,146.0,38.38391876220703,34.499755859375,33.192230224609375,22.502532958984375,10.56833553314209
2011-07-01,102.8569564819336,50.8600959777832,68.36183166503906,61.60144805908203,144.92999267578125,38.80516815185547,34.9056282043457,33.76108932495117,22.714574813842773,10.741047859191895
2011-07-05,102.77249145507812,51.11478805541992,68.52651977539062,61.73958969116211,147.6300048828125,38.57539749145508,34.89112854003906,34.02066421508789,22.854930877685547,10.75749683380127
2011-07-06,102.89537048339844,51.28166580200195,68.80376434326172,62.05538558959961,148.91000366210938,38.33286666870117,34.65921401977539,34.27471923828125,22.813121795654297,10.806841850280762
2011-07-07,103.96299743652344,51.98426055908203,69.8393325805664,61.87117385864258,149.14999389648438,38.66474151611328,35.13756561279297,34.705501556396484,23.15656280517578,10.938432693481445
2011-07-08,103.22562408447266,51.84375,69.41533660888672,62.74619674682617,150.25,38.186073303222656,34.73892593383789,34.661312103271484,22.962448120117188,10.884973526000977
2011-07-11,101.3592758178711,50.904014587402344,67.9394302368164,63.687042236328125,151.58999633789062,37.03083801269531,33.767730712890625,34.059322357177734,22.418912887573242,10.704038619995117
2011-07-12,100.92146301269531,50.5175666809082,67.5561752319336,63.90407943725586,152.77000427246094,36.78193283081055,33.42708206176758,34.17531204223633,22.33530044555664,10.609457015991211
2011-07-13,101.25944519042969,50.728363037109375,68.15959930419922,64.08184051513672,154.13999938964844,37.33081817626953,33.97066116333008,33.838409423828125,22.502532958984375,10.63413143157959
2011-07-14,100.56049346923828,50.13993453979492,67.07511901855469,63.167240142822266,154.5399932861328,37.00531005859375,33.6082649230957,33.52360916137695,22.353225708007812,10.54366397857666
2011-07-15,101.14424896240234,50.80740737915039,67.5235824584961,63.27255630493164,155.1999969482422,37.13295364379883,33.81846237182617,33.89363479614258,22.953481674194336,10.658802032470703
2011-07-18,100.3147201538086,50.53512954711914,66.43909454345703,62.66069793701172,156.57000732421875,36.58407974243164,33.42708206176758,33.656166076660156,22.875835418701172,10.621795654296875
2011-07-19,101.94300842285156,51.68566131591797,67.9394302368164,63.963340759277344,154.66000366210938,37.13295364379883,33.912681579589844,34.19738006591797,23.2939395904541,10.876751899719238
2011-07-20,101.88153076171875,51.46611785888672,67.82528686523438,63.206748962402344,156.02000427246094,37.57335662841797,34.01414489746094,34.4459228515625,23.23421287536621,10.843854904174805
2011-07-21,103.29476928710938,51.808616638183594,68.44498443603516,62.719886779785156,154.8300018310547,38.37115478515625,34.5577392578125,34.72205352783203,23.691131591796875,10.893196105957031
2011-07-22,103.3638916015625,52.34436798095703,68.53468322753906,63.19356155395508,156.1199951171875,38.40945816040039,34.53599548339844,34.89326095581055,23.810579299926758,10.987781524658203
2011-07-25,102.78787994384766,52.238956451416016,67.72740936279297,62.50285339355469,157.33999633789062,38.16691207885742,34.46352005004883,34.567420959472656,23.715017318725586,10.958990097045898
2011-07-26,102.4038314819336,52.37071228027344,67.2137451171875,62.93043518066406,157.77000427246094,38.39669418334961,34.57948303222656,34.64473342895508,23.60153579711914,11.008342742919922
2011-07-27,100.30704498291016,51.0181770324707,65.20783996582031,62.93697738647461,157.19000244140625,37.464847564697266,33.97066116333008,33.6727180480957,23.15656280517578,10.716375350952148
2011-07-28,100.01519012451172,51.10600280761719,65.10181427001953,63.173851013183594,157.32000732421875,37.37549591064453,33.99964904785156,33.70586013793945,23.060991287231445,10.699928283691406
2011-07-29,99.33161163330078,50.939151763916016,65.02027130126953,64.42385864257812,158.2899932861328,37.471229553222656,34.14460372924805,33.71138000488281,22.831050872802734,10.61357307434082
2011-08-01,98.9092025756836,50.7020149230957,64.59627532958984,65.07410430908203,157.72000122070312,36.99894332885742,34.11561584472656,33.20328140258789,22.798198699951172,10.60534381866455
2011-08-02,96.3823471069336,49.41975021362305,62.582244873046875,67.0280532836914,161.52000427246094,36.02242660522461,33.0646858215332,32.142906188964844,22.16208839416504,10.383289337158203
2011-08-03,96.90460205078125,49.894004821777344,62.99810791015625,67.16010284423828,161.49000549316406,36.2330436706543,32.9487190246582,31.877790451049805,22.036663055419922,10.490205764770508
2011-08-04,92.36542510986328,47.57539367675781,59.198307037353516,69.54964447021484,160.63999938964844,33.705604553222656,31.064273834228516,30.320363998413086,20.52553939819336,10.066649436950684
2011-08-05,92.22718811035156,47.27679443359375,58.16273880004883,67.54293823242188,161.75,34.29916763305664,30.86134147644043,29.563732147216797,20.32843589782715,10.004963874816895
2011-08-08,86.22105407714844,44.43123245239258,53.099098205566406,69.67509460449219,167.1199951171875,31.739824295043945,28.28835105895996,26.995620727539062,18.59931182861328,9.44158935546875
2011-08-09,90.23027038574219,46.574188232421875,56.637935638427734,69.88636779785156,168.61000061035156,33.87792205810547,29.94810676574707,29.453277587890625,19.546001434326172,9.87337589263916
2011-08-10,86.24407958984375,44.66836166381836,53.86556625366211,71.96571350097656,174.5800018310547,31.854698181152344,28.3608341217041,28.77397346496582,18.871078491210938,9.48682975769043
2011-08-11,90.11505889892578,46.635650634765625,56.5563850402832,68.3350601196289,170.75,33.38009262084961,29.92636489868164,30.265138626098633,19.850616455078125,9.848701477050781
2011-08-12,90.72181701660156,47.0484619140625,56.90701675415039,69.68836975097656,169.97000122070312,33.76304244995117,29.91187286376953,30.259613037109375,19.996944427490234,9.918607711791992
2011-08-15,92.64193725585938,47.74226760864258,58.513370513916016,68.98198699951172,171.8000030517578,34.54808044433594,30.607662200927734,31.364177703857422,20.671878814697266,10.095433235168457
2011-08-16,91.85086822509766,47.3382682800293,57.437034606933594,70.12403869628906,173.9199981689453,34.04387664794922,30.34674072265625,31.27027702331543,20.32843589782715,10.02141284942627
2011-08-17,91.91227722167969,47.05721664428711,57.45336151123047,71.35183715820312,174.4199981689453,34.24174118041992,30.56416893005371,31.358652114868164,20.40907096862793,9.976178169250488
2011-08-18,87.94918060302734,44.74739456176758,54.183563232421875,72.81727600097656,177.72000122070312,32.57590866088867,29.121850967407227,29.961381912231445,19.22645378112793,9.490939140319824
2011-08-19,86.51290893554688,43.93939208984375,53.22956466674805,73.40473175048828,179.9499969482422,32.02063751220703,28.759462356567383,29.386995315551758,18.886009216308594,9.26065731048584
2011-08-22,86.58203125,44.097496032714844,53.04199981689453,73.21994018554688,184.58999633789062,32.22488784790039,28.730470657348633,29.420137405395508,18.733705520629883,9.310004234313965
2011-08-23,89.43151092529297,45.91550827026367,55.60238265991211,72.20994567871094,177.6699981689453,33.2715950012207,29.7379207611084,30.14363670349121,19.5788516998291,9.65131664276123
2011-08-24,90.69110107421875,46.27555847167969,56.425926208496094,70.15704345703125,171.64999389648438,33.284366607666016,29.447994232177734,30.54128074645996,19.69532012939453,9.737674713134766
2011-08-25,89.30859375,45.520263671875,55.039730072021484,70.91615295410156,172.36000061035156,32.48017120361328,28.87542724609375,29.972423553466797,19.28020477294922,9.597858428955078
2011-08-26,90.6065902709961,46.6619987487793,56.3525390625,71.6158447265625,177.47000122070312,32.99076843261719,29.3682804107666,30.336942672729492,19.65351104736328,9.787019729614258
2011-08-29,93.21029663085938,47.961814880371094,59.018917083740234,70.62567901611328,173.88999938964844,33.77581024169922,30.31775665283203,31.375219345092773,20.22690200805664,10.0337495803833
2011-08-30,93.4560775756836,48.27800750732422,59.361392974853516,71.76106262207031,179.10000610351562,33.57795333862305,30.36123275756836,31.46358871459961,20.346355438232422,10.074873924255371
2011-08-31,93.87081146240234,48.3570556640625,59.239070892333984,70.652099609375,177.72000122070312,34.19066619873047,30.984548568725586,31.81705665588379,20.49866485595703,10.050200462341309
2011-09-01,92.88772583007812,47.91791534423828,57.967044830322266,72.14976501464844,177.8699951171875,33.769432067871094,30.817848205566406,31.358652114868164,20.34337043762207,9.939169883728027
2011-09-02,90.51444244384766,46.79375076293945,55.82252502441406,74.49365997314453,183.24000549316406,33.01629638671875,30.122055053710938,30.618602752685547,19.775955200195312,9.71300220489502
2011-09-06,89.8539047241211,46.80253982543945,55.6675910949707,75.26824951171875,182.89999389648438,31.931289672851562,29.81039810180664,30.486042022705078,19.560935974121094,9.66776180267334
2011-09-07,92.38850402832031,47.98816680908203,57.77134323120117,73.8315200805664,177.0800018310547,32.88226318359375,30.694644927978516,31.634796142578125,20.277666091918945,9.918607711791992
2011-09-08,91.42839813232422,47.76863098144531,56.7113037109375,74.49365997314453,181.80999755859375,32.23126220703125,30.013341903686523,31.39179229736328,20.041748046875,9.869261741638184
2011-09-09,89.0321044921875,46.70591354370117,55.039730072021484,75.28813171386719,180.6999969482422,31.114337921142578,28.998640060424805,30.40872573852539,19.378767013549805,9.659539222717285
2011-09-12,89.60813903808594,47.303138732910156,55.51267623901367,75.36760711669922,176.6699981689453,30.980302810668945,28.940649032592773,30.508140563964844,19.47134780883789,9.77468204498291
2011-09-13,90.42996978759766,47.93547439575195,56.40964126586914,74.29505157470703,178.5399932861328,31.31218910217285,28.984148025512695,30.57992935180664,19.52509880065918,9.889822959899902
2011-09-14,91.68187713623047,48.62053680419922,57.42073059082031,74.92398834228516,177.2100067138672,31.784482955932617,28.904422760009766,30.77875328063965,19.767000198364258,10.037861824035645
2011-09-15,93.2640609741211,49.34071350097656,58.227989196777344,73.77853393554688,174.39999389648438,32.47379684448242,29.324790954589844,31.286867141723633,20.158214569091797,10.198234558105469
2011-09-16,93.81604766845703,49.7929573059082,58.31766891479492,74.3148193359375,176.02999877929688,32.48655700683594,29.37552261352539,31.590612411499023,20.11443519592285,10.311339378356934
2011-09-19,92.88189697265625,49.81056594848633,57.2739372253418,75.73180389404297,173.30999755859375,31.593021392822266,28.50577735900879,30.900270462036133,19.79663848876953,10.286574363708496
2011-09-20,92.77384948730469,49.59059143066406,56.38517761230469,76.04962921142578,175.77999877929688,31.720666885375977,28.295604705810547,30.883689880371094,19.673715591430664,10.26180362701416
2011-09-21,90.04084777832031,48.72830581665039,54.29772186279297,78.56558990478516,173.58999633789062,30.77606201171875,27.24465560913086,29.25446128845215,18.855222702026367,10.109074592590332
2011-09-22,87.13033294677734,47.14450454711914,52.78107452392578,81.51859283447266,169.0500030517578,29.780397415161133,25.33122444152832,28.542001724243164,17.790897369384766,9.79536247253418
2011-09-23,87.65531921386719,47.64602279663086,53.32133102416992,80.00238800048828,159.8000030517578,30.118677139282227,26.005277633666992,28.752241134643555,17.599016189575195,9.90681266784668
2011-09-26,89.73980712890625,48.200374603271484,54.32815933227539,78.71788024902344,157.5800018310547,30.73777961730957,26.39665985107422,29.15374755859375,18.2406063079834,10.030647277832031
2011-09-27,90.74337768554688,48.701900482177734,55.498722076416016,77.51286315917969,160.6300048828125,31.497278213500977,27.237422943115234,29.44371223449707,18.507444381713867,10.158612251281738
2011-09-28,88.89053344726562,47.98039245605469,53.370445251464844,77.48635864257812,156.22000122070312,30.96116065979004,26.41840362548828,28.696475982666016,17.90182113647461,10.014134407043457
2011-09-29,89.59310150146484,47.40847396850586,54.29542541503906,78.02264404296875,157.6999969482422,31.567493438720703,26.780799865722656,29.14259147644043,18.072711944580078,9.993498802185059
2011-09-30,87.35420989990234,46.1854248046875,52.63373565673828,79.98249053955078,158.05999755859375,30.495241165161133,25.4399471282959,28.367467880249023,17.54204559326172,9.74169921875
2011-10-03,84.86829376220703,44.9975700378418,49.924293518066406,82.18360900878906,160.9600067138672,29.691049575805664,24.903606414794922,27.029111862182617,16.945417404174805,9.52292251586914
2011-10-04,86.72891998291016,45.92145538330078,53.03483581542969,81.14142608642578,157.63999938964844,30.188880920410156,25.28774070739746,28.094221115112305,17.50006675720215,9.71693229675293
2011-10-05,88.33467864990234,47.100486755371094,53.76335144042969,80.55734252929688,159.4600067138672,30.654796600341797,25.87482261657715,27.854433059692383,18.144676208496094,9.919193267822266
2011-10-06,89.93276977539062,47.89240646362305,54.95844650268555,79.07044219970703,160.49000549316406,31.4781436920166,26.730072021484375,28.6184024810791,18.486454010009766,10.067794799804688
2011-10-07,89.33061218261719,47.575653076171875,53.616024017333984,78.48634338378906,159.17999267578125,31.261133193969727,26.41115379333496,27.820964813232422,18.258604049682617,10.030647277832031
2011-10-10,92.31830596923828,49.22102737426758,55.965301513671875,77.3777847290039,163.27000427246094,32.45464324951172,27.59255027770996,29.209514617919922,19.086084365844727,10.340235710144043
2011-10-11,92.41097259521484,49.55539321899414,56.35002899169922,77.11888885498047,162.10000610351562,32.39720916748047,27.607051849365234,28.629558563232422,19.125059127807617,10.385641098022461
2011-10-12,93.22161102294922,49.8017463684082,57.15222930908203,75.99711608886719,163.25999450683594,32.86949157714844,28.38258171081543,29.09798240661621,19.22698974609375,10.431047439575195
2011-10-13,93.03631591796875,50.25930404663086,57.10310745239258,76.75384521484375,162.3000030517578,32.88226318359375,28.128894805908203,28.90838050842285,19.20001220703125,10.546628952026367
2011-10-14,94.62664794921875,51.19199752807617,58.23271942138672,75.63871002197266,163.39999389648438,33.26520919799805,28.694231033325195,29.577560424804688,19.96753692626953,10.732380867004395
2011-10-17,92.82013702392578,50.40007019042969,56.464637756347656,76.94633483886719,162.6199951171875,32.49931335449219,27.723012924194336,28.93625831604004,19.60475730895996,10.563138008117676
2011-10-18,94.6343765258789,51.02480697631836,57.962589263916016,76.46836853027344,161.83999633789062,32.965240478515625,28.462303161621094,29.95675277709961,20.234365463256836,10.65808391571045
2011-10-19,93.51493072509766,50.03935623168945,56.832977294921875,76.44189453125,159.8699951171875,32.371665954589844,27.91870880126953,29.611011505126953,20.02449607849121,10.45168685913086
2011-10-20,93.92413330078125,49.7929573059082,56.98849105834961,75.89749145507812,157.77000427246094,32.45464324951172,27.38236427307129,29.778318405151367,20.180400848388672,10.406281471252441
2011-10-21,95.70751190185547,50.41769027709961,58.224525451660156,75.09437561035156,159.52000427246094,33.23969268798828,28.165138244628906,30.759767532348633,20.552167892456055,10.538372039794922
2011-10-24,96.88096618652344,51.46476745605469,60.09904479980469,75.22046661376953,161.02000427246094,33.737510681152344,29.266817092895508,31.523731231689453,20.821998596191406,10.703484535217285
2011-10-25,94.99726867675781,50.45286560058594,58.412811279296875,77.13214111328125,165.58999633789062,33.15671157836914,28.686981201171875,31.010717391967773,20.38727378845215,10.534242630004883
2011-10-26,95.96224212646484,50.391292572021484,59.41962814331055,75.78468322753906,167.39999389648438,33.60986328125,29.216075897216797,31.239343643188477,20.827993392944336,10.579648971557617
2011-10-27,99.30512237548828,51.781517028808594,62.554771423339844,73.2158432006836,169.5500030517578,35.46714782714844,30.991788864135742,32.72268295288086,21.75142478942871,10.893363952636719
2011-10-28,99.28193664550781,51.860694885253906,62.23550796508789,73.98580932617188,169.6199951171875,35.26291275024414,30.730871200561523,32.78960037231445,21.89832878112793,10.930517196655273
2011-10-31,96.888671875,50.9896125793457,60.582000732421875,76.91978454589844,167.33999633789062,33.43115997314453,29.57846450805664,32.42155838012695,20.899948120117188,10.736507415771484
2011-11-01,94.18659973144531,49.66097640991211,58.4373664855957,79.49462127685547,167.3800048828125,32.38443374633789,28.860931396484375,31.378755569458008,20.22537612915039,10.439303398132324
2011-11-02,95.72293090820312,50.08333969116211,59.87804412841797,78.50300598144531,169.05999755859375,32.65888214111328,29.74516487121582,31.981019973754883,20.833995819091797,10.567268371582031
2011-11-03,97.46771240234375,51.121604919433594,61.36782455444336,77.42488098144531,171.72000122070312,33.482215881347656,30.049577713012695,32.42155838012695,21.382640838623047,10.819064140319824
2011-11-04,96.87326049804688,50.857635498046875,61.06495666503906,77.51805114746094,170.85000610351562,33.060977935791016,29.85389518737793,32.15945053100586,21.364660263061523,10.753018379211426
2011-11-07,97.47543334960938,51.2183837890625,60.94215774536133,78.01058959960938,174.97999572753906,33.20138931274414,30.107566833496094,32.165035247802734,21.481592178344727,10.819064140319824
2011-11-08,98.7260971069336,51.80791473388672,61.83440017700195,77.01227569580078,173.52999877929688,33.60348892211914,30.462703704833984,32.58326721191406,21.832380294799805,10.942902565002441
2011-11-09,95.08216094970703,49.986549377441406,58.887577056884766,78.60953521728516,172.07000732421875,31.880231857299805,28.679733276367188,31.094364166259766,20.866968154907227,10.563138008117676
2011-11-10,95.97769165039062,49.960140228271484,59.321414947509766,77.43817901611328,171.13999938964844,32.25679397583008,28.868173599243164,31.088775634765625,21.22974967956543,10.596165657043457
2011-11-11,97.78422546386719,50.90163803100586,60.884864807128906,76.96566772460938,173.9600067138672,33.060977935791016,29.56396484375,31.925256729125977,21.664474487304688,10.798425674438477
2011-11-14,96.8578109741211,50.58486557006836,60.00900650024414,78.20357513427734,173.1999969482422,32.47379684448242,29.158098220825195,31.334142684936523,21.37964630126953,10.715868949890137
2011-11-15,97.33646392822266,51.14799880981445,60.770263671875,78.09706115722656,173.36000061035156,32.38443374633789,29.339282989501953,31.568357467651367,21.35566520690918,10.860343933105469
2011-11-16,95.79243469238281,50.30329895019531,59.78801345825195,78.80915832519531,171.50999450683594,31.765344619750977,28.54926300048828,31.267223358154297,21.03486442565918,10.699356079101562
2011-11-17,94.27153778076172,49.12424087524414,58.93668746948242,79.44135284423828,167.10000610351562,31.420690536499023,27.824487686157227,30.692861557006836,20.555164337158203,10.492965698242188
2011-11-18,94.17117309570312,48.74590301513672,58.92033004760742,79.42138671875,167.6199951171875,31.529197692871094,27.93320655822754,30.888019561767578,20.43224334716797,10.406281471252441
2011-11-21,92.38005828857422,47.813228607177734,57.512420654296875,79.89391326904297,163.5,30.73139762878418,27.034473419189453,30.107318878173828,20.066469192504883,10.22465705871582
2011-11-22,92.01725769042969,47.971595764160156,57.02943420410156,80.78570556640625,165.30999755859375,30.64203643798828,27.128698348999023,29.96790885925293,19.877588272094727,10.208148002624512
2011-11-23,89.98683166503906,46.88935089111328,55.236778259277344,81.57762908935547,164.8300018310547,29.7995548248291,26.2517032623291,29.06452751159668,19.27496337890625,9.964604377746582
2011-11-25,89.81695556640625,46.52858352661133,54.53282165527344,80.39306640625,163.39999389648438,29.64637565612793,26.16473388671875,29.192779541015625,19.137052536010742,9.910940170288086
2011-11-28,92.41865539550781,48.1475715637207,57.12765121459961,80.35311126708984,166.6300048828125,30.910110473632812,27.418598175048828,29.845232009887695,19.853601455688477,10.237035751342773
2011-11-29,92.68119049072266,47.848411560058594,57.02123260498047,79.69428253173828,166.8800048828125,31.114337921142578,27.29540252685547,29.800617218017578,20.138427734375,10.183372497558594
2011-11-30,96.49496459960938,49.616973876953125,60.35282897949219,78.4498062133789,170.1300048828125,32.703556060791016,28.998640060424805,31.18915367126465,21.24773406982422,10.575520515441895
2011-12-01,96.47952270507812,49.960140228271484,59.918968200683594,78.05618286132812,169.6300048828125,32.4227294921875,28.911670684814453,30.932636260986328,21.130813598632812,10.633310317993164
2011-12-02,96.39459991455078,49.81935119628906,60.16455078125,79.15030670166016,169.82000732421875,32.41634750366211,28.824689865112305,30.904767990112305,21.112815856933594,10.625059127807617
2011-12-05,97.44451904296875,50.36490249633789,61.19594955444336,78.99018859863281,167.32000732421875,32.786521911621094,29.29579734802246,31.166845321655273,21.373655319213867,10.74476432800293
2011-12-06,97.47543334960938,50.22411346435547,61.253231048583984,78.23628234863281,168.17999267578125,32.63336181640625,28.897172927856445,31.116661071777344,21.37065315246582,10.740639686584473
2011-12-07,97.8382797241211,50.22411346435547,61.13046646118164,78.5164794921875,169.39999389648438,32.86311340332031,29.013126373291016,31.456825256347656,21.166786193847656,10.753018379211426
2011-12-08,95.69207763671875,49.37941360473633,59.231380462646484,79.49723815917969,165.97999572753906,31.784482955932617,27.969440460205078,30.743022918701172,20.576154708862305,10.583779335021973
2011-12-09,97.31331634521484,50.17131423950195,61.01585388183594,77.86270904541016,166.39999389648438,32.57590866088867,28.53478240966797,31.417797088623047,21.04386329650879,10.748892784118652
2011-12-12,95.89278411865234,49.60819625854492,60.13999938964844,78.73001098632812,161.99000549316406,31.624929428100586,27.462093353271484,30.86015510559082,20.552167892456055,10.61267375946045
2011-12-13,94.99726867675781,49.062644958496094,58.887577056884766,79.46381378173828,158.4499969482422,31.19731330871582,27.208415985107422,30.497676849365234,20.36029052734375,10.513607025146484
2011-12-14,93.98590087890625,48.29713439941406,58.15085983276367,80.96495819091797,152.88999938964844,30.827123641967773,26.81702995300293,30.676118850708008,19.787641525268555,10.352620124816895
2011-12-15,94.32559967041016,48.16516876220703,58.691104888916016,80.66472625732422,152.3300018310547,30.980302810668945,26.99098777770996,31.18915367126465,19.703699111938477,10.327852249145508
2011-12-16,94.4654541015625,48.41314697265625,59.14951705932617,81.60538482666016,155.22999572753906,30.852659225463867,27.19392967224121,31.534902572631836,19.91354751586914,10.35645866394043
2011-12-19,93.45545196533203,47.936614990234375,58.12630844116211,82.63941955566406,154.8699951171875,30.565452575683594,26.490882873535156,31.26165199279785,19.564302444458008,10.256957054138184
2011-12-20,96.28341674804688,49.3574104309082,60.45922088623047,80.57797241210938,156.97999572753906,31.643478393554688,27.600921630859375,32.20964050292969,20.368188858032227,10.547170639038086
2011-12-21,96.46987915039062,48.65142822265625,60.704803466796875,79.45710754394531,157.16000366210938,31.475555419921875,27.688724517822266,32.1984977722168,20.593997955322266,10.373043060302734
2011-12-22,97.3244857788086,49.066184997558594,61.09139633178711,79.7907485961914,156.0399932861328,31.759750366210938,28.054603576660156,32.66134262084961,20.834857940673828,10.493276596069336
2011-12-23,98.19463348388672,49.489768981933594,61.321712493896484,78.90345764160156,156.30999755859375,31.979352951049805,28.164358139038086,32.803436279296875,20.955289840698242,10.596919059753418
2011-12-27,98.27234649658203,49.67437744140625,61.5026741027832,79.27825164794922,154.91000366210938,31.837255477905273,27.89361572265625,32.95001983642578,21.00948715209961,10.613507270812988
2011-12-28,96.9826431274414,49.10026168823242,60.38398742675781,80.74394989013672,151.02999877929688,31.262393951416016,27.425296783447266,32.55534744262695,20.60904884338379,10.505714416503906
2011-12-29,97.98487091064453,49.45356750488281,60.99266052246094,80.89126586914062,150.33999633789062,31.837255477905273,27.739946365356445,32.842891693115234,20.822824478149414,10.58448600769043
2011-12-30,97.50316619873047,49.31222915649414,60.66365051269531,81.15229797363281,151.99000549316406,31.992280960083008,27.761898040771484,32.701942443847656,20.81378173828125,10.551314353942871
2012-01-03,99.05699920654297,50.25732421875,61.66718292236328,79.9341049194336,155.9199981689453,32.86427307128906,28.610706329345703,32.97821044921875,21.39185905456543,10.700568199157715
2012-01-04,99.2123794555664,50.469322204589844,61.329925537109375,78.98377227783203,156.7100067138672,32.670494079589844,28.449735641479492,32.414390563964844,21.437028884887695,10.729589462280273
2012-01-05,99.47652435302734,50.884429931640625,61.6754150390625,78.84321594238281,157.77999877929688,32.18605041503906,28.325336456298828,32.71885299682617,21.33465576171875,10.762758255004883
2012-01-06,99.22017669677734,51.06109619140625,61.519142150878906,79.46563720703125,157.1999969482422,31.746829986572266,27.9667911529541,32.61172866821289,21.208202362060547,10.7669038772583
2012-01-09,99.46100616455078,50.893287658691406,61.831695556640625,79.3250961303711,156.5,31.86955451965332,28.259477615356445,32.49895095825195,21.310569763183594,10.750320434570312
2012-01-10,100.3233871459961,51.26424789428711,62.73651885986328,79.19121551513672,158.63999938964844,32.35399627685547,28.87412452697754,32.85981369018555,21.500255584716797,10.78763198852539
2012-01-11,100.37777709960938,51.3702392578125,62.98329544067383,80.2219467163086,159.6699981689453,32.25064468383789,28.89608383178711,33.09098815917969,21.211214065551758,10.820801734924316
2012-01-12,100.61859130859375,51.573387145996094,63.172447204589844,80.10816955566406,160.3800048828125,32.386287689208984,29.013160705566406,32.84853744506836,21.012500762939453,10.874696731567383
2012-01-13,100.09808349609375,51.387901306152344,62.83523178100586,80.90460968017578,159.25999450683594,32.03749465942383,28.749738693237305,32.92182922363281,20.90712547302246,10.812507629394531
2012-01-17,100.48652648925781,51.85603332519531,62.810516357421875,81.27944946289062,160.5,32.4185791015625,29.29853630065918,33.192474365234375,21.054649353027344,10.862259864807129
2012-01-18,101.59754943847656,52.54498291015625,63.92921829223633,80.29556274414062,161.60000610351562,32.961158752441406,30.037595748901367,33.423641204833984,21.400909423828125,11.01979923248291
2012-01-19,102.13357543945312,52.871761322021484,64.32402801513672,79.19121551513672,161.22000122070312,33.36808395385742,30.301010131835938,33.55331802368164,21.48821258544922,11.098575592041016
2012-01-20,102.51426696777344,52.792259216308594,64.36519622802734,78.29439544677734,162.07000732421875,33.54248809814453,30.27906036376953,33.76192092895508,21.491220474243164,11.111014366149902
2012-01-23,102.2501449584961,52.8099479675293,64.28296661376953,77.79906463623047,163.16000366210938,33.671669006347656,30.571752548217773,33.92544174194336,21.662843704223633,11.14832878112793
2012-01-24,102.13357543945312,52.71278381347656,64.653076171875,77.93965911865234,162.00999450683594,33.48435592651367,30.61566734313965,34.1848030090332,21.59960174560547,11.140031814575195
2012-01-25,102.98822021484375,53.375240325927734,65.20418548583984,77.75228118896484,166.4199981689453,33.83314895629883,30.95957374572754,34.62458419799805,21.864559173583984,11.227097511291504
2012-01-26,102.45991516113281,53.189754486083984,65.13016510009766,78.78295135498047,167.27000427246094,33.846065521240234,30.835166931152344,34.867027282714844,21.566490173339844,11.15246868133545
2012-01-27,102.41331481933594,53.34873580932617,65.57434844970703,79.03062438964844,168.97000122070312,33.90419387817383,30.99616050720215,34.878318786621094,21.521329879760742,11.15246868133545
2012-01-30,102.06367492675781,53.392887115478516,65.06434631347656,79.96095275878906,168.02999877929688,33.503726959228516,30.549793243408203,34.618953704833984,21.418960571289062,11.185641288757324
2012-01-31,102.02484893798828,53.46356201171875,64.99854278564453,80.88457489013672,169.30999755859375,33.678131103515625,30.813228607177734,34.7880973815918,21.283479690551758,11.206371307373047
2012-02-01,102.91829681396484,53.89634323120117,66.39688873291016,79.95807647705078,169.55999755859375,34.20777130126953,31.493738174438477,35.13203048706055,21.367778778076172,11.31830883026123
2012-02-02,103.0814208984375,54.064170837402344,66.77525329589844,79.92450714111328,171.0500030517578,34.2788200378418,31.581546783447266,35.210960388183594,21.530359268188477,11.347332000732422
2012-02-03,104.52650451660156,54.80610656738281,68.23118591308594,78.20697021484375,167.63999938964844,34.81493377685547,32.10838317871094,35.701499938964844,21.90971565246582,11.49243450164795
2012-02-06,104.4565658569336,54.761962890625,68.00910186767578,78.98519134521484,167.17999267578125,34.64699935913086,31.837648391723633,35.58872604370117,22.171669006347656,11.49658203125
2012-02-07,104.72074890136719,54.87675857543945,67.96795654296875,78.00568389892578,169.6999969482422,34.86015319824219,31.903499603271484,35.49851989746094,22.286069869995117,11.525601387023926
2012-02-08,105.03150939941406,55.16824722290039,68.11602020263672,78.06607055664062,168.5,34.98287582397461,32.130340576171875,35.56053924560547,22.2108097076416,11.596085548400879
2012-02-09,105.16361236572266,55.56571578979492,67.77877807617188,77.48245239257812,168.02000427246094,35.07330322265625,32.11571502685547,35.301177978515625,22.21381950378418,11.708024978637695
2012-02-10,104.38668823242188,55.17708206176758,66.84933471679688,78.48878479003906,167.13999938964844,34.40800857543945,31.405927658081055,34.97414779663086,21.99101448059082,11.620956420898438
2012-02-13,105.16361236572266,55.689361572265625,67.7129898071289,78.58935546875,167.50999450683594,34.80202102661133,31.918134689331055,35.329368591308594,22.165637969970703,11.695586204528809
2012-02-14,105.03150939941406,55.83068084716797,67.40863800048828,79.00537109375,167.1199951171875,34.54365539550781,31.654712677001953,34.96852111816406,22.204788208007812,11.716317176818848
2012-02-15,104.54203033447266,55.44205093383789,66.84933471679688,78.86446380615234,168.11000061035156,34.5824089050293,31.74251937866211,34.75990676879883,22.168651580810547,11.654129981994629
2012-02-16,105.69963073730469,56.20164489746094,68.10783386230469,78.23383331298828,168.0,35.06037139892578,32.0864372253418,35.12639236450195,22.457691192626953,11.824108123779297
2012-02-17,105.9793472290039,56.02499771118164,68.09961700439453,78.21371459960938,167.35000610351562,35.21540451049805,32.14497756958008,35.154571533203125,22.541994094848633,11.824108123779297
2012-02-21,106.02597045898438,56.18399429321289,67.63893127441406,77.34825134277344,171.02000427246094,35.22187042236328,32.01326370239258,34.607662200927734,22.69554901123047,11.873859405517578
2012-02-22,105.68415069580078,55.92784118652344,67.10430908203125,78.32099914550781,172.94000244140625,35.11851119995117,32.071800231933594,34.314483642578125,22.746728897094727,11.8323974609375
2012-02-23,106.15028381347656,56.29880905151367,68.10783386230469,78.32099914550781,173.02000427246094,35.4091796875,32.01326370239258,34.74300765991211,22.861146926879883,11.87800407409668
2012-02-24,106.38330841064453,56.49311828613281,67.9761734008789,78.83094787597656,172.22999572753906,35.62234115600586,32.33522415161133,34.7880973815918,22.951465606689453,11.948481559753418
2012-02-27,106.56204986572266,56.572635650634766,67.86104583740234,79.52870178222656,171.6999969482422,35.44147491455078,32.01326370239258,34.73170852661133,22.87920379638672,11.969218254089355
2012-02-28,106.87281036376953,57.14672088623047,67.68009185791016,79.26700592041016,173.49000549316406,35.770896911621094,32.45961380004883,34.52873992919922,22.803936004638672,12.056281089782715
2012-02-29,106.4532699584961,56.890586853027344,66.66830444335938,78.78396606445312,164.2899932861328,35.30582809448242,32.437660217285156,34.38778305053711,22.545007705688477,12.002382278442383
2012-03-01,107.0049057006836,57.3410530090332,67.01382446289062,78.04229736328125,166.61000061035156,35.70630645751953,32.744998931884766,34.59640884399414,22.76178550720215,12.072861671447754
2012-03-02,106.6785659790039,57.29689025878906,66.01029205322266,78.7752456665039,166.33999633789062,35.376888275146484,32.66450881958008,34.54564666748047,22.502853393554688,12.056281089782715
2012-03-05,106.24352264404297,56.705101013183594,66.08432006835938,78.14987182617188,165.64999389648438,35.1895751953125,32.101070404052734,34.89521408081055,22.35832977294922,11.952630996704102
2012-03-06,104.68965911865234,56.14864730834961,64.76817321777344,79.09797668457031,162.6999969482422,34.065673828125,31.02542495727539,34.43288040161133,21.994035720825195,11.836542129516602
2012-03-07,105.41997528076172,56.58144760131836,65.37691497802734,78.61386108398438,163.6300048828125,34.48552322387695,31.398611068725586,34.618953704833984,22.177692413330078,11.92360782623291
2012-03-08,106.46881103515625,57.19090270996094,66.22415161132812,77.82708740234375,165.27999877929688,35.22832107543945,32.057167053222656,34.43852996826172,22.35832977294922,12.043839454650879
2012-03-09,106.8805923461914,57.42936706542969,67.1207504272461,77.98173522949219,166.3800048828125,35.11205291748047,32.04253005981445,34.607662200927734,22.337255477905273,12.097739219665527
2012-03-12,106.88835144042969,57.45588302612305,66.98915100097656,77.96833801269531,165.07000732421875,35.02163314819336,31.69130516052246,34.861392974853516,22.21381950378418,12.114316940307617
2012-03-13,108.81507110595703,58.524620056152344,68.32166290283203,76.5965347290039,162.3000030517578,35.59004211425781,32.55474853515625,35.566184997558594,22.481779098510742,12.354778289794922
2012-03-14,108.6985855102539,58.72776412963867,67.7623291015625,74.66666412353516,159.57000732421875,35.27353286743164,32.04253005981445,35.47031784057617,22.264999389648438,12.400383949279785
2012-03-15,109.327880859375,58.89556884765625,68.32987213134766,74.781005859375,161.0800018310547,35.60941696166992,32.29863357543945,35.419578552246094,22.301136016845703,12.433551788330078
2012-03-16,109.47925567626953,58.85399627685547,68.2723159790039,74.92888641357422,161.3000030517578,35.8548583984375,32.26205825805664,35.62255859375,22.607908248901367,12.427729606628418
2012-03-19,109.90845489501953,59.26983642578125,68.84811401367188,74.03457641601562,161.58999633789062,36.04218292236328,32.137664794921875,35.870635986328125,22.71066665649414,12.519237518310547
2012-03-20,109.58843231201172,59.376007080078125,68.23118591308594,74.3304443359375,160.1300048828125,35.615867614746094,31.581546783447266,35.81990432739258,22.3691349029541,12.506757736206055
2012-03-21,109.40904235839844,59.38486099243164,68.21473693847656,75.17100524902344,160.2100067138672,35.38333511352539,31.640085220336914,35.769161224365234,22.10317039489746,12.502598762512207
2012-03-22,108.6208724975586,59.2609977722168,67.55669403076172,75.41310119628906,159.57000732421875,35.13789749145508,31.15713882446289,35.27861785888672,21.604459762573242,12.473479270935059
2012-03-23,108.97206115722656,59.22560119628906,68.21758270263672,76.1258544921875,161.52999877929688,35.38333511352539,31.391286849975586,35.49851989746094,21.8402042388916,12.473479270935059
2012-03-26,110.50147247314453,60.26076889038086,69.63671875,75.73583984375,164.39999389648438,35.83547592163086,31.940078735351562,35.91455078125,22.0034236907959,12.656489372253418
2012-03-27,110.15811157226562,60.34923553466797,69.14993286132812,76.2804946899414,163.24000549316406,35.60941696166992,31.771785736083984,35.920230865478516,21.78277587890625,12.652329444885254
2012-03-28,109.61188507080078,60.110382080078125,68.7456283569336,76.17292785644531,161.50999450683594,35.36396408081055,31.23762321472168,35.86341094970703,21.510759353637695,12.606576919555664
2012-03-29,109.42459106445312,59.880340576171875,68.54762268066406,76.74446868896484,161.27999877929688,35.13789749145508,31.2010440826416,35.88045883178711,21.510759353637695,12.581622123718262
2012-03-30,109.87723541259766,59.765316009521484,68.32483673095703,75.44673919677734,162.1199951171875,35.454402923583984,31.427881240844727,36.175994873046875,21.68605613708496,12.544189453125
2012-04-02,110.68089294433594,60.384647369384766,69.16644287109375,75.86468505859375,162.94000244140625,35.867774963378906,31.85959815979004,36.43175506591797,21.897632598876953,12.677285194396973
2012-04-03,110.22838592529297,60.366939544677734,68.70440673828125,74.55001831054688,159.88999938964844,35.24123764038086,31.676660537719727,36.2896728515625,21.707218170166016,12.668967247009277
2012-04-04,109.13591766357422,59.54414367675781,67.60706329345703,75.57482147216797,157.2100067138672,34.45322799682617,31.105913162231445,35.891815185546875,21.429157257080078,12.519237518310547
2012-04-05,109.08128356933594,59.91571044921875,67.31001281738281,76.12084197998047,158.30999755859375,34.24653625488281,31.274211883544922,35.755409240722656,21.308244705200195,12.54835033416748
2012-04-09,107.85618591308594,59.46449661254883,66.2043685913086,77.90065002441406,159.3699951171875,34.097965240478516,30.813228607177734,35.374610900878906,21.039257049560547,12.461004257202148
2012-04-10,106.04584503173828,58.50894546508789,64.64498901367188,78.78385925292969,161.10000610351562,33.36808395385742,30.21320343017578,34.613006591796875,20.625171661376953,12.286316871643066
2012-04-11,106.90420532226562,58.79205322265625,65.56082153320312,77.84002685546875,161.07000732421875,33.83314895629883,30.54248046875,35.05633544921875,20.631223678588867,12.357023239135742
2012-04-12,108.30095672607422,59.46449661254883,66.50141143798828,77.51638793945312,162.6999969482422,34.45322799682617,31.325443267822266,35.53944396972656,21.081571578979492,12.510916709899902
2012-04-13,107.01338195800781,58.56203842163086,65.62683868408203,78.77033233642578,160.85000610351562,33.79438781738281,30.84980010986328,35.39166259765625,20.76421546936035,12.315434455871582
2012-04-16,106.94320678710938,57.907291412353516,65.7341079711914,78.65576171875,160.4600067138672,34.03983688354492,30.69614601135254,35.8747673034668,20.625171661376953,12.186494827270508
2012-04-17,108.5272445678711,59.08406448364258,66.68293762207031,78.60861206054688,160.25,34.5824089050293,31.047372817993164,36.181678771972656,20.96067237854004,12.452690124511719
2012-04-18,108.16051483154297,58.93362045288086,66.17963409423828,78.8377456665039,159.30999755859375,34.401554107666016,30.90103530883789,35.937286376953125,20.91836166381836,12.361184120178223
2012-04-19,107.46602630615234,58.27004623413086,65.80011749267578,78.91195678710938,159.42999267578125,34.19485855102539,30.76199722290039,35.937286376953125,20.891157150268555,12.223931312561035
2012-04-20,107.64549255371094,58.11082077026367,66.17963409423828,78.92538452148438,159.5399932861328,34.5242805480957,30.974214553833008,36.37493133544922,20.84280014038086,12.178179740905762
2012-04-23,106.74028015136719,57.579952239990234,65.26383209228516,79.49848937988281,159.07000732421875,33.83314895629883,30.381498336791992,35.99980926513672,20.821640014648438,12.08251667022705
2012-04-24,107.14608001708984,57.270294189453125,65.75885009765625,78.93889617919922,159.3000030517578,34.104427337646484,30.447359085083008,36.53974914550781,20.975788116455078,12.057562828063965
2012-04-25,108.61309814453125,58.79205322265625,66.78194427490234,78.53440856933594,159.6199951171875,34.56949234008789,30.72541618347168,36.960330963134766,21.184329986572266,12.398615837097168
2012-04-26,109.3700180053711,59.137115478515625,67.4420166015625,79.0063247680664,161.02999877929688,34.77618408203125,30.915668487548828,37.05127716064453,21.407995223999023,12.494278907775879
2012-04-27,109.54944610595703,59.49104690551758,67.97005462646484,79.07372283935547,161.3800048828125,34.91828536987305,30.95957374572754,37.307029724121094,21.398929595947266,12.490118026733398
2012-04-30,109.1436767578125,59.066341400146484,67.21924591064453,79.09397888183594,161.8800048828125,34.71805191040039,30.89371109008789,37.210411071777344,21.531919479370117,12.402775764465332
2012-05-01,109.82257080078125,59.16368103027344,67.28523254394531,78.68373107910156,161.32000732421875,34.86015319824219,31.098602294921875,37.61393356323242,21.8402042388916,12.444369316101074
2012-05-02,109.49485778808594,59.3317985534668,67.46675872802734,79.23794555664062,160.58999633789062,34.588863372802734,31.040056228637695,37.5571174621582,21.483558654785156,12.452690124511719
2012-05-03,108.659912109375,58.703582763671875,66.5179214477539,79.21759033203125,158.97000122070312,34.2852783203125,30.805906295776367,37.4263916015625,21.126907348632812,12.34870433807373
2012-05-04,106.90420532226562,57.24373245239258,65.25556182861328,79.83934020996094,159.47000122070312,33.7620964050293,30.264427185058594,37.09674072265625,20.643321990966797,12.090838432312012
2012-05-07,106.98221588134766,57.29682922363281,65.42882537841797,79.85291290283203,159.0800018310547,34.00754165649414,30.374176025390625,37.358192443847656,20.582870483398438,12.057562828063965
2012-05-08,106.55305480957031,57.08448791503906,65.38756561279297,80.27867889404297,156.0,33.48435592651367,29.8912410736084,37.28997802734375,20.516368865966797,12.015970230102539
2012-05-09,105.92098236083984,56.90753936767578,65.01628112792969,80.33277130126953,154.47000122070312,33.096797943115234,29.5034236907959,37.170623779296875,20.416635513305664,12.015970230102539
2012-05-10,106.13948059082031,56.79252243041992,65.26383209228516,80.09618377685547,154.77000427246094,33.2518196105957,29.627817153930664,37.19904327392578,20.504287719726562,11.92446231842041
2012-05-11,105.81950378417969,56.783660888671875,65.09879302978516,80.75849914550781,153.55999755859375,33.045127868652344,29.247318267822266,37.27861785888672,20.353164672851562,11.93278694152832
2012-05-14,104.64904022216797,56.252811431884766,64.2324447631836,81.88707733154297,151.3300018310547,32.41212844848633,28.581443786621094,36.80687713623047,20.014652252197266,11.828804969787598
2012-05-15,104.04822540283203,56.0670166015625,64.11693572998047,82.21818542480469,149.74000549316406,32.00519561767578,28.33264923095703,36.6136360168457,19.682186126708984,11.795534133911133
2012-05-16,103.65023803710938,55.686580657958984,63.654911041259766,82.45472717285156,149.4600067138672,31.688692092895508,27.93019676208496,36.21009063720703,19.570350646972656,11.699869155883789
2012-05-17,102.11304473876953,54.50985336303711,62.21100616455078,83.91448211669922,152.8000030517578,31.3011531829834,27.549701690673828,35.15294647216797,19.44642448425293,11.533501625061035
2012-05-18,101.23905181884766,53.80205154418945,61.625213623046875,83.93475341796875,154.5500030517578,31.075082778930664,27.286279678344727,34.7266845703125,19.325532913208008,11.425362586975098
2012-05-21,102.97916412353516,55.30611801147461,63.077354431152344,83.759033203125,154.64999389648438,31.759750366210938,27.937522888183594,35.482601165771484,19.76983070373535,11.708184242248535
2012-05-22,103.1586685180664,55.24420166015625,62.697792053222656,82.82645416259766,152.0800018310547,31.643478393554688,27.644821166992188,35.550804138183594,19.721467971801758,11.670758247375488
2012-05-23,103.21324920654297,55.35036087036133,63.10209274291992,83.40087127685547,151.6199951171875,31.385116577148438,27.454574584960938,35.60196304321289,19.79401206970215,11.683234214782715
2012-05-24,103.41614532470703,54.98762512207031,63.234100341796875,83.0832290649414,151.41000366210938,31.178417205810547,27.315547943115234,35.76108932495117,19.778898239135742,11.616684913635254
2012-05-25,103.08059692382812,54.91683578491211,63.19287109375,83.39412689208984,152.67999267578125,31.068620681762695,27.183837890625,35.619014739990234,19.685203552246094,11.591734886169434
2012-05-29,104.3291244506836,55.61579513549805,64.10865783691406,83.13729858398438,151.02000427246094,31.462621688842773,27.9521484375,36.124839782714844,20.014652252197266,11.745623588562012
2012-05-30,102.8152847290039,55.14688491821289,62.87932586669922,85.24580383300781,151.91000366210938,30.719825744628906,27.46921157836914,35.26662826538086,19.401090621948242,11.670758247375488
2012-05-31,102.58903503417969,54.907997131347656,62.79680252075195,86.23250579833984,151.6199951171875,30.849008560180664,27.586286544799805,35.53375244140625,19.231834411621094,11.616684913635254
2012-06-01,100.00614929199219,53.448143005371094,60.90739822387695,88.2796630859375,157.5,30.067455291748047,26.84723663330078,34.66416931152344,18.751266479492188,11.313061714172363
2012-06-04,99.95933532714844,53.85512161254883,60.76710891723633,87.58214569091797,157.32000732421875,30.319358825683594,26.96430778503418,34.425453186035156,18.73615074157715,11.379609107971191
2012-06-05,100.71627807617188,54.076316833496094,61.55095291137695,86.41060638427734,157.13999938964844,30.53896141052246,27.037490844726562,35.13590621948242,18.896347045898438,11.450319290161133
2012-06-06,102.97916412353516,55.31498336791992,63.0691032409668,84.68374633789062,157.2100067138672,31.391576766967773,27.8277587890625,35.91455078125,19.47967529296875,11.712347984313965
2012-06-07,103.0416259765625,55.09379577636719,62.65655517578125,84.81238555908203,154.5,31.436790466308594,27.996061325073242,35.65879440307617,19.491762161254883,11.6541166305542
2012-06-08,103.86093139648438,55.6246452331543,63.506404876708984,84.79207611083984,154.72999572753906,31.33344841003418,27.75458526611328,36.164642333984375,19.49478530883789,11.78305435180664
2012-06-11,102.54217529296875,54.68679428100586,62.103763580322266,85.1781005859375,155.36000061035156,31.029863357543945,27.352134704589844,35.35187911987305,19.228809356689453,11.616684913635254
2012-06-12,103.72045135498047,55.35036087036133,62.88759994506836,84.3992919921875,156.4600067138672,31.54659080505371,27.922889709472656,35.687225341796875,19.50083351135254,11.733144760131836
2012-06-13,103.05722045898438,54.969913482666016,62.16149139404297,85.23225402832031,157.1199951171875,31.294696807861328,27.8204402923584,35.505340576171875,19.25299644470215,11.662435531616211
2012-06-14,104.14964294433594,55.17341995239258,62.871055603027344,85.12390899658203,157.75,31.5272274017334,28.018009185791016,36.02254867553711,19.55524253845215,11.72066593170166
2012-06-15,105.2148208618164,55.85890579223633,63.712642669677734,85.59791564941406,157.83999633789062,31.9729061126709,28.53022003173828,36.244197845458984,19.929101943969727,11.84550952911377
2012-06-18,105.41874694824219,56.38210678100586,63.786888122558594,86.05841827392578,157.92999267578125,31.882476806640625,28.588762283325195,36.545440673828125,19.749906539916992,11.93319034576416
2012-06-19,106.43843078613281,56.967376708984375,64.89251708984375,84.93427276611328,157.16000366210938,32.41212844848633,29.04975128173828,36.693206787109375,20.035390853881836,12.025047302246094
2012-06-20,106.2658462524414,57.01173400878906,64.79351043701172,85.35419464111328,155.97000122070312,32.59944152832031,28.95462417602539,36.676151275634766,19.95642852783203,12.045928955078125
2012-06-21,103.88141632080078,55.592872619628906,63.217628479003906,85.8078842163086,152.02000427246094,31.746129989624023,27.894245147705078,36.079376220703125,19.139474868774414,11.762001037597656
2012-06-22,104.68144989013672,56.17814254760742,63.93540573120117,84.66342163085938,152.63999938964844,32.01712417602539,27.983097076416016,36.0850715637207,19.26702308654785,11.891438484191895
2012-06-25,103.0029067993164,55.096256256103516,62.93708038330078,85.89591217041016,153.75999450683594,31.303279876708984,27.464754104614258,35.901119232177734,18.83576011657715,11.649267196655273
2012-06-26,103.52056884765625,55.44211959838867,63.183349609375,85.55732727050781,152.6199951171875,31.508174896240234,27.701717376708984,36.02145767211914,19.039243698120117,11.695198059082031
2012-06-27,104.4539566040039,55.77908706665039,64.21154022216797,85.69277954101562,152.8300018310547,31.805618286132812,27.879440307617188,36.16472244262695,19.434064865112305,11.766178131103516
2012-06-28,104.15589904785156,55.1583251953125,64.10370635986328,85.90265655517578,151.0500030517578,31.87171173095703,27.746152877807617,36.56012725830078,19.567689895629883,11.670140266418457
2012-06-29,106.75213623046875,56.896446228027344,65.9693374633789,84.7852783203125,155.19000244140625,33.021793365478516,28.975358963012695,37.49418258666992,20.156875610351562,11.99582290649414
2012-07-02,107.07379913330078,57.0649299621582,66.73224639892578,85.66009521484375,155.08999633789062,33.23991775512695,28.975358963012695,37.90677261352539,20.165985107421875,12.062627792358398
2012-07-03,107.7796859741211,57.54381561279297,67.60282897949219,85.00181579589844,157.4600067138672,33.54396057128906,29.552936553955078,38.1302490234375,20.64887237548828,12.158660888671875
2012-07-05,107.29336547851562,57.579280853271484,67.52822875976562,85.43612670898438,155.67999267578125,32.98875045776367,29.24193572998047,37.89530563354492,20.378583908081055,12.158660888671875
2012-07-06,106.27373504638672,56.86098861694336,66.773681640625,86.23017883300781,153.7100067138672,32.6781005859375,28.708778381347656,37.98698806762695,20.132579803466797,11.979122161865234
2012-07-09,106.1404037475586,56.75455093383789,66.51665496826172,86.9902572631836,154.0399932861328,32.60538864135742,28.6051082611084,38.0271110534668,20.041465759277344,11.954066276550293
2012-07-10,105.2148208618164,56.195865631103516,65.77869415283203,87.16673278808594,152.14999389648438,32.38727569580078,28.286705017089844,37.620235443115234,19.72865104675293,11.820455551147461
2012-07-11,105.23048400878906,55.8855094909668,65.5547866821289,87.27529907226562,152.99000549316406,32.486412048339844,28.43480682373047,37.66036605834961,19.99591064453125,11.766178131103516
2012-07-12,104.72066497802734,55.362300872802734,65.33089447021484,87.89289093017578,152.58999633789062,32.16254425048828,27.960893630981445,37.77497482299805,19.929101943969727,11.649267196655273
2012-07-13,106.47766876220703,56.204750061035156,66.14349365234375,87.66216278076172,154.13999938964844,32.61861038208008,28.501449584960938,38.239131927490234,20.278358459472656,11.803754806518555
2012-07-16,106.22664642333984,56.04512405395508,65.87816619873047,88.0693588256836,154.2100067138672,32.612003326416016,28.43480682373047,38.31361389160156,20.345170974731445,11.791231155395508
2012-07-17,106.95611572265625,56.33777618408203,66.11034393310547,87.3770980834961,153.47000122070312,32.70453643798828,28.81244468688965,38.68037414550781,20.60028648376465,11.837159156799316
2012-07-18,107.748291015625,57.100406646728516,66.51665496826172,87.42463684082031,153.0500030517578,32.962310791015625,28.738405227661133,38.45116424560547,20.779470443725586,12.04175090789795
2012-07-19,108.03073120117188,57.73001480102539,66.29273986816406,87.20067596435547,153.3800048828125,33.266361236572266,29.00497055053711,38.05002975463867,20.84324073791504,12.146136283874512
2012-07-20,107.04236602783203,56.967376708984375,65.44700622558594,88.26611328125,153.6699981689453,32.486412048339844,28.575490951538086,37.84946823120117,20.891834259033203,12.00834846496582
2012-07-23,105.95996856689453,56.27570343017578,64.40223693847656,88.76152038574219,153.02999877929688,31.818843841552734,27.827604293823242,37.57440948486328,20.6914005279541,11.891438484191895
2012-07-24,105.0500717163086,55.832298278808594,63.55647277832031,89.46056365966797,153.52000427246094,31.475143432617188,27.709131240844727,37.44832992553711,20.36036491394043,11.770352363586426
2012-07-25,105.07363891601562,55.4598388671875,63.69743728637695,89.69133758544922,155.6699981689453,31.640384674072266,27.842411041259766,37.431129455566406,20.37554931640625,11.7244234085083
2012-07-26,106.80705261230469,56.195865631103516,64.24468994140625,88.8701400756836,156.77000427246094,32.60538864135742,28.471830368041992,37.76350784301758,20.95561981201172,11.903963088989258
2012-07-27,108.77586364746094,57.526065826416016,65.77037811279297,87.19384002685547,157.5399932861328,33.29279708862305,29.27155876159668,38.12452697753906,21.326143264770508,12.162837028503418
2012-07-30,108.77586364746094,57.481719970703125,65.54652404785156,87.84539794921875,157.42999267578125,33.253143310546875,29.10124397277832,38.30216598510742,21.386877059936523,12.167012214660645
2012-07-31,108.01500701904297,57.4639892578125,64.9660873413086,88.02183532714844,156.49000549316406,33.04823303222656,28.967952728271484,38.244842529296875,21.153024673461914,12.217118263244629
2012-08-01,107.92086029052734,57.29549789428711,63.89643859863281,87.58180236816406,155.13999938964844,33.05484390258789,29.019792556762695,38.061485290527344,21.25627899169922,12.175362586975098
2012-08-02,107.17569732666016,57.09156036376953,63.664249420166016,88.07829284667969,154.1300048828125,32.592166900634766,28.679166793823242,38.17036056518555,20.900941848754883,12.096028327941895
2012-08-03,109.30134582519531,58.173423767089844,65.18167114257812,86.6568832397461,155.5500030517578,33.70259475708008,29.567752838134766,38.46834945678711,21.39295768737793,12.334023475646973
2012-08-06,109.51314544677734,58.61682891845703,65.68746948242188,86.69088745117188,156.3000030517578,33.94054412841797,29.752866744995117,38.42823791503906,21.45065689086914,12.421709060668945
2012-08-07,110.06221008300781,59.10453796386719,66.28447723388672,85.57553100585938,156.27999877929688,34.224754333496094,29.834327697753906,37.97551727294922,21.772584915161133,12.505217552185059
2012-08-08,110.19551849365234,59.07795333862305,66.18495178222656,85.119873046875,156.47999572753906,34.204933166503906,29.893564224243164,37.717655181884766,21.79080581665039,12.509392738342285
2012-08-09,110.2896728515625,59.25529479980469,66.50007629394531,85.05868530273438,156.99000549316406,34.224754333496094,30.01944923400879,37.597328186035156,21.939620971679688,12.551148414611816
2012-08-10,110.47007751464844,59.29078674316406,66.26789855957031,85.48709869384766,157.17999267578125,34.284236907958984,30.160140991210938,37.648895263671875,21.97910499572754,12.580371856689453
2012-08-13,110.41520690917969,59.432640075683594,66.16009521484375,85.34429168701172,155.99000549316406,34.118995666503906,29.893564224243164,37.620235443115234,21.897092819213867,12.617950439453125
2012-08-14,110.4308090209961,59.45926284790039,66.00251770019531,84.18815612792969,155.1300048828125,34.19831085205078,29.886146545410156,37.54001998901367,21.85762596130371,12.59289836883545
2012-08-15,110.55635833740234,59.610015869140625,66.58296966552734,83.00482940673828,155.6300048828125,34.09916687011719,29.841724395751953,37.71193313598633,21.854585647583008,12.597076416015625
2012-08-16,111.37208557128906,60.31947326660156,67.27945709228516,82.29751586914062,156.55999755859375,34.522193908691406,30.115713119506836,37.99846267700195,22.04895782470703,12.768269538879395
2012-08-17,111.5211410522461,60.58550262451172,67.75212860107422,82.69879913330078,156.72000122070312,34.568450927734375,29.967613220214844,38.00990676879883,22.03984832763672,12.839244842529297
2012-08-20,111.52898406982422,60.6741828918457,67.60282897949219,82.86883544921875,157.25999450683594,34.52878952026367,29.95280647277832,37.901031494140625,21.963924407958984,12.85177230834961
2012-08-21,111.19166564941406,60.43475341796875,67.56139373779297,83.23600769042969,158.8300018310547,34.72709274291992,29.908376693725586,37.98127365112305,21.89406394958496,12.768269538879395
2012-08-22,111.23876953125,60.683040618896484,67.23804473876953,84.60983276367188,160.5399932861328,34.68742752075195,29.923185348510742,37.95834732055664,21.976062774658203,12.789140701293945
2012-08-23,110.3288803100586,60.186458587646484,66.76541137695312,84.9634780883789,161.88999938964844,34.48914337158203,29.649202346801758,37.843727111816406,21.73310089111328,12.684757232666016
2012-08-24,110.99559020996094,60.55887985229492,66.94779205322266,84.88187408447266,161.97000122070312,34.43626022338867,29.656606674194336,37.96980667114258,21.860658645629883,12.76408863067627
2012-08-27,111.01910400390625,60.656455993652344,67.14678955078125,85.37831115722656,161.36000061035156,34.456092834472656,29.353010177612305,38.08440399169922,21.869768142700195,12.776616096496582
2012-08-28,110.90929412841797,60.656455993652344,67.45361328125,85.58232116699219,161.63999938964844,34.42304611206055,29.29376792907715,38.2161979675293,21.88495635986328,12.747389793395996
2012-08-29,110.99559020996094,60.656455993652344,67.66089630126953,85.20831298828125,160.58999633789062,34.31728744506836,29.153078079223633,38.204742431640625,21.739179611206055,12.772439956665039
2012-08-30,110.19551849365234,60.04456329345703,66.98927307128906,85.65038299560547,160.52000427246094,33.808349609375,28.81244468688965,38.11880111694336,21.50836181640625,12.630475997924805
2012-08-31,110.72105407714844,60.443607330322266,67.26289367675781,86.86090850830078,164.22000122070312,34.10578536987305,29.086427688598633,38.239131927490234,21.723997116088867,12.730685234069824
2012-09-04,110.61911010742188,60.38151931762695,68.08380126953125,86.77365112304688,164.47999572753906,33.93392562866211,28.923526763916016,38.50846862792969,21.55695343017578,12.730685234069824
2012-09-05,110.52498626708984,60.31947326660156,68.10032653808594,86.3647232055664,164.30999755859375,33.84139633178711,28.77542495727539,38.43968963623047,21.474950790405273,12.718160629272461
2012-09-06,112.76828002929688,61.65848159790039,69.35240173339844,84.92666625976562,164.88999938964844,34.68082046508789,29.41225242614746,38.783504486083984,21.927478790283203,13.002082824707031
2012-09-07,113.20752716064453,61.56980514526367,69.86652374267578,84.53140258789062,168.44000244140625,35.20298767089844,30.093494415283203,38.817909240722656,22.307109832763672,12.981205940246582
2012-09-10,112.5643310546875,60.780574798583984,69.5514144897461,84.73590850830078,167.2899932861328,34.925376892089844,29.708446502685547,38.514190673828125,22.20992088317871,12.843422889709473
2012-09-11,112.87803649902344,60.683040618896484,69.70066833496094,84.20423889160156,167.89999389648438,35.321956634521484,30.063879013061523,38.6287956237793,22.446819305419922,12.876824378967285
2012-09-12,113.25458526611328,60.860382080078125,70.0572280883789,83.15470123291016,167.9199981689453,35.55329895019531,30.197160720825195,38.70901870727539,22.583473205566406,12.947806358337402
2012-09-13,114.98014068603516,61.68508529663086,70.97764587402344,82.82757568359375,171.30999755859375,36.095279693603516,31.011699676513672,39.18464279174805,22.95095443725586,13.123167037963867
2012-09-14,115.4900131225586,62.23494338989258,71.6409683227539,80.62618255615234,171.8000030517578,36.452213287353516,31.374547958374023,39.40240478515625,23.254667282104492,13.18580150604248
2012-09-17,115.09781646728516,62.261512756347656,71.30928039550781,81.59396362304688,170.39999389648438,36.260520935058594,31.03391456604004,39.28780746459961,23.07851219177246,13.19832992553711
2012-09-18,115.00369262695312,62.3147087097168,71.0771255493164,82.00286865234375,171.72000122070312,36.10849380493164,31.04873275756836,38.91531753540039,22.91451072692871,13.206679344177246
2012-09-19,115.06642150878906,62.43001174926758,70.95272827148438,82.54129028320312,171.74000549316406,36.260520935058594,31.04873275756836,38.69756317138672,22.69281005859375,13.219202995300293
2012-09-20,115.07433319091797,62.367942810058594,70.63763427734375,82.74577331542969,171.47000122070312,36.0291862487793,30.863605499267578,38.12452697753906,22.756580352783203,13.194151878356934
2012-09-21,115.02617645263672,62.38572311401367,70.89468383789062,82.84117889404297,171.9600067138672,36.049015045166016,30.937660217285156,38.1302490234375,22.782215118408203,13.210920333862305
2012-09-24,114.85272216796875,62.021080017089844,70.66326141357422,83.4886703491211,171.0500030517578,35.923431396484375,30.908039093017578,37.98874282836914,22.666288375854492,13.127070426940918
2012-09-25,113.63045501708984,61.14957809448242,69.64775085449219,84.31333923339844,170.77000427246094,35.672271728515625,30.448932647705078,37.428466796875,22.419185638427734,12.942597389221191
2012-09-26,112.99168395996094,60.651519775390625,69.2065658569336,85.21977233886719,169.80999755859375,35.31534957885742,30.308231353759766,37.422698974609375,22.205644607543945,12.850357055664062
2012-09-27,114.0562744140625,61.48750686645508,69.95576477050781,84.61319732666016,172.33999633789062,35.73836135864258,30.789552688598633,37.58441925048828,22.507648468017578,13.01806354522705
2012-09-28,113.52792358398438,60.9806022644043,69.45631408691406,84.66089630126953,171.88999938964844,35.031124114990234,30.60443878173828,37.52664566040039,22.400880813598633,12.925825119018555
2012-10-01,113.82758331298828,60.89166259765625,69.68939208984375,84.97504425048828,172.2899932861328,35.31534957885742,30.908039093017578,37.249412536621094,22.513757705688477,12.896477699279785
2012-10-02,113.94591522216797,61.06954574584961,69.82254791259766,84.85899353027344,172.10000610351562,35.45414733886719,30.952465057373047,37.53242492675781,22.553422927856445,12.913243293762207
2012-10-03,114.4111328125,61.460853576660156,69.62275695800781,84.88627624511719,172.41000366210938,35.308738708496094,30.74513053894043,37.60752487182617,22.275802612304688,12.980328559875488
2012-10-04,115.23124694824219,61.67427444458008,70.09722900390625,83.82769775390625,173.61000061035156,35.73836135864258,31.06354331970215,37.59596252441406,22.498502731323242,13.01806354522705
2012-10-05,115.23912811279297,61.34523391723633,70.01400756835938,82.74175262451172,172.6199951171875,35.784629821777344,31.06354331970215,37.64217758178711,22.446640014648438,12.950981140136719
2012-10-08,114.84481811523438,60.78494644165039,69.57281494140625,83.43840026855469,172.0500030517578,35.5731201171875,30.789552688598633,37.561317443847656,22.483245849609375,12.816816329956055
2012-10-09,113.70930480957031,59.815582275390625,68.75703430175781,83.28813934326172,170.99000549316406,35.05756759643555,30.560007095336914,37.422698974609375,22.513757705688477,12.653298377990723
2012-10-10,112.98382568359375,59.51321792602539,68.64885711669922,83.87549591064453,170.83999633789062,34.958431243896484,30.374881744384766,37.5728759765625,22.092761993408203,12.602994918823242
2012-10-11,113.04690551757812,59.32645797729492,68.89855194091797,84.45603942871094,171.32000732421875,35.18315124511719,30.65627098083496,37.54398727416992,22.25749969482422,12.552684783935547
2012-10-12,112.67630767822266,59.299781799316406,68.3408432006836,84.66773223876953,170.05999755859375,35.14349365234375,30.560007095336914,37.4111442565918,22.13547706604004,12.544299125671387
2012-10-15,113.61469268798828,59.73554611206055,68.7903823852539,84.4764633178711,168.35000610351562,35.48720169067383,30.737714767456055,37.65950393676758,22.248342514038086,12.607185363769531
2012-10-16,114.7659683227539,60.58043670654297,69.29814147949219,83.30860137939453,169.4199981689453,36.07545471191406,31.05613899230957,37.89054870605469,22.602224349975586,12.779084205627441
2012-10-17,115.28642272949219,60.544837951660156,69.9224624633789,82.53681945800781,169.5399932861328,36.41254806518555,31.30048179626465,37.78657150268555,22.885927200317383,12.712002754211426
2012-10-18,114.98674774169922,59.842254638671875,69.53954315185547,82.03148651123047,168.7899932861328,36.27374267578125,31.211641311645508,38.17356872558594,22.882884979248047,12.56525993347168
2012-10-19,113.07058715820312,58.41048049926758,68.13275909423828,83.14469909667969,166.97000122070312,35.784629821777344,30.73032569885254,37.85588455200195,22.522905349731445,12.28016185760498
2012-10-22,113.08637237548828,58.712825775146484,68.11610412597656,82.61200714111328,167.5800018310547,36.03579330444336,31.02651596069336,37.665283203125,22.410030364990234,12.364012718200684
2012-10-23,111.51710510253906,58.15256118774414,67.7748031616211,83.79354095458984,165.42999267578125,35.2624626159668,30.389690399169922,37.284061431884766,21.888370513916016,12.229851722717285
2012-10-24,111.20170593261719,57.948020935058594,67.5916748046875,82.96710968017578,164.86000061035156,35.28230667114258,30.419328689575195,37.25519943237305,21.720584869384766,12.158580780029297
2012-10-25,111.52500915527344,57.948020935058594,67.86638641357422,82.54368591308594,166.02000427246094,35.493804931640625,30.752534866333008,37.15121841430664,21.924985885620117,12.133423805236816
2012-10-26,111.46195220947266,58.11699676513672,67.54174041748047,83.75938415527344,165.92999267578125,35.44092559814453,30.515579223632812,36.82775115966797,21.952438354492188,12.154383659362793
2012-10-31,111.46195220947266,57.761260986328125,67.94966125488281,84.25111389160156,166.8300018310547,35.41448211669922,30.47115135192871,37.185874938964844,21.94634437561035,12.10407543182373
2012-11-01,112.62898254394531,58.579437255859375,68.66548919677734,83.56131744384766,166.07000732421875,35.830894470214844,30.96727752685547,37.364933013916016,22.04090690612793,12.301124572753906
2012-11-02,111.6275405883789,57.95692443847656,67.58335876464844,83.4998550415039,162.60000610351562,35.48720169067383,30.80437660217285,37.61330795288086,21.677873611450195,12.141806602478027
2012-11-05,111.8562240600586,58.33931350708008,68.03286743164062,83.97112274169922,163.22999572753906,35.40127944946289,30.952465057373047,37.364933013916016,21.84261131286621,12.208888053894043
2012-11-06,112.73152923583984,58.446048736572266,68.5406265258789,83.17882537841797,166.3000030517578,35.73836135864258,31.196826934814453,37.52664566040039,22.193439483642578,12.26339340209961
2012-11-07,110.17657470703125,57.06760025024414,66.87580108642578,84.6882553100586,166.49000549316406,35.20298767089844,30.685897827148438,37.359153747558594,21.613821029663086,11.957330703735352
2012-11-08,108.85184478759766,56.16938781738281,65.93521118164062,85.94485473632812,167.99000549316406,34.885711669921875,30.300832748413086,36.914405822753906,21.22333526611328,11.78543472290039
2012-11-09,108.94642639160156,56.40950393676758,66.07667541503906,86.04051971435547,167.82000732421875,34.89894104003906,30.36007308959961,36.81620788574219,21.217239379882812,11.839941024780273
2012-11-12,109.03321075439453,56.40060043334961,65.88525390625,86.18394470214844,167.4499969482422,34.872501373291016,30.47115135192871,36.72957992553711,21.25994110107422,11.823169708251953
2012-11-13,108.6546630859375,56.009315490722656,65.51066589355469,86.47078704833984,167.10000610351562,34.70065689086914,30.197160720825195,36.700687408447266,21.171472549438477,11.764470100402832
2012-11-14,107.18799591064453,55.351226806640625,64.29534149169922,86.55277252197266,167.13999938964844,34.33711624145508,29.73065757751465,36.01334762573242,20.915218353271484,11.64708137512207
2012-11-15,107.0066146850586,55.16444778442383,63.96238708496094,86.38195037841797,166.08999633789062,34.44947814941406,29.834327697753906,35.84583282470703,20.942676544189453,11.579995155334473
2012-11-16,107.53494262695312,55.40457534790039,64.4951400756836,86.30690002441406,165.8800048828125,34.429656982421875,29.923185348510742,36.06533432006836,21.02504539489746,11.596770286560059
2012-11-19,109.71131896972656,56.720767974853516,65.86029052734375,85.82194519042969,167.8699951171875,35.176544189453125,30.448932647705078,36.51008224487305,21.51009178161621,11.91540241241455
2012-11-20,109.7586441040039,56.738548278808594,65.976806640625,84.96135711669922,167.38999938964844,35.22941589355469,30.389690399169922,36.781551361083984,21.42467498779297,11.865094184875488
2012-11-21,109.96369934082031,56.85416793823242,66.3264389038086,84.9135971069336,167.55999755859375,35.288909912109375,30.330448150634766,36.71802520751953,21.54060173034668,11.902825355529785
2012-11-23,111.46195220947266,57.71681213378906,66.98402404785156,84.83165740966797,169.61000061035156,36.049015045166016,30.82659149169922,36.98949432373047,21.845666885375977,12.09568977355957
2012-11-26,111.22535705566406,57.96581268310547,67.2004623413086,85.234619140625,169.42999267578125,35.96309280395508,30.82659149169922,37.0645866394043,21.63211441040039,12.150191307067871
2012-11-27,110.65762329101562,57.77015686035156,67.11723327636719,85.56927490234375,168.7100067138672,35.784629821777344,30.567407608032227,36.85664367675781,21.452136993408203,12.09568977355957
2012-11-28,111.54869079589844,58.268165588378906,67.68327331542969,85.44629669189453,166.5500030517578,36.04240798950195,30.737714767456055,36.81044006347656,21.647377014160156,12.166961669921875
2012-11-29,112.06912994384766,58.615013122558594,68.45735168457031,85.45995330810547,167.17999267578125,36.353065490722656,30.959871292114258,37.012596130371094,21.69618797302246,12.225658416748047
2012-11-30,112.0927505493164,58.51719665527344,68.32421875,85.22772979736328,166.0500030517578,36.39932632446289,30.945068359375,37.08768844604492,21.677873611450195,12.213080406188965
2012-12-03,111.54075622558594,58.40158462524414,68.24934387207031,85.30644226074219,166.1300048828125,36.445587158203125,30.93024444580078,37.237850189208984,21.558897018432617,12.196310997009277
2012-12-04,111.38306427001953,58.366004943847656,68.33251190185547,85.79915618896484,164.4199981689453,36.53813171386719,31.01910972595215,37.29561996459961,21.47959327697754,12.175344467163086
2012-12-05,111.58024597167969,57.71681213378906,68.24934387207031,85.75811004638672,164.1199951171875,36.590999603271484,31.35232925415039,37.18009948730469,21.62907600402832,12.05375862121582
2012-12-06,111.9587173461914,58.09031677246094,68.35751342773438,85.94290161132812,164.5,36.663719177246094,31.58928871154785,37.52664566040039,21.69922637939453,12.12503433227539
2012-12-07,112.29779815673828,57.74348449707031,68.40744018554688,85.14908599853516,165.16000366210938,36.676937103271484,31.685548782348633,37.665283203125,21.830411911010742,12.062146186828613
2012-12-10,112.3451156616211,57.91245651245117,68.70713806152344,85.52543640136719,165.8000030517578,36.71658706665039,31.863256454467773,37.647953033447266,21.806007385253906,12.091493606567383
2012-12-11,113.11002349853516,58.66838455200195,69.43133544921875,84.87533569335938,165.64999389648438,36.92809295654297,32.02617645263672,37.740360260009766,21.934131622314453,12.2550048828125
2012-12-12,113.16522216796875,58.54387664794922,69.04010772705078,83.88993072509766,165.77000427246094,37.04707717895508,32.122440338134766,37.636417388916016,22.013452529907227,12.234044075012207
2012-12-13,112.47128295898438,58.0814208984375,68.5988998413086,83.95148468017578,164.3699951171875,36.93471145629883,31.981740951538086,37.347599029541016,21.80905532836914,12.14599609375
2012-12-14,112.05335235595703,57.530059814453125,68.55731201171875,84.5810546875,164.1300048828125,37.06690216064453,32.122440338134766,37.341827392578125,21.7266902923584,12.028606414794922
2012-12-17,113.3702392578125,58.29484939575195,69.52289581298828,83.31513977050781,164.44000244140625,37.21893310546875,32.20389175415039,37.5382080078125,21.924985885620117,12.175344467163086
2012-12-18,114.63191223144531,59.18416976928711,70.47184753417969,82.46659088134766,162.0800018310547,37.60647964477539,32.42887878417969,37.92521286010742,22.327667236328125,12.355633735656738
2012-12-19,113.78028869628906,58.926273345947266,70.62882995605469,82.74031829833984,161.69000244140625,37.7401123046875,32.41398239135742,37.87321472167969,22.175138473510742,12.292743682861328
2012-12-20,114.43479919433594,58.926273345947266,70.98146057128906,82.75395965576172,159.72999572753906,37.994041442871094,32.607669830322266,38.369956970214844,22.324615478515625,12.313705444335938
2012-12-21,113.39604187011719,58.3065299987793,70.6876220703125,83.65727233886719,160.3300018310547,37.760169982910156,32.23517990112305,38.30641555786133,22.098026275634766,12.207444190979004
2012-12-24,113.046630859375,58.190303802490234,70.3433837890625,83.50670623779297,160.6199951171875,37.65993881225586,32.16813278198242,38.35727310180664,21.92938232421875,12.173710823059082
2012-12-26,112.57013702392578,57.6805534362793,69.839599609375,83.80709838867188,160.77999877929688,37.65324783325195,32.264984130859375,38.176055908203125,21.831260681152344,12.106237411499023
2012-12-27,112.41923522949219,57.59112548828125,69.7892074584961,84.0882568359375,161.16000366210938,37.82698440551758,32.44681167602539,38.31635284423828,21.791397094726562,12.09359073638916
2012-12-28,111.20417022705078,57.03668212890625,69.29383850097656,84.56836700439453,160.5399932861328,37.42606735229492,32.5660514831543,38.06496810913086,21.41120147705078,11.958656311035156
2012-12-31,113.09424591064453,58.24393844604492,70.79676818847656,83.10758972167969,162.02000427246094,37.994041442871094,33.05044174194336,38.46836853027344,21.898725509643555,12.165275573730469
2013-01-02,115.99288177490234,60.095088958740234,72.8790283203125,81.99657440185547,163.1699981689453,38.582061767578125,33.698787689208984,38.947750091552734,22.383176803588867,12.570080757141113
2013-01-03,115.73079681396484,59.78208923339844,72.71110534667969,80.88554382324219,161.1999969482422,38.20786666870117,33.46030807495117,38.94191360473633,22.377050399780273,12.489959716796875
2013-01-04,116.23908233642578,59.585357666015625,73.24845886230469,81.20099639892578,160.44000244140625,38.40165328979492,33.52738571166992,39.12314987182617,22.62541389465332,12.439363479614258
2013-01-07,115.92137145996094,59.60322952270508,72.97139739990234,81.23530578613281,159.42999267578125,38.23460388183594,33.274009704589844,39.21083450317383,22.450639724731445,12.422496795654297
2013-01-08,115.5878677368164,59.48697280883789,72.9209976196289,81.770263671875,160.55999755859375,38.02076721191406,32.975914001464844,39.134822845458984,22.377050399780273,12.376111030578613
2013-01-09,115.88172149658203,59.71056365966797,73.27363586425781,81.69479370117188,160.49000549316406,38.21455001831055,33.11750793457031,39.24591064453125,22.340248107910156,12.397193908691406
2013-01-10,116.80290985107422,60.068275451660156,73.44155883789062,81.4684829711914,161.97999572753906,38.70233917236328,33.40814971923828,39.28682327270508,22.542621612548828,12.460444450378418
2013-01-11,116.79496765136719,60.14873123168945,73.33240509033203,82.19541931152344,161.05999755859375,38.78252410888672,33.13986587524414,39.263450622558594,22.570215225219727,12.477310180664062
2013-01-14,116.7155532836914,59.880462646484375,73.3743896484375,81.9690933227539,161.5399932861328,38.829280853271484,33.28147506713867,39.37453079223633,22.573278427124023,12.397193908691406
2013-01-15,116.79496765136719,59.585357666015625,73.69346618652344,82.34628295898438,162.55999755859375,38.76914978027344,33.13986587524414,39.56159973144531,22.674461364746094,12.317072868347168
2013-01-16,116.77909851074219,59.826812744140625,73.47513580322266,82.51776885986328,162.64999389648438,38.582061767578125,33.11005783081055,39.51483917236328,22.77564811706543,12.359245300292969
2013-01-17,117.53356170654297,60.112979888916016,74.15522003173828,81.69479370117188,163.35000610351562,38.896114349365234,33.29637145996094,39.637611389160156,22.919755935668945,12.409842491149902
2013-01-18,117.7956314086914,59.97883987426758,74.36514282226562,82.3257064819336,163.08999633789062,38.856021881103516,33.37088394165039,39.807151794433594,23.146663665771484,12.39297866821289
2013-01-22,118.43091583251953,60.07720947265625,74.90251159667969,82.48345947265625,163.6699981689453,38.876060485839844,33.318721771240234,40.01177215576172,23.36742401123047,12.426714897155762
2013-01-23,118.62154388427734,60.4438362121582,74.72616577148438,82.36003875732422,163.2100067138672,38.83598709106445,33.13986587524414,40.00008010864258,23.287708282470703,12.557428359985352
2013-01-24,118.65328979492188,59.6121940612793,74.9697036743164,82.07199096679688,161.4199981689453,39.0230712890625,33.02063751220703,40.081932067871094,23.355167388916016,12.342375755310059
2013-01-25,119.32034301757812,59.91624450683594,75.51541900634766,80.94725036621094,160.64999389648438,39.44404602050781,32.908851623535156,40.309932708740234,23.57593536376953,12.355026245117188
2013-01-28,119.1773910522461,60.05039596557617,75.5657958984375,80.65235137939453,160.2899932861328,39.25026321411133,32.67783737182617,40.41515350341797,23.53607177734375,12.397193908691406
2013-01-29,119.64595794677734,60.059329986572266,75.60781860351562,80.20655822753906,160.99000549316406,39.51754379272461,33.04299545288086,40.532100677490234,23.916275024414062,12.414063453674316
2013-01-30,119.1773910522461,59.934120178222656,74.70098876953125,80.06940460205078,162.19000244140625,39.55763626098633,32.88648986816406,40.1462516784668,23.796693801879883,12.376111030578613
2013-01-31,118.88359069824219,59.799991607666016,75.2131576538086,80.46033477783203,161.1999969482422,39.41062927246094,32.95356750488281,39.90654754638672,23.716970443725586,12.397193908691406
2013-02-01,120.1065673828125,60.506473541259766,75.8764877319336,79.41554260253906,161.4499969482422,39.72468185424805,33.16967010498047,40.1403923034668,23.9377384185791,12.536347389221191
2013-02-04,118.7564697265625,59.45118713378906,74.96127319335938,80.43284606933594,162.0,39.009700775146484,32.72999954223633,40.046844482421875,23.710840225219727,12.371893882751465
2013-02-05,119.9556655883789,60.32758331298828,75.63294982910156,79.71797943115234,161.9600067138672,39.19011306762695,32.76726150512695,39.953311920166016,23.916275024414062,12.515263557434082
2013-02-06,120.04301452636719,60.13086700439453,75.95201873779297,80.37093353271484,162.38999938964844,39.18344497680664,32.72999954223633,40.0936279296875,23.931598663330078,12.511045455932617
2013-02-07,119.88422393798828,60.18452453613281,75.70014190673828,80.19223022460938,161.83999633789062,38.862709045410156,32.43936538696289,39.92407989501953,23.870281219482422,12.511045455932617
2013-02-08,120.55128479003906,60.80157470703125,76.23749542236328,80.50154113769531,161.57000732421875,39.10993957519531,32.67783737182617,40.29240036010742,24.0941104888916,12.620682716369629
2013-02-11,120.52747344970703,60.81946563720703,76.15351867675781,80.43971252441406,159.6999969482422,39.06985092163086,32.662940979003906,40.350860595703125,23.974525451660156,12.645981788635254
2013-02-12,120.72596740722656,60.569053649902344,76.48937225341797,80.24034881591797,159.88999938964844,39.26361846923828,32.752349853515625,40.65486526489258,24.038917541503906,12.603816032409668
2013-02-13,120.82923126220703,60.78367233276367,76.80844116210938,79.5873794555664,159.0500030517578,39.357181549072266,32.91630172729492,40.6314811706543,24.12478256225586,12.599596977233887
2013-02-14,120.94042205810547,60.76578903198242,77.0015640258789,80.3090591430664,158.35000610351562,39.14334487915039,32.901390075683594,40.46193313598633,24.333267211914062,12.565863609313965
2013-02-15,120.7974853515625,60.586936950683594,77.02676391601562,80.0754165649414,155.75999450683594,39.043121337890625,32.782161712646484,40.47947692871094,24.054258346557617,12.557428359985352
2013-02-19,121.70278930664062,61.025142669677734,77.70683288574219,79.67675018310547,155.3300018310547,39.50417709350586,32.8492317199707,40.8010139465332,24.333267211914062,12.641762733459473
2013-02-20,120.18595123291016,60.08612823486328,76.26268768310547,79.9173355102539,151.44000244140625,39.11662292480469,32.5586051940918,40.53792953491211,23.82428741455078,12.468884468078613
2013-02-21,119.4553451538086,59.44226837158203,75.52384948730469,80.38470458984375,152.6199951171875,38.52859878540039,32.1114616394043,40.23393249511719,23.65871810913086,12.367677688598633
2013-02-22,120.6227798461914,60.04142761230469,76.43062591552734,80.43971252441406,152.97000122070312,39.083213806152344,32.253055572509766,40.6373291015625,23.907085418701172,12.51948070526123
2013-02-25,118.3276596069336,59.29917907714844,74.74297332763672,82.02057647705078,154.33999633789062,38.14772415161133,31.82082748413086,39.86561584472656,23.281578063964844,12.342375755310059
2013-02-26,119.13768768310547,59.52273941040039,75.03681945800781,81.54634857177734,156.22000122070312,38.45510482788086,31.999677658081055,40.1403923034668,23.51154136657715,12.414063453674316
2013-02-27,120.638671875,60.13086700439453,75.82608032226562,81.30572509765625,154.57000732421875,38.94289016723633,32.34992599487305,40.432708740234375,23.870281219482422,12.51948070526123
2013-02-28,120.40039825439453,60.005638122558594,75.96883392333984,81.45694732666016,153.0,38.90280532836914,32.20088577270508,40.39176559448242,23.821226119995117,12.494178771972656
2013-03-01,120.7974853515625,60.25605010986328,76.31307220458984,81.90058135986328,152.44000244140625,38.82261657714844,32.27541732788086,40.5262451171875,23.85188865661621,12.515263557434082
2013-03-04,121.44076538085938,60.52436447143555,76.51455688476562,81.46661376953125,152.3000030517578,38.989662170410156,31.969879150390625,40.830238342285156,23.799762725830078,12.553213119506836
2013-03-05,122.52865600585938,61.418609619140625,77.4045639038086,81.23240661621094,152.3800048828125,39.377220153808594,32.357391357421875,41.15180206298828,23.95306396484375,12.726099967956543
2013-03-06,122.69548797607422,61.2665901184082,77.6060791015625,80.49536895751953,153.22999572753906,39.47745895385742,32.513885498046875,41.02902603149414,23.980667114257812,12.717665672302246
2013-03-07,122.91785430908203,61.42752456665039,77.97553253173828,79.87543487548828,152.69000244140625,39.59103775024414,32.60332107543945,40.83610916137695,24.103322982788086,12.747183799743652
2013-03-08,123.44202423095703,61.49909591674805,78.69758605957031,79.04197692871094,152.7100067138672,39.67790603637695,32.88648986816406,40.906246185302734,24.219833374023438,12.772482872009277
2013-03-11,123.91055297851562,61.67796325683594,78.67237091064453,79.11772918701172,152.99000549316406,39.79819107055664,32.70764923095703,40.94133758544922,24.232097625732422,12.802001953125
2013-03-12,123.63256072998047,61.454368591308594,78.51284790039062,79.689453125,154.19000244140625,39.59773254394531,32.33503341674805,40.78932189941406,24.259689331054688,12.755617141723633
2013-03-13,123.80731964111328,61.37388229370117,78.80674743652344,79.60677337646484,153.66000366210938,39.5375862121582,32.029483795166016,40.830238342285156,24.204490661621094,12.747183799743652
2013-03-14,124.4664535522461,61.57959747314453,79.59598541259766,79.36568450927734,153.67999267578125,39.92515182495117,32.16362762451172,41.08749771118164,24.5356388092041,12.83995246887207
2013-03-15,124.30207061767578,61.40837478637695,79.55398559570312,79.73766326904297,154.0,40.00532913208008,31.87299346923828,41.181026458740234,24.516244888305664,12.786605834960938
2013-03-18,123.61613464355469,61.273929595947266,79.1174087524414,80.34380340576172,155.3800048828125,39.56432342529297,31.515289306640625,40.953025817871094,24.319129943847656,12.79083251953125
2013-03-19,123.3289794921875,61.15740966796875,78.78156280517578,80.88797760009766,156.0800018310547,39.44404602050781,31.29172706604004,40.754241943359375,24.05117416381836,12.773903846740723
2013-03-20,124.1904296875,61.587650299072266,79.51203918457031,79.98565673828125,155.3699951171875,39.684593200683594,31.4705867767334,40.88287353515625,24.186695098876953,12.837413787841797
2013-03-21,123.1295394897461,60.88848876953125,78.81512451171875,80.75711059570312,156.25,39.323760986328125,31.150123596191406,40.760093688964844,24.063495635986328,12.693455696105957
2013-03-22,124.11869812011719,61.4800910949707,79.05863189697266,80.81912231445312,155.5500030517578,39.66455078125,31.269372940063477,40.97454071044922,24.254446029663086,12.773903846740723
2013-03-25,123.60011291503906,61.256004333496094,79.10409545898438,80.74331665039062,155.24000549316406,39.17007827758789,31.239553451538086,40.98043441772461,24.162046432495117,12.7442626953125
2013-03-26,124.58930969238281,61.587650299072266,79.35669708251953,80.83975219726562,154.72000122070312,39.41730880737305,31.686695098876953,41.333919525146484,24.41768455505371,12.824708938598633
2013-03-27,124.58930969238281,61.668338775634766,79.40721130371094,81.52857208251953,155.36000061035156,39.22352981567383,31.805938720703125,41.410499572753906,24.497756958007812,12.79083251953125
2013-03-28,124.9721450805664,61.82070541381836,79.50823974609375,81.11530303955078,154.4499969482422,39.41062927246094,31.87299346923828,41.5518913269043,24.426921844482422,12.816241264343262
2013-04-01,124.47761535644531,61.39939498901367,78.43893432617188,81.7262191772461,154.6699981689453,38.88275146484375,31.530193328857422,41.67560577392578,24.377641677856445,12.73156452178955
2013-04-02,125.09180450439453,61.88341522216797,77.95057678222656,81.39485931396484,152.42999267578125,39.29704666137695,31.54509735107422,41.80521774291992,24.239051818847656,12.782369613647461
2013-04-03,123.82351684570312,61.318748474121094,76.72969055175781,82.12664794921875,150.72999572753906,39.1032600402832,31.17249298095703,41.65794372558594,23.786298751831055,12.680754661560059
2013-04-04,124.32606506347656,61.336673736572266,77.386474609375,83.10685729980469,150.2899932861328,39.45072937011719,31.083065032958984,42.33544158935547,23.755491256713867,12.684988021850586
2013-04-05,123.76763916015625,60.82575607299805,77.23490905761719,84.7843246459961,152.80999755859375,39.27030563354492,31.00853729248047,42.56521224975586,23.807861328125,12.587605476379395
2013-04-08,124.60523223876953,61.14842224121094,77.8747787475586,84.13545989990234,152.16000366210938,39.42399215698242,31.060712814331055,42.90691375732422,23.968013763427734,12.642645835876465
2013-04-09,125.03596496582031,61.56074905395508,77.64749145507812,83.92831420898438,153.33999633789062,39.56432342529297,31.36625099182129,42.91278839111328,24.171289443969727,12.73156452178955
2013-04-10,126.56747436523438,62.761878967285156,79.05355834960938,82.77550506591797,150.75,40.15234375,31.66432762145996,43.17790985107422,24.30064582824707,12.955964088439941
2013-04-11,126.98230743408203,62.73496627807617,79.16300964355469,82.93429565429688,151.0500030517578,40.46638488769531,31.694133758544922,43.43124771118164,24.405364990234375,12.913619995117188
2013-04-12,126.67118072509766,62.690128326416016,78.84307861328125,84.1699447631836,143.9499969482422,40.36616516113281,31.209747314453125,43.53727722167969,24.023447036743164,12.858580589294434
2013-04-15,123.73574829101562,61.453216552734375,75.87090301513672,84.90166473388672,131.30999755859375,39.57099533081055,30.449630737304688,42.63591384887695,23.044029235839844,12.646886825561523
2013-04-16,125.56242370605469,62.26890182495117,77.1843490600586,84.20446014404297,132.8000030517578,40.13228988647461,31.075611114501953,43.342872619628906,23.3273868560791,12.803540229797363
2013-04-17,123.72776794433594,61.04985427856445,75.8456039428711,84.76366424560547,132.8699951171875,39.29704666137695,30.583765029907227,42.88333511352539,22.81611442565918,12.541030883789062
2013-04-18,122.95407104492188,60.20729446411133,75.42464447021484,84.97069549560547,134.3000030517578,39.17676544189453,30.583765029907227,42.818546295166016,23.01015853881836,12.409782409667969
2013-04-19,124.02294158935547,61.031898498535156,76.2918701171875,84.7912368774414,135.47000122070312,39.490814208984375,31.030887603759766,43.47836685180664,22.96394920349121,12.426716804504395
2013-04-22,124.57331848144531,61.659358978271484,76.51081848144531,84.85334014892578,137.89999389648438,39.657859802246094,31.179950714111328,43.41945266723633,23.21034812927246,12.524096488952637
2013-04-23,125.85757446289062,62.25092697143555,77.72325134277344,84.5564956665039,136.8800048828125,40.21915817260742,31.328990936279297,43.6610107421875,23.478303909301758,12.659584999084473
2013-04-24,125.93733978271484,62.22403335571289,78.12739562988281,84.77047729492188,138.3699951171875,40.566627502441406,31.515289306640625,43.75525665283203,23.792457580566406,12.680754661560059
2013-04-25,126.4478759765625,62.555686950683594,78.64102172851562,84.40460968017578,141.6300048828125,40.78043746948242,31.79846954345703,43.607975006103516,23.810937881469727,12.723094940185547
2013-04-26,126.22451782226562,62.35850524902344,78.2199935913086,85.17779541015625,140.91000366210938,40.81385040283203,31.47804069519043,43.466583251953125,23.770896911621094,12.71885871887207
2013-04-29,127.0700454711914,62.932151794433594,78.78414154052734,84.86719512939453,142.3000030517578,41.335060119628906,31.805938720703125,43.83775329589844,24.01113510131836,12.900923728942871
2013-04-30,127.37312316894531,63.389286041259766,79.23037719726562,84.91551971435547,142.77000427246094,41.38852310180664,32.26051330566406,44.350303649902344,24.106611251831055,13.04063892364502
2013-05-01,126.25642395019531,63.0935173034668,77.31067657470703,85.78783416748047,141.11000061035156,41.14128494262695,31.910261154174805,43.99680709838867,23.730863571166992,12.926322937011719
2013-05-02,127.42902374267578,63.8912353515625,78.53995513916016,85.67716217041016,141.9199981689453,41.26823425292969,32.16362762451172,44.28548049926758,24.04193878173828,13.091447830200195
2013-05-03,128.72122192382812,64.6441650390625,79.78607177734375,83.65709686279297,142.08999633789062,41.796112060546875,32.43190383911133,44.462223052978516,24.476205825805664,13.214237213134766
2013-05-06,129.04832458496094,64.89514923095703,80.29969024658203,83.44963073730469,142.14999389648438,41.742652893066406,32.47662353515625,44.69199752807617,24.642520904541016,13.277745246887207
2013-05-07,129.70233154296875,64.85929870605469,80.95645141601562,83.12442016601562,140.3800048828125,41.809478759765625,32.70764923095703,44.93943786621094,24.833471298217773,13.26927661895752
2013-05-08,130.29263305664062,65.17301177978516,81.19219970703125,83.25581359863281,142.4600067138672,42.25049591064453,32.961021423339844,44.96299743652344,24.873516082763672,13.37512493133545
2013-05-09,129.92575073242188,65.08338928222656,80.91436004638672,83.04144287109375,140.80999755859375,41.84288787841797,32.7225456237793,44.66843795776367,24.851957321166992,13.337018966674805
2013-05-10,130.34849548339844,65.47775268554688,81.52902221679688,82.14904022216797,139.60000610351562,41.889652252197266,32.46917724609375,44.83338928222656,24.722599029541016,13.37512493133545
2013-05-13,130.4522247314453,65.5584487915039,81.47007751464844,81.51953887939453,138.42999267578125,41.869625091552734,32.17107391357422,45.045475006103516,24.719514846801758,13.341254234313965
2013-05-14,131.80026245117188,65.89904022216797,82.51411437988281,80.63400268554688,137.80999755859375,41.94980239868164,32.320125579833984,45.210445404052734,25.070629119873047,13.383596420288086
2013-05-15,132.51022338867188,66.03350830078125,82.68251037597656,81.17363739013672,134.6300048828125,42.130218505859375,32.32758331298828,45.6581916809082,24.99979019165039,13.425932884216309
2013-05-16,131.8880157470703,65.96179962158203,82.47200012207031,82.01762390136719,134.08999633789062,41.84288787841797,32.21580123901367,45.42253112792969,24.87659454345703,13.49791145324707
2013-05-17,133.16429138183594,66.59819030761719,83.39818572998047,80.97993469238281,131.07000732421875,42.130218505859375,32.357391357421875,45.67586898803711,25.292381286621094,13.63339900970459
2013-05-20,133.1563262939453,66.4996109008789,83.53291320800781,80.88311004638672,135.1199951171875,42.364078521728516,32.43936538696289,45.781890869140625,25.64965057373047,13.63339900970459
2013-05-21,133.3477783203125,66.57129669189453,83.54978942871094,81.51953887939453,132.8800048828125,42.45094680786133,32.37228775024414,46.041114807128906,25.597288131713867,13.591055870056152
2013-05-22,132.35870361328125,65.9886703491211,82.32887268066406,80.30889892578125,131.94000244140625,42.02330017089844,32.01459503173828,44.921756744384766,25.301618576049805,13.442866325378418
2013-05-23,131.97576904296875,65.83631896972656,82.42992401123047,80.68937683105469,134.61000061035156,41.42192459106445,31.776121139526367,44.079288482666016,25.313949584960938,13.438637733459473
2013-05-24,131.8640899658203,65.80044555664062,82.41304779052734,80.8000717163086,133.75999450683594,41.06109619140625,31.50039291381836,43.96736145019531,25.166109085083008,13.417469024658203
2013-05-28,132.6537628173828,66.23069763183594,83.4823989868164,78.75240325927734,133.49000549316406,41.168006896972656,31.671794891357422,43.59032440185547,25.43099594116211,13.480977058410645
2013-05-29,131.79229736328125,65.9169921875,82.70777893066406,79.6379165649414,134.8300018310547,40.77376937866211,31.269372940063477,42.665367126464844,25.37554359436035,13.44710636138916
2013-05-30,132.27886962890625,66.26652526855469,83.26346588134766,79.44415283203125,136.6999969482422,40.93413543701172,31.269372940063477,42.26475143432617,25.317018508911133,13.531783103942871
2013-05-31,130.38038635253906,65.65703582763672,82.34571838378906,79.17445373535156,133.9199981689453,40.13896560668945,30.7030029296875,41.69917678833008,24.793432235717773,13.404765129089355
2013-06-03,131.09832763671875,65.7735595703125,83.12877655029297,79.59387969970703,136.50999450683594,40.29265594482422,31.1575927734375,41.93483352661133,25.033679962158203,13.472508430480957
2013-06-04,130.46817016601562,65.4329833984375,82.24468231201172,78.8588638305664,135.22999572753906,40.43966293334961,30.777528762817383,41.35158157348633,24.83655548095703,13.413232803344727
2013-06-05,128.64146423339844,64.58145904541016,81.19219970703125,79.94757843017578,135.52000427246094,39.5375862121582,30.226064682006836,41.0098762512207,24.547040939331055,13.281980514526367
2013-06-06,129.80606079101562,64.89514923095703,82.0510482788086,79.89903259277344,136.52999877929688,39.75808334350586,30.479429244995117,41.66971969604492,24.731843948364258,13.311614990234375
2013-06-07,131.45726013183594,65.78254699707031,82.68251037597656,78.47052764892578,133.27999877929688,40.29265594482422,30.322940826416016,41.67560577392578,25.042909622192383,13.434403419494629
2013-06-10,131.45726013183594,65.80941009521484,83.1877212524414,78.09612274169922,133.94000244140625,40.33274841308594,29.913076400756836,41.31623458862305,24.972068786621094,13.464037895202637
2013-06-11,130.10122680664062,65.15509796142578,82.28678131103516,79.02527618408203,133.25,39.838279724121094,29.346708297729492,40.70351791381836,24.593236923217773,13.324317932128906
2013-06-12,129.02435302734375,64.40213012695312,81.47007751464844,77.89497375488281,134.25,39.79151153564453,29.145496368408203,40.149757385253906,24.44232177734375,13.235404968261719
2013-06-13,130.98666381835938,65.21781921386719,82.90985870361328,79.11541748046875,133.74000549316406,40.399566650390625,29.76403045654297,41.1925163269043,24.851957321166992,13.387825012207031
2013-06-14,130.16502380371094,64.78758239746094,82.26992797851562,78.92821502685547,134.42999267578125,39.958553314208984,29.294546127319336,41.345699310302734,24.611713409423828,13.286212921142578
2013-06-17,131.17007446289062,65.4150390625,82.80879974365234,78.51213073730469,133.77000427246094,40.533206939697266,29.56281852722168,41.46352767944336,24.965913772583008,13.408995628356934
2013-06-18,132.20706176757812,65.95282745361328,83.7855224609375,78.55374908447266,132.1300048828125,40.82054138183594,29.689502716064453,41.67560577392578,25.107589721679688,13.514846801757812
2013-06-19,130.38038635253906,65.21781921386719,82.75827026367188,77.74242401123047,130.58999633789062,40.05879211425781,28.772886276245117,40.397193908691406,24.87659454345703,13.358187675476074
2013-06-20,127.14983367919922,63.66716003417969,80.56913757324219,76.46649169921875,123.5999984741211,38.5887451171875,27.483657836914062,38.7181396484375,24.149734497070312,13.061814308166504
2013-06-21,127.55794525146484,63.32908248901367,80.80490112304688,75.16972351074219,125.05000305175781,38.715702056884766,27.878618240356445,39.24247360229492,24.191190719604492,12.983088493347168
2013-06-24,125.9461669921875,62.699642181396484,79.74401092529297,75.48179626464844,123.93000030517578,38.10763168334961,27.312265396118164,39.06464385986328,23.83222198486328,12.825639724731445
2013-06-25,127.15703582763672,63.15825653076172,80.51020812988281,74.80914306640625,123.47000122070312,38.59541320800781,27.89352798461914,39.718875885009766,24.13858985900879,12.932022094726562
2013-06-26,128.41600036621094,63.72472381591797,80.88909149169922,75.29454803466797,118.27999877929688,38.749107360839844,28.333213806152344,40.31960678100586,24.287137985229492,13.008617401123047
2013-06-27,129.16981506347656,63.99447250366211,82.14364624023438,76.06424713134766,115.94000244140625,39.13907241821289,28.901731491088867,41.12849807739258,24.33355140686035,13.0724515914917
2013-06-28,128.64056396484375,64.08436584472656,81.67213439941406,76.58435821533203,119.11000061035156,39.06407928466797,29.067825317382812,40.87274169921875,24.231426239013672,13.017130851745605
2013-07-01,129.3943328857422,64.48001861572266,83.0024642944336,76.7386703491211,121.12999725341797,39.43220901489258,29.158432006835938,40.78352737426758,24.40472984313965,13.08521842956543
2013-07-02,129.2740020751953,64.50698852539062,82.9432601928711,76.68995666503906,120.05000305175781,39.23451232910156,28.637479782104492,41.40803909301758,24.457340240478516,13.106487274169922
2013-07-03,129.33018493652344,64.7677230834961,83.11238861083984,76.46064758300781,120.73999786376953,39.24814987182617,28.373220443725586,41.13444137573242,24.441871643066406,13.183090209960938
2013-07-05,130.72547912597656,65.26228332519531,84.28787994384766,73.8542709350586,118.08999633789062,39.43220901489258,28.1920223236084,40.938167572021484,24.745140075683594,13.268195152282715
2013-07-08,131.47122192382812,65.32524871826172,84.62615966796875,74.57012176513672,119.51000213623047,39.67764663696289,28.229778289794922,40.97980499267578,24.906082153320312,13.259685516357422
2013-07-09,132.4174346923828,65.72087860107422,85.41261291503906,74.64661407470703,120.62000274658203,39.89580154418945,28.599729537963867,41.562679290771484,25.15983009338379,13.310750961303711
2013-07-10,132.4656219482422,66.09855651855469,85.64940643310547,74.06279754638672,120.94999694824219,40.01169967651367,28.327926635742188,41.58052444458008,25.005096435546875,13.353300094604492
2013-07-11,134.2698974609375,67.41134643554688,86.65576934814453,74.93154907226562,124.23999786376953,41.04795837402344,29.717144012451172,42.585693359375,25.20625114440918,13.578836441040039
2013-07-12,134.32598876953125,67.70806884765625,86.83335876464844,74.8690185546875,124.12999725341797,40.7752685546875,29.400028228759766,42.32398986816406,25.34860610961914,13.587347984313965
2013-07-15,134.83920288085938,67.86093139648438,87.59442901611328,75.26519775390625,124.18000030517578,41.02751159667969,29.702041625976562,42.502403259277344,25.32694435119629,13.625646591186523
2013-07-16,134.3340606689453,67.77100372314453,87.15467834472656,75.52237701416016,124.88999938964844,41.00023651123047,29.822843551635742,42.53216552734375,25.172208786010742,13.634156227111816
2013-07-17,134.67881774902344,67.94186401367188,87.49295043945312,75.66138458251953,123.31999969482422,41.12295150756836,30.094648361206055,42.68679428100586,25.283618927001953,13.646927833557129
2013-07-18,135.41661071777344,67.77100372314453,88.07648468017578,74.71611785888672,124.01000213623047,41.39564895629883,29.739784240722656,43.04961395263672,25.55286979675293,13.612879753112793
2013-07-19,135.65711975097656,67.06964111328125,88.2117691040039,75.89771270751953,125.11000061035156,41.36156463623047,29.65673828125,43.01988220214844,25.908756256103516,13.383091926574707
2013-07-22,135.92172241210938,67.26746368408203,88.39784240722656,76.00885009765625,128.83999633789062,41.59334945678711,29.951189041137695,43.15073013305664,25.8251895904541,13.421387672424316
2013-07-23,135.63311767578125,66.77291107177734,88.3386459350586,75.68919372558594,129.7100067138672,41.681983947753906,30.275850296020508,43.1031379699707,25.868520736694336,13.366068840026855
2013-07-24,135.13592529296875,66.98876190185547,87.60293579101562,74.73002624511719,127.4800033569336,41.62744903564453,29.96628761291504,42.264495849609375,25.58071517944336,13.45543098449707
2013-07-25,135.4646759033203,67.41134643554688,88.40629577636719,74.70221710205078,128.6699981689453,41.709251403808594,30.139944076538086,42.32992172241211,25.750930786132812,13.46394157409668
2013-07-26,135.60903930664062,67.77100372314453,88.05109405517578,75.16093444824219,128.77999877929688,41.4501953125,30.071990966796875,42.36561584472656,25.68593978881836,13.502241134643555
2013-07-29,135.19207763671875,67.64515686035156,87.43376922607422,74.61185455322266,128.47000122070312,41.05477523803711,29.694494247436523,42.050392150878906,25.47239875793457,13.480965614318848
2013-07-30,135.19207763671875,68.00479125976562,87.50989532470703,74.58403778076172,128.1199951171875,41.04795837402344,29.62653923034668,41.92548751831055,25.42288589477539,13.549050331115723
2013-07-31,135.28823852539062,68.13069152832031,87.66211700439453,74.85509490966797,127.95999908447266,41.14340591430664,29.45288848876953,41.24149703979492,25.506431579589844,13.502241134643555
2013-08-01,136.85203552246094,68.82307434082031,88.85447692871094,73.41279602050781,126.61000061035156,41.70243453979492,29.988941192626953,41.080909729003906,25.92113494873047,13.646927833557129
2013-08-02,137.0845184326172,69.20972442626953,88.93059539794922,74.2210693359375,126.36000061035156,42.04330062866211,29.981386184692383,40.878684997558594,25.80662727355957,13.706501007080078
2013-08-05,136.88404846191406,69.25468444824219,89.23503875732422,73.64967346191406,125.69999694824219,41.95468521118164,29.792638778686523,40.84895324707031,25.744735717773438,13.736284255981445
2013-08-06,136.10621643066406,68.84103393554688,88.3386459350586,73.86569213867188,123.97000122070312,41.8933219909668,29.415138244628906,40.706207275390625,25.5869083404541,13.663944244384766
2013-08-07,135.6652069091797,68.7151107788086,87.71283721923828,74.41614532470703,124.1500015258789,41.709251403808594,29.098033905029297,40.599143981933594,25.497159957885742,13.629900932312012
2013-08-08,136.162353515625,69.05685424804688,88.07648468017578,74.61817932128906,126.86000061035156,42.08420944213867,29.65673828125,40.61698532104492,25.63641357421875,13.672454833984375
2013-08-09,135.76937866210938,68.7780990600586,87.98344421386719,74.73667907714844,126.86000061035156,42.15921401977539,29.717144012451172,40.973846435546875,25.559053421020508,13.604371070861816
2013-08-12,135.60903930664062,68.93991088867188,88.44857025146484,74.22804260253906,129.1300048828125,42.04330062866211,29.99650001525879,40.682430267333984,25.45073699951172,13.693730354309082
2013-08-13,136.010009765625,69.32659149169922,88.33016967773438,73.15501403808594,127.73999786376953,42.31601333618164,30.177696228027344,40.123329162597656,25.497159957885742,13.787351608276367
2013-08-14,135.3123016357422,69.06584167480469,87.98344421386719,73.26647186279297,129.0,42.336463928222656,30.275850296020508,39.96868133544922,25.379562377929688,13.77458381652832
2013-08-15,133.41981506347656,67.89686584472656,86.35131072998047,72.27703857421875,131.69000244140625,41.981956481933594,29.928544998168945,39.237125396728516,25.24030113220215,13.553303718566895
2013-08-16,132.9788360595703,67.86992645263672,85.98767852783203,72.02617645263672,132.5800018310547,42.056941986083984,29.67184066772461,38.27358627319336,25.138172149658203,13.54053783416748
2013-08-19,132.12879943847656,67.75302124023438,85.11664581298828,71.3991470336914,132.00999450683594,41.75697326660156,29.113136291503906,37.768043518066406,24.73896598815918,13.497986793518066
2013-08-20,132.7783203125,68.04975891113281,86.34286499023438,71.9495620727539,132.4499969482422,41.70243453979492,29.060285568237305,38.624507904052734,24.89059829711914,13.51926040649414
2013-08-21,131.9603729248047,67.81596374511719,85.81855773925781,71.16219329833984,132.07000732421875,41.211578369140625,28.380769729614258,38.53529357910156,24.754430770874023,13.48947811126709
2013-08-22,133.1632537841797,68.48135375976562,87.02783966064453,71.88681030273438,132.80999755859375,41.61380386352539,28.841331481933594,38.76723861694336,25.122699737548828,13.549050331115723
2013-08-23,133.6122589111328,68.93991088867188,87.24773406982422,72.66722106933594,134.89999389648438,41.97513961791992,29.181087493896484,39.17169952392578,25.30219268798828,13.646927833557129
2013-08-26,133.11508178710938,68.97589874267578,87.25618743896484,73.02955627441406,135.4499969482422,41.6683464050293,28.86397361755371,39.058692932128906,25.25887107849121,13.583091735839844
2013-08-27,130.97406005859375,67.5641860961914,85.20967102050781,73.9493179321289,136.75,40.95933532714844,28.19957160949707,38.868370056152344,25.101041793823242,13.344796180725098
2013-08-28,131.43917846679688,67.82495880126953,85.37879943847656,73.35002136230469,136.7100067138672,40.91160583496094,28.25996971130371,38.63045120239258,25.51881980895996,13.353300094604492
2013-08-29,131.6476593017578,68.30152130126953,86.23291015625,73.93535614013672,135.8699951171875,40.84343719482422,28.486478805541992,38.68992614746094,25.252674102783203,13.425642967224121
2013-08-30,131.2306365966797,67.86093139648438,84.88826751708984,73.85175323486328,134.6199951171875,40.33893966674805,28.705427169799805,38.36281204223633,25.24340057373047,13.361814498901367
2013-09-03,131.82408142089844,68.24757385253906,85.46336364746094,72.8101577758789,136.4199981689453,41.11613464355469,28.886634826660156,38.02973175048828,25.429075241088867,13.374576568603516
2013-09-04,132.91468811035156,68.97589874267578,86.21601104736328,72.6494369506836,134.66000366210938,41.484275817871094,29.400028228759766,38.35686111450195,25.56524658203125,13.502241134643555
2013-09-05,133.08302307128906,69.09278869628906,86.35131072998047,71.63642120361328,132.1999969482422,41.4501953125,29.747337341308594,37.95241928100586,25.651897430419922,13.510750770568848
2013-09-06,133.14724731445312,69.17369842529297,86.58808898925781,71.99272918701172,134.14999389648438,41.67516326904297,30.18524932861328,38.54123306274414,25.648786544799805,13.51926040649414
2013-09-09,134.42225646972656,69.98297882080078,87.89889526367188,72.02766418457031,133.91000366210938,42.247833251953125,30.978004455566406,39.34417724609375,25.936613082885742,13.680967330932617
2013-09-10,135.41661071777344,70.32467651367188,88.7614517211914,71.52468872070312,131.74000549316406,42.72504806518555,31.21204948425293,39.31443405151367,25.94588279724121,13.766074180603027
2013-09-11,135.84156799316406,70.18978118896484,88.80377197265625,72.16033935546875,131.6999969482422,42.87503433227539,31.234704971313477,39.62968063354492,26.143943786621094,13.702239036560059
2013-09-12,135.48074340820312,70.14482116699219,88.15257263183594,72.06262969970703,127.66999816894531,42.62960433959961,30.87230110168457,39.37390899658203,25.989215850830078,13.715005874633789
2013-09-13,135.78543090820312,70.18978118896484,88.63462829589844,72.342041015625,127.81999969482422,42.83414077758789,31.076147079467773,39.486907958984375,25.979923248291016,13.727774620056152
2013-09-16,136.5713348388672,70.00096893310547,88.82913208007812,71.8599624633789,126.44999694824219,43.168190002441406,31.4234619140625,39.87947463989258,25.973735809326172,13.706501007080078
2013-09-17,137.1807861328125,70.4685287475586,89.7086410522461,72.45380401611328,126.5,43.195457458496094,31.35550880432129,39.85568618774414,26.091337203979492,13.77458381652832
2013-09-18,138.7685089111328,71.31378936767578,90.56275939941406,73.34806823730469,132.00999450683594,44.34760665893555,32.669219970703125,41.205810546875,26.406993865966797,13.949052810668945
2013-09-19,138.53591918945312,71.48460388183594,90.4697265625,72.9149398803711,131.75,44.136268615722656,32.49557113647461,41.17012405395508,26.34200668334961,13.957565307617188
2013-09-20,137.5674285888672,71.23931884765625,90.13992309570312,73.29916381835938,127.95999908447266,43.81584167480469,31.770763397216797,40.49803924560547,26.128416061401367,13.858359336853027
2013-09-23,136.93077087402344,71.0949935913086,90.14835357666016,73.83714294433594,127.55000305175781,43.80221176147461,31.884021759033203,40.22073745727539,26.000947952270508,13.901115417480469
2013-09-24,136.6085205078125,71.0949935913086,90.44769287109375,74.63349151611328,127.66000366210938,43.73403549194336,31.612207412719727,39.91461181640625,26.025815963745117,13.84125804901123
2013-09-25,136.21359252929688,70.85148620605469,90.2780990600586,74.78718566894531,128.7899932861328,43.78176498413086,31.370615005493164,40.04668045043945,26.01961326599121,13.819875717163086
2013-09-26,136.73739624023438,71.40160369873047,90.77835083007812,74.26325988769531,127.79000091552734,43.96583557128906,31.498964309692383,40.29276657104492,26.066234588623047,13.87118911743164
2013-09-27,136.10888671875,71.31141662597656,90.37135314941406,74.44486999511719,128.97000122070312,43.80904006958008,31.12900161743164,40.12470245361328,25.97607421875,13.785670280456543
2013-09-30,135.3836669921875,71.14009094238281,90.3968276977539,74.33312225341797,128.17999267578125,43.49542999267578,30.774150848388672,39.69854736328125,25.777090072631836,13.700152397155762
2013-10-01,136.4553680419922,71.86160278320312,91.44824981689453,74.10758209228516,124.58999633789062,43.72722244262695,31.385709762573242,40.274757385253906,25.94187355041504,13.819875717163086
2013-10-02,136.326416015625,71.83454132080078,91.07514190673828,74.21964263916016,127.05999755859375,43.713592529296875,31.506511688232422,40.33476638793945,26.000947952270508,13.824153900146484
2013-10-03,135.06944274902344,70.99580383300781,90.1424331665039,74.10053253173828,127.18000030517578,43.42725372314453,31.385709762573242,39.632511138916016,25.773983001708984,13.704427719116211
2013-10-04,136.09280395507812,71.60906982421875,90.74446868896484,74.04449462890625,126.52999877929688,43.52951431274414,31.793411254882812,39.55448913574219,26.03514862060547,13.760014533996582
2013-10-07,134.9163055419922,71.01383209228516,89.68453979492188,74.3456802368164,127.63999938964844,43.07956314086914,31.521608352661133,39.73455047607422,25.82062530517578,13.700152397155762
2013-10-08,133.344970703125,69.6429672241211,88.23461151123047,74.36671447753906,127.4000015258789,42.74550247192383,31.219608306884766,39.30240249633789,25.543922424316406,13.482077598571777
2013-10-09,133.44168090820312,69.42652893066406,87.87849426269531,73.77131652832031,126.11000061035156,42.92957305908203,31.453649520874023,39.30839538574219,25.453760147094727,13.5333890914917
2013-10-10,136.3184051513672,70.89657592773438,89.99828338623047,73.89044189453125,124.2699966430664,43.699951171875,32.193572998046875,40.310768127441406,25.92633056640625,13.760014533996582
2013-10-11,137.19677734375,71.45576477050781,91.30406951904297,73.86943817138672,122.5999984741211,43.93175506591797,32.3370246887207,40.712921142578125,26.206134796142578,13.875467300415039
2013-10-14,137.74465942382812,71.96082305908203,91.76197052001953,73.27400207519531,122.83000183105469,44.08174133300781,32.525760650634766,40.7369270324707,26.38335609436035,13.922502517700195
2013-10-15,136.74546813964844,71.68124389648438,90.86316680908203,73.22500610351562,123.7300033569336,43.870384216308594,32.208675384521484,40.58686447143555,26.286985397338867,13.836982727050781
2013-10-16,138.65524291992188,72.49290466308594,91.99088287353516,74.14258575439453,123.54000091552734,44.197635650634766,32.46537780761719,41.34914016723633,26.68182945251465,13.969533920288086
2013-10-17,139.58184814453125,72.90779113769531,92.79642486572266,74.81500244140625,127.41999816894531,44.783935546875,32.669219970703125,41.97336959838867,26.737791061401367,13.973816871643066
2013-10-18,140.5247344970703,74.0892105102539,93.85635375976562,74.9760971069336,126.8499984741211,45.049808502197266,32.69942855834961,41.931365966796875,27.030033111572266,14.21327018737793
2013-10-21,140.5327606201172,74.25155639648438,93.6697998046875,74.73797607421875,126.9800033569336,45.117984771728516,32.64657211303711,41.67926025390625,26.90879249572754,14.29023265838623
2013-10-22,141.3466339111328,74.35978698730469,93.91571044921875,75.57148742675781,129.33999633789062,45.56793975830078,32.96367645263672,42.063419342041016,27.05802345275879,14.285955429077148
2013-10-23,140.6697998046875,73.90885162353516,93.60193634033203,75.86568450927734,128.69000244140625,45.12480163574219,32.193572998046875,42.141448974609375,26.635194778442383,14.217545509338379
2013-10-24,141.1371307373047,74.2335205078125,94.10221862792969,75.57148742675781,129.89999389648438,45.43840408325195,32.1256217956543,42.12943649291992,26.762662887573242,14.251749992370605
2013-10-25,141.78172302246094,74.76563262939453,94.18699645996094,75.8516616821289,130.4600067138672,45.308876037597656,32.2766227722168,42.6456298828125,26.924327850341797,14.324440956115723
2013-10-28,142.0073699951172,74.78369903564453,94.14460754394531,75.59249877929688,130.55999755859375,45.23387145996094,32.46537780761719,42.339508056640625,26.94610023498535,14.37147331237793
2013-10-29,142.76486206054688,74.9099349975586,94.41593170166016,75.6905517578125,129.77000427246094,45.32931900024414,32.57107162475586,42.09343338012695,27.1357421875,14.465550422668457
2013-10-30,142.0557403564453,74.83780670166016,93.1270980834961,75.23531341552734,129.60000610351562,45.16571044921875,32.3898811340332,41.739288330078125,26.952314376831055,14.435614585876465
2013-10-31,141.65283203125,74.66641998291016,92.58443450927734,75.39635467529297,127.73999786376953,44.9134635925293,32.057674407958984,41.49319076538086,26.85902976989746,14.388583183288574
2013-11-01,141.99124145507812,74.68447875976562,92.1859359741211,74.58027648925781,126.94999694824219,44.69530487060547,32.07276916503906,41.70928192138672,26.762662887573242,14.392860412597656
2013-11-04,142.49085998535156,74.79267120361328,93.245849609375,74.6505126953125,126.80999755859375,44.9134635925293,32.269081115722656,41.78731155395508,27.0953369140625,14.448446273803711
2013-11-05,142.03961181640625,74.87385559082031,92.92362976074219,73.75863647460938,126.55999755859375,44.52486801147461,31.619766235351562,41.10304641723633,26.849714279174805,14.409955024719238
2013-11-06,142.76486206054688,74.8558349609375,92.52505493164062,73.79366302490234,127.19999694824219,44.9134635925293,31.717910766601562,41.04303741455078,26.930545806884766,14.555339813232422
2013-11-07,140.95982360839844,73.44892120361328,90.96491241455078,74.41875457763672,126.16000366210938,44.204444885253906,31.14409065246582,40.53285598754883,26.51393699645996,14.367197036743164
2013-11-08,142.86154174804688,74.44096374511719,92.61837005615234,72.62782287597656,124.27999877929688,44.46352005004883,31.076147079467773,39.98664855957031,26.90879249572754,14.495477676391602
2013-11-11,142.88572692871094,74.32373809814453,92.74554443359375,72.35384368896484,123.87000274658203,44.5589485168457,30.917604446411133,40.028656005859375,26.958538055419922,14.512581825256348
2013-11-12,142.59559631347656,74.44096374511719,92.82186126708984,72.69097900390625,122.44999694824219,44.40896987915039,30.751497268676758,39.84859085083008,26.70980453491211,14.551070213317871
2013-11-13,143.73985290527344,75.34284973144531,93.71219635009766,72.95792388916016,122.8499984741211,44.55214309692383,30.80435562133789,40.1067008972168,26.942989349365234,14.675070762634277
2013-11-14,144.45701599121094,75.57732391357422,93.618896484375,73.40735626220703,124.2699966430664,44.75666046142578,31.302661895751953,40.3887825012207,27.10465431213379,14.63658332824707
2013-11-15,145.08554077148438,75.72164154052734,93.97503662109375,73.55489349365234,124.31999969482422,45.117984771728516,31.899118423461914,40.53883743286133,27.253890991210938,14.666512489318848
2013-11-18,144.577880859375,74.98208618164062,93.31364440917969,73.99732971191406,122.9000015258789,45.117984771728516,32.18602752685547,40.28675079345703,27.045581817626953,14.61092758178711
2013-11-19,144.2636260986328,74.76563262939453,92.73705291748047,73.43545532226562,122.94999694824219,45.002079010009766,31.989713668823242,40.00465774536133,27.092220306396484,14.55961799621582
2013-11-20,143.81236267089844,74.58527374267578,92.70319366455078,72.18531036376953,120.12000274658203,44.68849563598633,31.551815032958984,39.51847457885742,27.026935577392578,14.512581825256348
2013-11-21,144.97276306152344,75.34284973144531,94.37354278564453,72.30469512939453,119.94000244140625,44.96799850463867,31.521608352661133,39.82457733154297,27.284976959228516,14.63658332824707
2013-11-22,145.697998046875,75.74869537353516,94.83992004394531,72.97893524169922,119.91999816894531,45.097537994384766,31.748111724853516,39.66853332519531,27.43111228942871,14.60665225982666
2013-11-25,145.552978515625,75.92906188964844,94.95862579345703,73.18965148925781,120.45999908447266,44.96118927001953,31.340408325195312,39.48246383666992,27.182388305664062,14.60665225982666
2013-11-26,145.59323120117188,76.32587432861328,95.66239929199219,73.46357727050781,119.81999969482422,44.96118927001953,31.44610595703125,39.34441375732422,27.11399269104004,14.657963752746582
2013-11-27,145.94784545898438,76.85798645019531,96.19660186767578,73.33711242675781,119.45999908447266,45.07026290893555,31.649961471557617,39.680538177490234,26.930545806884766,14.77341365814209
2013-11-29,145.85110473632812,77.31795501708984,96.2474594116211,73.35823822021484,120.69999694824219,45.15888977050781,31.974613189697266,39.314395904541016,26.874582290649414,14.833282470703125
2013-12-02,145.47238159179688,77.09248352050781,95.28083801269531,72.78764343261719,117.58000183105469,44.824832916259766,31.302661895751953,39.08632278442383,26.893238067626953,14.786242485046387
2013-12-03,144.8438262939453,77.02937316894531,94.82296752929688,73.05532836914062,117.95999908447266,44.511234283447266,31.196945190429688,39.00828552246094,26.958538055419922,14.820450782775879
2013-12-04,144.8276824951172,77.10150146484375,94.56857299804688,72.35795593261719,119.95999908447266,44.27261734008789,31.15921401977539,39.15234375,26.871471405029297,14.833282470703125
2013-12-05,144.191162109375,77.00228881835938,94.63642883300781,72.15367126464844,118.30000305175781,44.020362854003906,30.978004455566406,39.290382385253906,26.78131103515625,14.786242485046387
2013-12-06,145.80274963378906,77.56147003173828,95.37410736083984,72.49883270263672,118.55000305175781,44.56576156616211,31.665061950683594,39.57249069213867,26.865253448486328,14.888866424560547
2013-12-09,146.17344665527344,77.87712860107422,95.3486557006836,72.66790008544922,119.72000122070312,44.518043518066406,31.710363388061523,39.76456832885742,26.902563095092773,14.935904502868652
2013-12-10,145.64962768554688,77.82300567626953,94.4837875366211,73.1891098022461,121.81999969482422,44.443058013916016,31.7254581451416,39.66252899169922,26.821733474731445,14.905970573425293
2013-12-11,144.0138702392578,76.82192993164062,92.93208312988281,72.6256332397461,120.86000061035156,44.027191162109375,31.023298263549805,38.75019073486328,26.442447662353516,14.769146919250488
2013-12-12,143.53846740722656,76.6235122680664,93.13562774658203,72.35092163085938,118.29000091552734,43.70677185058594,30.842100143432617,38.53413009643555,26.554357528686523,14.67078971862793
2013-12-13,143.52227783203125,76.52430725097656,93.44084930419922,72.7031021118164,119.37999725341797,43.679500579833984,30.917604446411133,38.63016128540039,26.467313766479492,14.623758316040039
2013-12-16,144.41673278808594,76.94818878173828,94.55165100097656,72.4354476928711,119.69000244140625,43.993099212646484,31.121458053588867,38.7621955871582,26.69736671447754,14.769146919250488
2013-12-17,143.9574432373047,76.79485321044922,94.41593170166016,72.75945281982422,118.6500015258789,43.80221176147461,30.849653244018555,38.9422607421875,26.545026779174805,14.764859199523926
2013-12-18,146.41517639160156,77.68773651123047,95.7132797241211,72.39315795898438,117.61000061035156,44.49124526977539,31.463682174682617,39.632511138916016,26.94610023498535,14.880314826965332
2013-12-19,146.24594116210938,77.4712905883789,95.00101470947266,72.32272338867188,114.81999969482422,44.49124526977539,30.884689331054688,39.08632278442383,27.02383041381836,14.905970573425293
2013-12-20,147.0966339111328,78.26020050048828,96.60357666015625,73.43573760986328,115.94000244140625,44.74567794799805,30.838985443115234,39.32640838623047,27.071617126464844,15.022418975830078
2013-12-23,147.88253784179688,79.08353424072266,97.69906616210938,73.02008819580078,115.56999969482422,45.20640182495117,31.067543029785156,39.40443801879883,27.099721908569336,15.220084190368652
2013-12-24,148.20654296875,79.1197280883789,98.07357788085938,72.4354476928711,116.0999984741211,45.295806884765625,31.2503719329834,39.439796447753906,27.249637603759766,15.263050079345703
2013-12-26,148.96006774902344,79.38208770751953,98.08212280273438,72.1562728881836,116.73999786376953,45.54335403442383,30.983736038208008,39.470279693603516,27.443313598632812,15.301727294921875
2013-12-27,148.95193481445312,79.18305206298828,98.02252960205078,71.95134735107422,117.12000274658203,45.77716064453125,31.463682174682617,39.55561065673828,27.577632904052734,15.288839340209961
2013-12-30,148.9276580810547,79.06546020507812,97.96292877197266,72.44602966308594,115.38999938964844,45.96971130371094,31.600812911987305,39.56780242919922,27.38083839416504,15.258752822875977
2013-12-31,149.63255310058594,79.58113098144531,98.1927490234375,71.98666381835938,116.12000274658203,46.14161682128906,31.844602584838867,39.35444641113281,27.646350860595703,15.357587814331055
2014-01-02,148.19850158691406,78.95686340332031,97.12876892089844,72.20575714111328,118.0,45.32331466674805,30.61805534362793,39.36054992675781,27.252784729003906,15.20718765258789
2014-01-03,148.17417907714844,78.38689422607422,97.6224594116211,72.20575714111328,119.29000091552734,45.37144088745117,30.56473159790039,39.579994201660156,27.152828216552734,15.13414192199707
2014-01-06,147.74478149414062,78.09735107421875,96.83087921142578,72.50965881347656,119.5,45.31643295288086,30.275232315063477,39.781158447265625,27.190305709838867,15.108357429504395
2014-01-07,148.65213012695312,78.82115173339844,97.63948822021484,72.6933822631836,118.81999969482422,45.57085037231445,30.404739379882812,39.95793533325195,27.396453857421875,15.245864868164062
2014-01-08,148.68455505371094,78.9930419921875,97.76716613769531,72.49552154541016,118.12000274658203,45.557106018066406,30.305702209472656,39.762874603271484,27.205928802490234,15.245864868164062
2014-01-09,148.78179931640625,78.7306900024414,97.79270935058594,72.91957092285156,118.45999908447266,45.5227165222168,30.145723342895508,39.762874603271484,27.1215877532959,15.147038459777832
2014-01-10,149.1868438720703,78.9840316772461,98.32894897460938,73.78880310058594,120.26000213623047,45.942195892333984,30.679006576538086,40.30539321899414,27.143449783325195,15.17711067199707
2014-01-13,147.2019805908203,77.81688690185547,96.98406982421875,74.15628051757812,121.0199966430664,45.54335403442383,30.313325881958008,40.03718566894531,26.60307502746582,15.013823509216309
2014-01-14,148.8061065673828,79.30066680908203,98.17575073242188,73.81707000732422,119.88999938964844,45.907806396484375,30.640907287597656,40.32978057861328,26.949811935424805,15.267343521118164
2014-01-15,149.60821533203125,79.95211029052734,98.90775299072266,73.73934173583984,119.66000366210938,46.100364685058594,30.633283615112305,40.63456726074219,26.87171745300293,15.452119827270508
2014-01-16,149.41375732421875,79.96111297607422,99.02690887451172,74.23404693603516,119.79000091552734,46.07973098754883,30.46568489074707,40.70771408081055,26.909194946289062,15.447827339172363
2014-01-17,148.78179931640625,79.50872802734375,98.67791748046875,74.54499053955078,120.93000030517578,45.942195892333984,30.313325881958008,40.46997833251953,26.86546516418457,15.361892700195312
2014-01-21,149.2193145751953,80.11494445800781,99.26524353027344,74.6015396118164,119.69999694824219,46.1622428894043,30.26761245727539,40.83572769165039,27.087228775024414,15.43923282623291
2014-01-22,149.31654357910156,80.32305145263672,99.76744842529297,74.41777801513672,119.19000244140625,46.1622428894043,30.671390533447266,41.012508392333984,27.212182998657227,15.422043800354004
2014-01-23,148.09315490722656,80.05160522460938,99.09502410888672,75.47080993652344,121.79000091552734,45.85279846191406,29.917163848876953,40.91497039794922,26.9029483795166,15.391963958740234
2014-01-24,144.93345642089844,78.47735595703125,96.5670166015625,75.95842742919922,122.29000091552734,44.59438705444336,29.13248634338379,40.40292739868164,26.34070587158203,15.095467567443848
2014-01-27,144.22047424316406,77.71736907958984,95.15402221679688,75.42840576171875,120.95999908447266,44.388099670410156,29.01820182800293,40.092037200927734,26.246999740600586,14.953667640686035
2014-01-28,145.0792694091797,77.67212677001953,96.1584243774414,75.61215209960938,120.94999694824219,44.7731819152832,29.201051712036133,40.42731857299805,26.446910858154297,14.863430976867676
2014-01-29,143.68580627441406,76.83977508544922,94.77100372314453,76.23406982421875,122.47000122070312,44.27119445800781,28.78203773498535,40.20786666870117,26.300094604492188,14.747413635253906
2014-01-30,145.20892333984375,78.26020050048828,96.1839599609375,76.01496887207031,119.7699966430664,44.49811553955078,29.04868507385254,40.81744384765625,26.384431838989258,14.927888870239258
2014-01-31,144.35824584960938,78.0521240234375,95.46896362304688,76.52387237548828,120.08999633789062,43.74170684814453,29.094390869140625,41.036888122558594,26.043968200683594,14.962261199951172
2014-02-03,141.1094207763672,76.2607192993164,92.48126983642578,77.45623779296875,121.31999969482422,42.84775161743164,28.2716121673584,40.3846321105957,25.57857322692871,14.648579597473145
2014-02-04,142.0978240966797,76.82167053222656,93.17927551269531,76.63432312011719,120.98999786376953,43.34284973144531,28.842979431152344,40.87230682373047,25.8409423828125,14.70444393157959
2014-02-05,141.91952514648438,76.6226577758789,92.48126983642578,75.92581176757812,121.29000091552734,43.432254791259766,28.736328125,40.78696823120117,25.587936401367188,14.717329978942871
2014-02-06,143.7911376953125,77.59973907470703,93.21331787109375,75.59991455078125,121.23999786376953,44.202423095703125,29.338178634643555,41.08565902709961,25.969003677368164,14.880615234375
2014-02-07,145.57350158691406,78.9840316772461,94.26879119873047,75.66368865966797,122.16999816894531,44.78005599975586,29.505779266357422,41.396549224853516,26.250123977661133,15.08258056640625
2014-02-10,145.84085083007812,79.43637084960938,94.51564025878906,75.87625885009766,122.91999816894531,44.6287727355957,29.178186416625977,41.78669357299805,26.1220645904541,15.112663269042969
2014-02-11,147.4368896484375,80.34113311767578,95.3582992553711,75.43692016601562,124.36000061035156,45.337059020996094,29.810510635375977,41.95125198364258,26.4625301361084,15.2974271774292
2014-02-12,147.50979614257812,80.49494171142578,95.73282623291016,75.04725646972656,124.43000030517578,45.4127082824707,29.818124771118164,41.97565460205078,26.400047302246094,15.357587814331055
2014-02-13,148.2713623046875,81.09207153320312,96.95002746582031,75.47237396240234,125.48999786376953,45.55023193359375,29.848608016967773,42.13414001464844,26.52500343322754,15.469310760498047
2014-02-14,149.08966064453125,81.25489807128906,97.0862045288086,75.5148696899414,127.1500015258789,45.72214126586914,30.21428108215332,42.29872131347656,26.87171745300293,15.49939250946045
2014-02-18,149.2679443359375,81.65299987792969,98.09912109375,75.6849365234375,127.4000015258789,46.11410903930664,29.932409286499023,42.505977630615234,26.993520736694336,15.50798511505127
2014-02-19,148.27947998046875,81.09207153320312,97.09471130371094,75.36607360839844,126.2699966430664,45.804664611816406,29.726713180541992,42.481597900390625,27.02788543701172,15.456419944763184
2014-02-20,149.15451049804688,81.4720458984375,98.14168548583984,75.18189239501953,127.5999984741211,45.96281814575195,29.833364486694336,42.390159606933594,27.205928802490234,15.50798511505127
2014-02-21,148.98435974121094,81.36347198486328,98.4481201171875,75.57867431640625,127.58000183105469,46.05221176147461,30.0390625,42.49378967285156,26.99040412902832,15.447827339172363
2014-02-24,149.8107452392578,81.79776000976562,99.17162322998047,75.38738250732422,128.99000549316406,46.45106887817383,30.0390625,42.59741973876953,27.396453857421875,15.50798511505127
2014-02-25,149.75401306152344,81.707275390625,99.27376556396484,76.0604248046875,129.2100067138672,46.341041564941406,29.69624137878418,42.73761749267578,27.383962631225586,15.465015411376953
2014-02-26,149.76217651367188,81.63490295410156,99.8866195678711,76.4643325805664,128.11000061035156,46.18286895751953,29.71909523010254,42.835147857666016,27.212182998657227,15.477904319763184
2014-02-27,150.5479736328125,82.16454315185547,100.4313735961914,76.88235473632812,128.1999969482422,46.341041564941406,30.28284454345703,42.719329833984375,27.240285873413086,15.602521896362305
2014-02-28,150.92877197265625,82.0737075805664,100.03131103515625,76.9249038696289,127.62000274658203,46.42354965209961,30.077150344848633,43.11555480957031,27.377727508544922,15.619706153869629
2014-03-03,149.86749267578125,81.46500396728516,99.49505615234375,77.43836975097656,130.2899932861328,45.44021224975586,29.543859481811523,43.13993453979492,27.202800750732422,15.452119827270508
2014-03-04,151.97386169433594,82.5007095336914,101.99755859375,76.2735366821289,128.67999267578125,46.341041564941406,30.046676635742188,43.76171112060547,27.499540328979492,15.654083251953125
2014-03-05,152.11163330078125,82.72779846191406,101.93795013427734,76.4369125366211,128.88999938964844,46.29977798461914,30.069534301757812,43.70684814453125,27.243410110473633,15.675568580627441
2014-03-06,152.4600067138672,82.65518188476562,101.9209213256836,75.68402862548828,130.1699981689453,46.781131744384766,30.49616813659668,43.34111022949219,27.440196990966797,15.697046279907227
2014-03-07,152.52479553222656,82.24634552001953,101.88690185546875,75.20819091796875,129.08999633789062,46.52670669555664,30.107620239257812,42.87173080444336,27.49329376220703,15.649788856506348
2014-03-10,152.44383239746094,82.31900024414062,101.54643249511719,75.31468963623047,129.1300048828125,46.237884521484375,29.90192985534668,42.64617919921875,27.53702163696289,15.624006271362305
2014-03-11,151.69039916992188,81.96469116210938,100.490966796875,75.51360321044922,129.86000061035156,45.900936126708984,29.56672477722168,42.914398193359375,27.224668502807617,15.589629173278809
2014-03-12,151.73086547851562,82.27356719970703,100.79737854003906,76.03916931152344,131.75999450683594,45.7290153503418,29.627670288085938,43.04241180419922,27.227798461914062,15.615410804748535
2014-03-13,150.0294647216797,81.11070251464844,99.63127899169922,77.06192016601562,132.2100067138672,44.876338958740234,29.094390869140625,42.84124755859375,26.95604133605957,15.404858589172363
2014-03-14,149.60821533203125,80.55651092529297,100.04834747314453,77.0761489868164,133.10000610351562,44.78005599975586,29.254383087158203,42.95096206665039,26.981027603149414,15.310325622558594
2014-03-17,150.96116638183594,81.26514434814453,100.490966796875,76.50080108642578,131.63999938964844,45.34393310546875,29.6124267578125,43.04241180419922,27.124713897705078,15.490797996520996
2014-03-18,152.03872680664062,82.24634552001953,101.95500946044922,76.77783203125,130.6199951171875,45.62586212158203,30.023818969726562,43.170413970947266,27.352737426757812,15.692752838134766
2014-03-19,151.2285614013672,81.80113983154297,101.29106903076172,76.1812515258789,128.08999633789062,45.068870544433594,29.383895874023438,42.35358428955078,27.146583557128906,15.628293991088867
2014-03-20,152.11163330078125,82.02827453613281,101.42723083496094,76.04627990722656,127.86000061035156,44.896968841552734,29.513395309448242,42.42672348022461,27.252784729003906,15.748617172241211
2014-03-21,151.52163696289062,81.04124450683594,100.95909118652344,76.87014770507812,128.47000122070312,44.80756759643555,29.69624137878418,42.81686019897461,27.327171325683594,15.669654846191406
2014-03-24,150.8950653076172,80.33094787597656,99.81000518798828,77.4170150756836,126.18000030517578,44.924468994140625,29.98573875427246,42.53645324707031,27.270671844482422,15.656696319580078
2014-03-25,151.61117553710938,80.59504699707031,99.78609466552734,77.12584686279297,126.41000366210938,45.4127082824707,30.328561782836914,42.924842834472656,27.515499114990234,15.751643180847168
2014-03-26,150.520751953125,79.55697631835938,97.8745346069336,77.72957611083984,125.41000366210938,45.405826568603516,30.397132873535156,42.440128326416016,27.386816024780273,15.561758041381836
2014-03-27,150.20338439941406,79.11079406738281,97.62703704833984,78.12014770507812,124.58999633789062,45.63275146484375,30.793277740478516,42.7100944519043,27.60967254638672,15.505658149719238
2014-03-28,150.9438934326172,79.26561737060547,97.53317260742188,77.67984008789062,124.55999755859375,45.97658157348633,31.03706169128418,42.967803955078125,27.954957962036133,15.566069602966309
2014-03-31,152.18081665039062,79.83016204833984,99.28260040283203,77.48805236816406,123.61000061035156,46.21038055419922,31.242748260498047,43.32978820800781,27.954957962036133,15.686908721923828
2014-04-01,153.18983459472656,81.23242950439453,100.58827209472656,76.8258285522461,123.38999938964844,46.506065368652344,31.60843849182129,43.526145935058594,28.121309280395508,15.87247085571289
2014-04-02,153.70257568359375,81.44185638427734,101.04059600830078,76.38436889648438,124.31999969482422,46.59547424316406,31.66938591003418,43.56294631958008,28.221752166748047,15.881105422973633
2014-04-03,153.4991455078125,80.79534912109375,100.01652526855469,76.7190170288086,123.91999816894531,46.46481704711914,31.54747772216797,43.47091293334961,28.4038028717041,15.80342960357666
2014-04-04,151.6844024658203,78.64640045166016,97.70384216308594,77.231689453125,125.56999969482422,46.320404052734375,31.463682174682617,43.618160247802734,28.30023193359375,15.50133991241455
2014-04-07,150.00807189941406,77.89974212646484,96.2787094116211,77.694580078125,124.91000366210938,46.100364685058594,31.600812911987305,43.7592887878418,27.826248168945312,15.38050651550293
2014-04-08,150.62655639648438,78.61907196044922,96.95285034179688,77.87971496582031,126.08999633789062,46.07284927368164,31.966506958007812,44.029258728027344,28.10561752319336,15.518597602844238
2014-04-09,152.2458953857422,79.96671295166016,98.35242462158203,77.49517822265625,126.31999969482422,46.66423416137695,32.21028137207031,43.91880798339844,28.234298706054688,15.725743293762207
2014-04-10,149.0478973388672,77.48994445800781,95.5447998046875,78.2143783569336,127.01000213623047,45.83905029296875,31.86745834350586,43.50160598754883,27.841938018798828,15.363242149353027
2014-04-11,147.7052001953125,76.58848571777344,94.22206115722656,78.84814453125,126.93000030517578,45.563995361328125,31.86745834350586,43.23775863647461,27.763473510742188,15.190625190734863
2014-04-14,148.86878967285156,77.18949127197266,94.48661041259766,78.64164733886719,127.8499984741211,45.82530212402344,31.798904418945312,43.495452880859375,28.143287658691406,15.341665267944336
2014-04-15,149.89418029785156,77.44444274902344,94.85357666015625,79.13298797607422,125.48999786376953,45.63275146484375,31.318944931030273,44.010841369628906,28.519941329956055,15.419342041015625
2014-04-16,151.46470642089844,78.473388671875,95.88615417480469,79.2326431274414,125.54000091552734,46.19662857055664,31.715091705322266,44.29308319091797,28.862085342407227,15.570383071899414
2014-04-17,151.6763153076172,78.49162292480469,96.36405181884766,78.36392211914062,124.75,46.437313079833984,32.00458908081055,44.0353889465332,29.125749588012695,15.548805236816406
2014-04-21,152.20521545410156,79.07439422607422,96.81633758544922,78.29984283447266,124.23999786376953,46.49919509887695,31.80651092529297,44.28694534301758,29.32350730895996,15.60922622680664
2014-04-22,152.8969268798828,79.7026596069336,97.81480407714844,78.56333923339844,123.77999877929688,46.691734313964844,31.72270965576172,44.38511657714844,29.276416778564453,15.673966407775879
2014-04-23,152.53884887695312,79.00153350830078,97.20036315917969,79.01190948486328,123.76000213623047,46.58171844482422,31.494159698486328,44.20718765258789,29.43022918701172,15.505658149719238
2014-04-24,152.84811401367188,79.7573013305664,96.95285034179688,79.16141510009766,124.55999755859375,46.57483673095703,31.524635314941406,44.39125442504883,29.43963623046875,15.626490592956543
2014-04-25,151.59490966796875,78.4825210571289,95.24610137939453,79.27538299560547,125.43000030517578,46.34790802001953,31.09801483154297,44.219451904296875,29.26386260986328,15.427976608276367
2014-04-28,152.07505798339844,78.73748779296875,94.69141387939453,78.89083862304688,124.87999725341797,46.49231719970703,31.2503719329834,44.563045501708984,29.314090728759766,15.574700355529785
2014-04-29,152.78298950195312,79.36576080322266,94.93035888671875,78.78406524658203,124.86000061035156,46.794883728027344,31.54747772216797,44.59373092651367,29.449058532714844,15.682587623596191
2014-04-30,153.23870849609375,79.57518768310547,95.56185913085938,79.11164855957031,124.22000122070312,46.98055648803711,31.486543655395508,44.75327682495117,29.42393684387207,15.730061531066895
2014-05-01,153.25494384765625,79.81192016601562,95.5277328491211,79.96033477783203,123.80000305175781,47.1112060546875,31.524635314941406,44.94346237182617,29.358022689819336,15.74732494354248
2014-05-02,153.0352783203125,79.66624450683594,95.60452270507812,80.45285034179688,125.05999755859375,47.035560607910156,31.699851989746094,44.93120574951172,29.417667388916016,15.704172134399414
2014-05-05,153.3282470703125,80.08512115478516,95.48504638671875,79.96739196777344,126.22000122070312,47.001182556152344,31.524635314941406,45.02321243286133,29.5557804107666,15.786163330078125
2014-05-06,151.9937286376953,79.04705810546875,93.93187713623047,80.28865051269531,125.9800033569336,46.918663024902344,31.66938591003418,44.863704681396484,29.599733352661133,15.60922622680664
2014-05-07,152.8887939453125,78.81941986083984,93.99163818359375,80.00314331054688,124.16999816894531,46.97367477416992,31.836986541748047,45.40363311767578,29.857107162475586,15.617859840393066
2014-05-08,152.72604370117188,78.7465591430664,93.04438781738281,79.66050720214844,124.16999816894531,46.98055648803711,31.760799407958984,45.507938385009766,29.43022918701172,15.661011695861816
2014-05-09,152.95388793945312,79.03795623779297,93.89774322509766,79.40360260009766,124.0999984741211,46.911781311035156,31.707469940185547,45.53861618041992,29.4019718170166,15.678277015686035
2014-05-12,154.44302368164062,80.3400650024414,96.0312271118164,79.08234405517578,124.94000244140625,47.22123718261719,32.240760803222656,45.679725646972656,29.60914421081543,15.889740943908691
2014-05-13,154.58139038085938,80.39468383789062,95.09252166748047,79.7676010131836,124.5999984741211,47.28999710083008,32.36264419555664,45.385223388671875,29.7189998626709,15.89836597442627
2014-05-14,153.84901428222656,79.97583770751953,93.5478744506836,80.63127899169922,125.80999755859375,47.20060729980469,32.59120559692383,45.40363311767578,29.731557846069336,15.825003623962402
2014-05-15,152.4982147216797,79.3475341796875,92.91635131835938,81.2737045288086,124.7699966430664,46.99430847167969,32.286460876464844,45.37908935546875,29.392555236816406,15.730061531066895
2014-05-16,153.02713012695312,79.86656188964844,93.50519561767578,81.04534912109375,124.5,47.09744644165039,32.71309280395508,45.79631042480469,29.317230224609375,15.829318046569824
2014-05-19,153.58860778808594,80.42200469970703,94.51219177246094,80.44571685791016,124.58000183105469,47.001182556152344,32.71309280395508,45.61225891113281,29.40825080871582,15.932891845703125
2014-05-20,152.62026977539062,80.13063049316406,93.0699691772461,80.62415313720703,124.69000244140625,46.70549392700195,32.446449279785156,45.47112274169922,29.32350730895996,15.842263221740723
2014-05-21,153.90599060058594,80.8955078125,93.5478744506836,80.13166809082031,124.38999938964844,47.069950103759766,32.69785690307617,45.17048263549805,29.640518188476562,15.950149536132812
2014-05-22,154.28030395507812,81.25068664550781,94.520751953125,80.01741790771484,124.66999816894531,47.131839752197266,32.92640686035156,45.09071731567383,29.612285614013672,15.98036003112793
2014-05-23,154.89877319335938,81.84252166748047,95.55332946777344,80.44571685791016,124.51000213623047,47.2556266784668,32.865455627441406,45.48952102661133,29.552644729614258,16.114145278930664
2014-05-27,155.850830078125,82.86235809326172,96.92726135253906,80.91680145263672,121.8499984741211,47.592552185058594,32.583587646484375,45.81472396850586,29.63425636291504,16.252241134643555
2014-05-28,155.7369842529297,82.6073989868164,96.4238052368164,81.9161605834961,121.19999694824219,47.43441390991211,32.77404022216797,45.52634811401367,29.684465408325195,16.209089279174805
2014-05-29,156.54257202148438,83.13551330566406,96.748046875,81.48070526123047,120.94000244140625,47.72321701049805,32.865455627441406,45.618385314941406,29.938722610473633,16.304027557373047
2014-05-30,156.79486083984375,83.14466094970703,96.31282806396484,81.44499969482422,120.43000030517578,47.730098724365234,32.41598129272461,45.82698059082031,29.91676139831543,16.321285247802734
2014-06-02,156.97384643554688,83.06267547607422,95.79228210449219,80.8395767211914,119.69999694824219,47.82636642456055,32.51502990722656,45.96809387207031,29.87908172607422,16.295392990112305
2014-06-03,156.89244079589844,83.02626037597656,95.56185913085938,79.84485626220703,120.01000213623047,47.70946502685547,32.69785690307617,45.94356155395508,29.98267936706543,16.269498825073242
2014-06-04,157.2098388671875,83.33584594726562,95.93734741210938,79.82337188720703,119.76000213623047,47.695716857910156,32.51502990722656,46.035587310791016,29.96696662902832,16.29971694946289
2014-06-05,158.23516845703125,84.03700256347656,97.95133972167969,79.85914611816406,120.66000366210938,48.025794982910156,32.857845306396484,46.882320404052734,30.139606475830078,16.4075927734375
2014-06-06,158.99195861816406,84.51959228515625,98.89008331298828,79.85914611816406,120.61000061035156,48.28709411621094,33.1854362487793,46.68598556518555,30.3875789642334,16.480958938598633
2014-06-09,159.15472412109375,84.45585632324219,99.7605209350586,79.74463653564453,120.6500015258789,48.23896408081055,33.30732345581055,46.12150573730469,30.434667587280273,16.532747268676758
2014-06-10,159.17095947265625,84.6015625,99.56421661376953,79.4512710571289,121.38999938964844,48.13581085205078,33.4825553894043,45.77790451049805,30.384449005126953,16.541372299194336
2014-06-11,158.61767578125,84.58334350585938,99.07777404785156,79.59435272216797,121.41000366210938,47.8951416015625,33.36826705932617,45.65520095825195,30.500585556030273,16.50254249572754
2014-06-12,157.49465942382812,83.81846618652344,98.47187042236328,80.3028564453125,122.63999938964844,47.90888977050781,33.20828628540039,45.53861618041992,30.601043701171875,16.36012840270996
2014-06-13,157.9748077392578,84.06432342529297,98.6425552368164,80.25990295410156,122.95999908447266,47.943275451660156,33.22352600097656,45.65520095825195,30.892946243286133,16.45506477355957
2014-06-16,158.1049346923828,84.13717651367188,99.12047576904297,80.4603042602539,122.41999816894531,47.9570198059082,33.07114791870117,45.42203903198242,31.07815170288086,16.45506477355957
2014-06-17,158.54437255859375,84.18270111083984,99.82022857666016,79.82337188720703,122.27999877929688,47.922645568847656,33.078773498535156,45.53861618041992,31.056167602539062,16.4939022064209
2014-06-18,159.70803833007812,84.65616607666016,100.49442291259766,80.43882751464844,122.66999816894531,48.335227966308594,33.444454193115234,45.8576774597168,31.291587829589844,16.58022117614746
2014-06-19,159.8870849609375,84.6015625,100.57975006103516,79.40827941894531,126.94000244140625,48.59653091430664,33.253997802734375,46.23808288574219,31.51444435119629,16.55001449584961
2014-06-20,160.21170043945312,84.70108032226562,100.91256713867188,80.00945281982422,126.5,48.51401901245117,33.1854362487793,46.397621154785156,31.827913284301758,16.513591766357422
2014-06-23,160.1626739501953,84.7193374633789,100.7162857055664,79.75897979736328,126.8499984741211,48.38336944580078,33.11686325073242,46.20738983154297,31.941425323486328,16.561279296875
2014-06-24,159.1977996826172,84.63716125488281,99.64100646972656,80.56768798828125,126.9800033569336,48.0807991027832,33.101627349853516,46.2414665222168,31.26973533630371,16.474571228027344
2014-06-25,159.9173583984375,85.17586517333984,100.48589324951172,80.77520751953125,126.98999786376953,48.06388854980469,33.17150115966797,46.148582458496094,31.506248474121094,16.53960418701172
2014-06-26,159.8029022216797,85.22151947021484,100.31523132324219,81.16160583496094,126.7300033569336,48.0991096496582,33.20989227294922,46.1052131652832,31.540935516357422,16.522268295288086
2014-06-27,160.11361694335938,85.5958251953125,100.9894027709961,81.03998565673828,126.66000366210938,48.12730026245117,33.28668212890625,46.45820236206055,31.540935516357422,16.621978759765625
2014-06-30,160.0317840576172,85.74191284179688,101.39046478271484,81.24036407470703,128.0399932861328,48.16957473754883,33.19453811645508,46.34672927856445,31.566158294677734,16.626314163208008
2014-07-01,161.1029510498047,86.68231964111328,102.42305755615234,80.56017303466797,127.69999694824219,48.5922966003418,33.509368896484375,46.59443664550781,31.5850830078125,16.79540252685547
2014-07-02,161.26644897460938,86.82840728759766,102.02816009521484,79.69918823242188,127.69999694824219,48.66979217529297,33.70900344848633,46.48297882080078,31.53778839111328,16.812732696533203
2014-07-03,162.0595703125,87.3762435913086,102.6449203491211,79.41219329833984,127.16000366210938,48.76844024658203,33.90864562988281,46.21669006347656,31.657615661621094,16.88644027709961
2014-07-07,161.49539184570312,87.11149597167969,100.88877868652344,79.99339294433594,127.0199966430664,48.38798141479492,33.88561248779297,46.352935791015625,31.41480255126953,16.903783798217773
2014-07-08,160.45701599121094,86.06144714355469,99.66374969482422,80.8902587890625,127.06999969482422,47.88071060180664,33.73204040527344,46.489173889160156,31.364337921142578,16.75204086303711
2014-07-09,161.17654418945312,86.70059967041016,99.7922592163086,80.95481872558594,127.83999633789062,48.035709381103516,33.92399978637695,46.56349563598633,31.572473526000977,16.834409713745117
2014-07-10,160.53878784179688,86.42668914794922,98.7300033569336,80.97632598876953,128.5399932861328,47.507301330566406,33.739715576171875,46.7740364074707,31.26973533630371,16.78672218322754
2014-07-11,160.75953674316406,86.98363494873047,98.60148620605469,81.49291229248047,128.77999877929688,47.53547668457031,33.701324462890625,46.78022766113281,31.03006935119629,16.87343406677246
2014-07-14,161.5690155029297,87.50405883789062,99.10694885253906,81.14131927490234,125.72000122070312,47.88775634765625,33.96239471435547,47.009368896484375,31.29811668395996,16.994821548461914
2014-07-15,161.26644897460938,87.20276641845703,98.13034057617188,80.97632598876953,124.52999877929688,47.76799011230469,33.93935775756836,47.04034423828125,31.162525177001953,16.9644775390625
2014-07-16,161.8633575439453,87.54972076416016,97.86477661132812,81.40682220458984,124.97000122070312,48.06388854980469,34.02382278442383,47.188941955566406,31.635536193847656,17.12055015563965
2014-07-17,160.02362060546875,86.39020538330078,96.3570556640625,82.43286895751953,127.08999633789062,47.45094299316406,33.38650131225586,46.94742202758789,31.124662399291992,16.899444580078125
2014-07-18,161.65896606445312,87.75971221923828,97.85619354248047,82.16737365722656,126.12999725341797,47.82434844970703,33.90864562988281,47.41191101074219,31.216121673583984,17.103214263916016
2014-07-21,161.3564453125,87.65013122558594,97.46214294433594,82.57634735107422,126.33999633789062,47.6482048034668,34.02382278442383,47.238494873046875,31.2634220123291,17.08153533935547
2014-07-22,162.0595703125,88.20709991455078,98.2845687866211,82.74851989746094,125.73999786376953,47.85956954956055,34.33865737915039,47.38713073730469,31.48733901977539,17.2246036529541
2014-07-23,162.41941833496094,88.77316284179688,98.40447998046875,82.64095306396484,125.62000274658203,47.95820617675781,34.369354248046875,47.47383499145508,31.689144134521484,17.25495147705078
2014-07-24,162.42752075195312,88.67271423339844,98.20743560791016,82.02388763427734,124.3499984741211,48.0709342956543,34.52293395996094,47.41191101074219,31.717527389526367,17.241947174072266
2014-07-25,161.66714477539062,88.32579803466797,97.31652069091797,82.99252319335938,125.79000091552734,47.87364959716797,34.38471603393555,47.08367919921875,31.484180450439453,17.220273971557617
2014-07-28,161.7325897216797,88.35320281982422,96.82820892333984,82.87767791748047,125.58000183105469,47.88071060180664,34.62275695800781,47.41191101074219,31.408498764038086,17.2506103515625
2014-07-29,161.03750610351562,88.19795989990234,97.09381103515625,83.17900848388672,125.19999694824219,47.782081604003906,34.41543960571289,47.18276596069336,31.32965087890625,17.215925216674805
2014-07-30,161.06207275390625,88.54489135742188,97.47929382324219,82.02388763427734,124.83000183105469,47.71162796020508,34.24650192260742,47.08367919921875,31.143600463867188,17.23326873779297
2014-07-31,157.8813934326172,86.7553939819336,95.25196075439453,81.77992248535156,123.38999938964844,46.915489196777344,33.647579193115234,46.383888244628906,30.47191047668457,16.90811538696289
2014-08-01,157.39898681640625,86.43582916259766,94.81505584716797,82.41300201416016,124.37999725341797,46.59138488769531,33.831871032714844,46.272422790527344,30.225942611694336,16.81707763671875
2014-08-04,158.5355224609375,87.02930450439453,95.65459442138672,82.19719696044922,123.98999786376953,46.8098030090332,34.14667892456055,46.59443664550781,30.733642578125,16.93846321105957
2014-08-05,156.99826049804688,86.36277770996094,95.41472625732422,82.46337127685547,123.87000274658203,46.210933685302734,33.62453842163086,46.11759567260742,30.06195640563965,16.778053283691406
2014-08-06,157.04739379882812,86.29888153076172,95.71453857421875,82.51371765136719,125.66999816894531,46.09822082519531,33.39418411254883,46.099029541015625,30.1502628326416,16.726030349731445
2014-08-07,156.1969757080078,86.02494812011719,95.25196075439453,83.28343963623047,126.18000030517578,45.72480392456055,33.263641357421875,46.12382125854492,29.961055755615234,16.656665802001953
2014-08-08,158.00401306152344,86.64584350585938,96.17715454101562,83.10359191894531,126.19000244140625,45.9925422668457,33.5631103515625,46.396270751953125,30.46245765686035,16.765050888061523
2014-08-11,158.46189880371094,87.15708923339844,97.09381103515625,83.09638977050781,125.95999908447266,46.168670654296875,33.993106842041016,46.68735122680664,30.46561050415039,16.8474178314209
2014-08-12,158.24114990234375,87.12059020996094,96.42558288574219,82.55684661865234,125.98999786376953,46.133445739746094,34.03151321411133,46.61302185058594,30.241710662841797,16.838754653930664
2014-08-13,159.31234741210938,88.0427017211914,97.17945098876953,83.09638977050781,126.19999694824219,46.39411926269531,34.21580123901367,47.28804016113281,30.339466094970703,17.003490447998047
2014-08-14,160.06455993652344,88.49925994873047,97.32505798339844,83.76541900634766,126.30999755859375,46.640708923339844,34.26955032348633,47.25707244873047,30.1660213470459,17.033845901489258
2014-08-15,160.0317840576172,88.92840576171875,97.1366195678711,84.67900085449219,125.4800033569336,46.59138488769531,34.17739486694336,47.20754623413086,30.389928817749023,17.033845901489258
2014-08-18,161.37278747558594,89.61312866210938,98.55011749267578,83.8373794555664,124.95999908447266,46.894351959228516,34.5075798034668,47.67198944091797,30.47191047668457,17.19424819946289
2014-08-19,162.21498107910156,90.11529541015625,98.89277648925781,83.57840728759766,124.68000030517578,47.007083892822266,34.6688232421875,47.77108383178711,30.705270767211914,17.30264663696289
2014-08-20,162.6483612060547,90.11529541015625,98.4730453491211,83.44168090820312,124.22000122070312,46.859127044677734,34.5997200012207,47.98781967163086,30.77149200439453,17.30264663696289
2014-08-21,163.12257385253906,90.29790496826172,98.68714904785156,83.90934753417969,122.87999725341797,47.056392669677734,34.453826904296875,47.91352081298828,30.79671859741211,17.3850154876709
2014-08-22,162.8690948486328,90.43487548828125,98.69572448730469,84.37691497802734,123.19000244140625,46.83094024658203,34.3616943359375,47.529571533203125,30.591751098632812,17.38934326171875
2014-08-25,163.69488525390625,90.75440216064453,99.15831756591797,84.69345092773438,122.73999786376953,47.1338996887207,34.61507797241211,47.42429733276367,30.862953186035156,17.406688690185547
2014-08-26,163.80120849609375,90.8457260131836,100.05782318115234,84.42008972167969,123.3499984741211,47.14094161987305,34.82240295410156,47.51716995239258,31.020612716674805,17.415353775024414
2014-08-27,163.7357635498047,90.86399841308594,99.80941009521484,85.13946533203125,123.31999969482422,47.23253631591797,34.99901580810547,47.54813003540039,30.95754051208496,17.411022186279297
2014-08-28,163.64588928222656,90.76355743408203,99.29541778564453,85.58546447753906,124.0,47.02116012573242,34.65346908569336,47.54194259643555,30.963855743408203,17.3850154876709
2014-08-29,164.1118927001953,91.10137176513672,99.85225677490234,85.64303588867188,123.86000061035156,47.000030517578125,34.5997200012207,47.79584884643555,31.137298583984375,17.463050842285156
2014-09-02,164.03018188476562,91.36613464355469,100.4004898071289,84.1656494140625,121.6500015258789,47.091617584228516,34.54596710205078,47.80205154418945,30.743112564086914,17.467384338378906
2014-09-03,163.94024658203125,90.82746887207031,99.76656341552734,84.63431549072266,122.1500015258789,47.42275619506836,34.99901580810547,47.925899505615234,30.82509994506836,17.37200355529785
2014-09-04,163.70315551757812,90.74528503417969,99.38105010986328,83.60324096679688,121.4800033569336,47.197303771972656,34.90687561035156,47.746299743652344,30.408842086791992,17.363340377807617
2014-09-05,164.4390411376953,91.20182037353516,99.69803619384766,83.444580078125,122.05999755859375,47.204349517822266,35.206321716308594,48.25411605834961,30.613821029663086,17.467384338378906
2014-09-08,164.0138397216797,91.37528228759766,99.85225677490234,83.48066711425781,120.7300033569336,46.704124450683594,34.79168701171875,48.204559326171875,30.13763999938965,17.493389129638672
2014-09-09,162.975341796875,90.6174545288086,98.6700439453125,83.41578674316406,120.87000274658203,46.57025146484375,34.3616943359375,47.90730285644531,30.005197525024414,17.367673873901367
2014-09-10,163.58863830566406,91.36613464355469,99.25255584716797,82.8894271850586,120.26000213623047,46.83798599243164,34.21580123901367,47.15179443359375,29.932676315307617,17.471712112426758
2014-09-11,163.77670288085938,91.29310607910156,99.89505767822266,82.61540985107422,119.47000122070312,46.57730484008789,33.98543930053711,47.188941955566406,29.951587677001953,17.5107421875
2014-09-12,162.8200225830078,90.82746887207031,98.83280944824219,81.75020599365234,118.37999725341797,46.513893127441406,33.62453842163086,45.73984909057617,29.5037899017334,17.43703269958496
2014-09-15,162.69744873046875,89.95094299316406,97.7534408569336,81.87275695800781,118.63999938964844,46.41526412963867,33.45561218261719,45.51691818237305,29.71193504333496,17.332983016967773
2014-09-16,163.9238739013672,90.73614501953125,98.02753448486328,81.54109191894531,118.83000183105469,46.61254119873047,33.89329147338867,45.96278762817383,30.071414947509766,17.463050842285156
2014-09-17,164.14462280273438,90.87310791015625,98.2845687866211,81.33203887939453,117.54000091552734,46.28139877319336,33.57846450805664,45.95041275024414,29.907451629638672,17.497730255126953
2014-09-18,165.01954650878906,91.55787658691406,98.88420104980469,81.59159851074219,117.77999877929688,46.640708923339844,33.62453842163086,45.54786682128906,29.7529239654541,17.60177993774414
2014-09-19,164.870849609375,91.50112915039062,97.63346862792969,82.62987518310547,117.08999633789062,46.478668212890625,33.37114334106445,45.60360336303711,29.728511810302734,17.56433868408203
2014-09-22,163.5975341796875,90.65001678466797,96.26280975341797,82.73078155517578,116.8499984741211,46.274356842041016,32.864349365234375,45.244422912597656,29.29109764099121,17.44678497314453
2014-09-23,162.66110229492188,90.40290832519531,95.36334991455078,83.24274444580078,117.5999984741211,45.8868522644043,32.68006896972656,44.916202545166016,29.205522537231445,17.407588958740234
2014-09-24,163.93438720703125,91.37300872802734,96.22661590576172,82.78128051757812,117.05000305175781,46.119346618652344,33.14846420288086,44.796199798583984,29.230867385864258,17.520795822143555
2014-09-25,161.28919982910156,89.45110321044922,94.60308837890625,83.7618637084961,117.38999938964844,45.4429931640625,32.42668151855469,44.59619140625,28.783952713012695,17.13764190673828
2014-09-26,162.57069396972656,90.40290832519531,95.45352935791016,83.6392822265625,117.05999755859375,45.63322067260742,32.572574615478516,45.196231842041016,29.15480613708496,17.324867248535156
2014-09-29,162.2749786376953,90.2839126586914,95.37622833251953,84.30986022949219,117.02999877929688,45.21049499511719,31.91221809387207,45.13371276855469,29.088245391845703,17.320507049560547
2014-09-30,161.8478240966797,90.41202545166016,93.93309783935547,83.83394622802734,116.20999908447266,45.17525863647461,31.91221809387207,44.908714294433594,28.72372817993164,17.372753143310547
2014-10-01,159.6544189453125,88.96607971191406,92.60160827636719,85.45963287353516,116.7699966430664,44.639808654785156,31.25953483581543,44.946205139160156,28.137340545654297,17.102807998657227
2014-10-02,159.6791229248047,88.96607971191406,93.48638153076172,84.71504211425781,116.73999786376953,44.16072463989258,31.428455352783203,44.871192932128906,27.99152946472168,17.094093322753906
2014-10-03,161.43711853027344,89.84464263916016,94.19075012207031,85.07649993896484,114.61000061035156,44.16072463989258,31.697208404541016,45.152462005615234,27.947158813476562,17.233421325683594
2014-10-06,161.24807739257812,89.65245819091797,93.38329315185547,85.12706756591797,116.02999877929688,44.442543029785156,32.11186218261719,45.2712287902832,27.97885513305664,17.237789154052734
2014-10-07,158.7590789794922,88.38033294677734,91.84564971923828,86.27639770507812,116.36000061035156,43.68867492675781,31.82774543762207,44.914955139160156,27.614337921142578,16.96782875061035
2014-10-08,161.53564453125,90.10087585449219,93.60664367675781,86.2980728149414,117.47000122070312,44.37914276123047,32.3038215637207,45.8900032043457,27.883764266967773,17.290029525756836
2014-10-09,158.33187866210938,88.64570617675781,91.08116912841797,85.92223358154297,117.63999938964844,43.18846130371094,31.79703712463379,45.8900032043457,26.859956741333008,17.002655029296875
2014-10-10,156.5246124267578,86.43095397949219,89.97303771972656,86.77513122558594,117.58999633789062,42.540283203125,31.105955123901367,45.933753967285156,26.48275375366211,16.567251205444336
2014-10-13,153.9534149169922,85.07647705078125,89.61225891113281,87.30280303955078,118.5199966430664,42.48392105102539,31.420791625976562,45.97750473022461,25.66497802734375,16.384382247924805
2014-10-14,154.1916046142578,85.08560180664062,90.66024780273438,87.87381744384766,118.58999633789062,42.589595794677734,31.605072021484375,46.72132110595703,25.34166145324707,16.410511016845703
2014-10-15,153.14833068847656,84.53650665283203,91.57078552246094,88.5677490234375,118.98999786376953,42.335968017578125,31.205791473388672,46.540035247802734,25.535017013549805,16.29729461669922
2014-10-16,153.0169219970703,84.00569152832031,92.60160827636719,88.0038833618164,119.22000122070312,41.941410064697266,30.921674728393555,46.615047454833984,25.99144744873047,16.201513290405273
2014-10-17,154.82415771484375,85.11307525634766,92.32670593261719,87.51240539550781,118.98999786376953,42.72346115112305,31.2672176361084,46.67131042480469,26.213335037231445,16.393089294433594
2014-10-20,156.32742309570312,86.38520812988281,93.40907287597656,87.83049011230469,119.80000305175781,42.991188049316406,31.359357833862305,47.38383483886719,26.441547393798828,16.510650634765625
2014-10-21,159.42442321777344,88.6549072265625,94.94671630859375,87.12931823730469,120.0199966430664,43.5055046081543,31.489892959594727,47.815128326416016,27.246654510498047,16.832847595214844
2014-10-22,158.29083251953125,88.1972885131836,93.5894775390625,87.22329711914062,119.33999633789062,43.18846130371094,31.282567977905273,47.82761001586914,26.729990005493164,16.754478454589844
2014-10-23,160.13087463378906,89.52429962158203,95.24736785888672,86.44984436035156,118.5199966430664,43.604129791259766,31.27488899230957,48.19639205932617,27.22762680053711,16.941701889038086
2014-10-24,161.36309814453125,90.25646209716797,95.41055297851562,86.53659057617188,118.3499984741211,43.84368133544922,31.497568130493164,48.15888214111328,27.132537841796875,17.089744567871094
2014-10-27,161.14132690429688,90.3205337524414,95.35902404785156,86.69563293457031,118.05999755859375,43.59709167480469,31.251848220825195,48.5151481628418,26.56199836730957,17.107158660888672
2014-10-28,162.9896697998047,91.68417358398438,98.0735092163086,86.15351104736328,118.0999984741211,44.259361267089844,31.88150405883789,48.72767639160156,27.167409896850586,17.34227752685547
2014-10-29,162.7432403564453,91.34554290771484,97.8415756225586,86.34868621826172,116.41000366210938,43.92118835449219,31.92757797241211,48.452659606933594,27.25615882873535,17.324867248535156
2014-10-30,163.7864990234375,91.53775787353516,98.6748275756836,86.42094421386719,115.19000244140625,44.23822021484375,32.22703552246094,48.758914947509766,27.157899856567383,17.381460189819336
2014-10-31,165.65948486328125,92.80071258544922,100.12653350830078,86.19690704345703,112.66000366210938,45.055503845214844,32.3652458190918,49.3714485168457,27.70941925048828,17.65142059326172
2014-11-03,165.74981689453125,93.07528686523438,99.95474243164062,86.19689178466797,112.1500015258789,44.667999267578125,32.09649658203125,49.802711486816406,27.272005081176758,17.725433349609375
2014-11-04,165.17481994628906,92.76409149169922,99.49087524414062,86.46499633789062,112.22000122070312,44.41435623168945,32.127220153808594,49.88396072387695,26.71097183227539,17.721088409423828
2014-11-05,166.21807861328125,92.77327728271484,99.67125701904297,86.34183502197266,109.79000091552734,44.498905181884766,31.843103408813477,49.77773666381836,27.180086135864258,17.768983840942383
2014-11-06,166.88345336914062,93.06610870361328,100.1008071899414,85.78385925292969,109.87999725341797,44.259361267089844,31.451496124267578,49.396453857421875,27.52241325378418,17.760272979736328
2014-11-07,167.03956604003906,92.98373413085938,100.25541687011719,86.7692642211914,112.97000122070312,44.280494689941406,31.65114974975586,49.33396911621094,27.826705932617188,17.78203582763672
2014-11-10,167.56533813476562,93.31321716308594,100.753662109375,85.97225189208984,110.45999908447266,44.47777557373047,31.73560905456543,49.74021530151367,27.5762996673584,17.829933166503906
2014-11-11,167.7295684814453,93.60608673095703,100.82239532470703,86.03023529052734,112.04000091552734,44.74549865722656,31.70490264892578,49.54647445678711,27.658708572387695,17.838645935058594
2014-11-12,167.548828125,93.77084350585938,101.27763366699219,85.95775604248047,111.5,44.36505126953125,31.643463134765625,49.17145538330078,27.41464614868164,17.895248413085938
2014-11-13,167.73785400390625,94.17350006103516,100.41864013671875,86.16063690185547,111.66999816894531,44.57640838623047,31.55900001525879,49.440208435058594,27.05012321472168,17.99104118347168
2014-11-14,167.77894592285156,94.46640014648438,100.23824310302734,86.58088684082031,114.47000122070312,44.639808654785156,31.8200740814209,49.03392791748047,27.325881958007812,18.11730194091797
2014-11-17,167.8856658935547,94.18265533447266,99.40496063232422,86.363525390625,114.05000305175781,44.46367645263672,31.48221778869629,49.252685546875,27.183263778686523,18.082473754882812
2014-11-18,168.8550262451172,94.88736724853516,99.98051452636719,86.6026382446289,115.05000305175781,44.94982147216797,31.65114974975586,49.46521759033203,27.205434799194336,18.143430709838867
2014-11-19,168.5839080810547,94.45721435546875,98.91536712646484,86.05197143554688,113.68000030517578,44.81595230102539,31.635786056518555,49.02143096923828,27.34808921813965,18.025869369506836
2014-11-20,168.8796844482422,94.87820434570312,100.0234603881836,86.50119018554688,114.86000061035156,44.5482177734375,31.58203887939453,49.18394470214844,27.690412521362305,18.11730194091797
2014-11-21,169.78323364257812,95.06124114990234,100.14373779296875,87.02291107177734,115.38999938964844,44.93571853637695,32.587921142578125,49.490211486816406,28.05175018310547,18.143430709838867
2014-11-24,170.25973510742188,95.80255889892578,101.3377685546875,87.0953598022461,115.11000061035156,45.196407318115234,32.31917953491211,49.665199279785156,27.83620834350586,18.239219665527344
2014-11-25,170.1365203857422,95.94898986816406,101.41508483886719,87.81996154785156,115.37999725341797,45.27390670776367,32.11186218261719,49.752716064453125,27.382938385009766,18.247920989990234
2014-11-26,170.5718994140625,96.57131958007812,101.75006866455078,88.05906677246094,115.16000366210938,45.45004653930664,32.518821716308594,50.23400115966797,27.037446975708008,18.413381576538086
2014-11-28,170.21044921875,97.019775390625,100.23824310302734,88.7546157836914,112.11000061035156,45.083683013916016,31.866140365600586,50.3590202331543,25.30046272277832,18.500457763671875
2014-12-01,169.02749633789062,95.92152404785156,98.6748275756836,88.23688507080078,116.58000183105469,45.04139709472656,31.320964813232422,50.23400115966797,25.389205932617188,18.291465759277344
2014-12-02,170.1201171875,96.3059310913086,99.8602294921875,87.37993621826172,115.13999938964844,45.16822814941406,31.313274383544922,50.54652786254883,25.66497802734375,18.295818328857422
2014-12-03,170.7772979736328,96.47978210449219,100.82239532470703,87.72122955322266,116.33000183105469,45.111854553222656,31.397750854492188,50.49650955200195,25.97877311706543,18.36113166809082
2014-12-04,170.58837890625,96.43404388427734,100.34132385253906,88.45476531982422,115.87999725341797,44.963897705078125,31.451496124267578,50.627769470214844,25.75372886657715,18.36113166809082
2014-12-05,170.86766052246094,96.44317626953125,101.09723663330078,87.93912506103516,114.43000030517578,45.06254577636719,31.39007568359375,50.37150955200195,25.44626808166504,18.3393611907959
2014-12-08,169.72581481933594,95.75679779052734,99.83448791503906,89.01392364501953,115.77999877929688,44.667999267578125,30.929357528686523,50.690269470214844,24.416118621826172,18.152135848999023
2014-12-09,169.61077880859375,96.05879974365234,101.50958251953125,89.47148132324219,118.19000244140625,44.42844772338867,30.63758087158203,50.92154312133789,24.68238067626953,18.147785186767578
2014-12-10,166.89169311523438,94.54869079589844,99.35346984863281,90.12506866455078,117.95999908447266,43.86482238769531,30.18453598022461,50.87154006958008,23.921649932861328,17.873476028442383
2014-12-11,167.73785400390625,94.9971694946289,99.74859619140625,90.49542236328125,117.69000244140625,43.808448791503906,29.931137084960938,50.96529006958008,23.905799865722656,17.951852798461914
2014-12-12,165.02694702148438,93.96302032470703,98.53738403320312,91.72278594970703,117.41000366210938,42.96300506591797,29.439714431762695,50.52150344848633,23.4620418548584,17.686246871948242
2014-12-15,163.89332580566406,92.99290466308594,97.54093170166016,91.5339584350586,114.38999938964844,42.25141906738281,29.01738929748535,49.865230560302734,23.252845764160156,17.5773983001709
2014-12-16,162.57888793945312,91.50112915039062,97.40349578857422,92.6668701171875,114.94999694824219,42.55438232421875,28.9713077545166,49.79646301269531,23.458873748779297,17.34227752685547
2014-12-17,165.7662811279297,93.16680145263672,100.41004943847656,91.83174896240234,114.2699966430664,43.06303787231445,29.637277603149414,50.94028854370117,24.431962966918945,17.6688289642334
2014-12-18,169.86546325683594,95.40902709960938,101.90471649169922,90.19771575927734,115.1500015258789,43.831390380859375,30.042308807373047,51.29654312133789,24.90108299255371,18.173908233642578
2014-12-19,170.5882110595703,95.82882690429688,102.13666534423828,91.41048431396484,114.7699966430664,43.895423889160156,30.252613067626953,51.27154541015625,25.69683837890625,18.19403648376465
2014-12-22,171.37286376953125,96.06766510009766,102.83242797851562,91.5339584350586,112.55000305175781,44.10886001586914,30.67321014404297,52.12875747680664,25.435291290283203,18.412874221801758
2014-12-23,171.60421752929688,95.72779846191406,102.96131134033203,89.71835327148438,112.73999786376953,43.966556549072266,30.392810821533203,51.9830436706543,25.744665145874023,18.461023330688477
2014-12-24,171.6206512451172,95.81047821044922,103.2587890625,90.20668029785156,112.7699966430664,44.165775299072266,30.462913513183594,51.767635345458984,25.556499481201172,18.443506240844727
2014-12-26,172.17416381835938,96.49024200439453,103.9312744140625,90.54154205322266,114.83000183105469,44.27959060668945,30.704378128051758,51.95136260986328,25.55011558532715,18.52229881286621
2014-12-29,172.40541076660156,96.47183227539062,104.37101745605469,91.21830749511719,113.66999816894531,43.95945358276367,30.517436981201172,52.23645782470703,25.64261245727539,18.430381774902344
2014-12-30,171.48033142089844,95.82882690429688,103.75883483886719,91.46576690673828,115.19999694824219,43.553932189941406,30.57974624633789,52.19844436645508,25.438495635986328,18.299083709716797
2014-12-31,169.77871704101562,94.8459243774414,103.13806915283203,91.6404037475586,113.58000183105469,43.28359603881836,30.603124618530273,51.31781005859375,25.24712562561035,18.097759246826172
2015-01-02,169.68783569335938,94.5611572265625,102.54312133789062,92.6593017578125,114.08000183105469,43.09861373901367,30.198091506958008,52.09074783325195,25.365135192871094,18.06273651123047
2015-01-05,166.62330627441406,93.1740493774414,101.17218780517578,94.11480712890625,115.80000305175781,42.08126449584961,29.6606502532959,52.375831604003906,24.31582260131836,17.78700828552246
2015-01-06,165.05392456054688,91.92475128173828,99.42192077636719,95.810546875,117.12000274658203,41.6046028137207,29.53601837158203,52.89535903930664,23.958627700805664,17.572547912597656
2015-01-07,167.11070251464844,93.10973358154297,100.64625549316406,95.62129974365234,116.43000030517578,42.06703567504883,30.174726486206055,53.706295013427734,24.0096492767334,17.72135353088379
2015-01-08,170.0760955810547,94.89186096191406,102.3534164428711,94.35498046875,115.94000244140625,42.636199951171875,30.688796997070312,53.909034729003906,24.54865264892578,18.110885620117188
2015-01-09,168.71319580078125,94.26719665527344,101.37051391601562,95.38841247558594,117.26000213623047,42.429866790771484,30.587543487548828,53.93436050415039,24.35410499572754,18.053987503051758
2015-01-12,167.39149475097656,93.28429412841797,101.03427124023438,95.93424987792969,118.55999755859375,42.33026885986328,30.338287353515625,54.34619140625,23.652433395385742,17.843900680541992
2015-01-13,166.9207305908203,93.2567367553711,101.11185455322266,95.93424987792969,118.16000366210938,42.543701171875,30.603124618530273,54.26384735107422,23.464269638061523,17.830772399902344
2015-01-14,165.91297912597656,92.74230194091797,100.70660400390625,96.66201782226562,117.97000122070312,42.42275619506836,30.4317626953125,54.73265838623047,23.53761863708496,17.730106353759766
2015-01-15,164.39312744140625,91.53894805908203,99.00804901123047,98.1830825805664,120.94000244140625,42.69308853149414,30.501861572265625,54.8593635559082,23.237810134887695,17.502513885498047
2015-01-16,166.5489959716797,92.61372375488281,100.62039947509766,96.93131256103516,122.5199966430664,43.24802017211914,30.758895874023438,55.33452606201172,23.993701934814453,17.67321014404297
2015-01-20,166.9042205810547,93.34860229492188,100.19791412353516,98.21942138671875,124.19999694824219,43.39742660522461,30.71216583251953,54.89738464355469,24.022409439086914,17.82201385498047
2015-01-21,167.74671936035156,93.82627868652344,99.8788833618164,97.0840835571289,124.2300033569336,43.73890686035156,31.38981056213379,54.8593635559082,24.510385513305664,17.852657318115234
2015-01-22,170.2412567138672,95.56241607666016,101.91370391845703,96.7347412109375,125.2300033569336,43.90253448486328,31.98956298828125,55.83502960205078,24.625200271606445,18.14589500427246
2015-01-23,169.30784606933594,95.77371215820312,101.84474182128906,98.0811996459961,124.2300033569336,43.65353775024414,31.74810028076172,55.67665100097656,24.449787139892578,18.14151954650879
2015-01-26,169.70436096191406,95.66346740722656,102.8276596069336,97.7827377319336,122.98999786376953,44.25113296508789,31.763681411743164,56.14546585083008,24.800622940063477,18.06711769104004
2015-01-27,167.46585083007812,93.1832504272461,102.33616638183594,97.93559265136719,124.4000015258789,44.31515884399414,31.592334747314453,56.16449737548828,24.7846736907959,17.546283721923828
2015-01-28,165.3182830810547,92.70556640625,100.61177825927734,99.53666687011719,123.41999816894531,43.65353775024414,31.24960708618164,55.790679931640625,23.8087158203125,17.515640258789062
2015-01-29,166.8463592529297,93.59661865234375,101.99993896484375,98.88170623779297,120.76000213623047,44.25113296508789,31.24960708618164,55.98711013793945,23.888452529907227,17.68195915222168
2015-01-30,164.74835205078125,92.8709487915039,99.7581787109375,100.6356201171875,123.44999694824219,43.553932189941406,30.392810821533203,54.83403778076172,24.09575843811035,17.463123321533203
2015-02-02,166.78855895996094,93.67927551269531,100.672119140625,100.25572967529297,122.41999816894531,44.08039474487305,30.938051223754883,54.68829345703125,24.83250617980957,17.64257049560547
2015-02-03,169.20054626464844,94.57950592041016,102.47415161132812,98.13359832763672,121.05000305175781,44.78471374511719,31.52222442626953,55.163482666015625,25.511842727661133,17.843900680541992
2015-02-04,168.55621337890625,94.496826171875,102.09480285644531,98.30130004882812,121.58000183105469,44.41476821899414,31.3664493560791,54.93539047241211,25.090852737426758,17.878910064697266
2015-02-05,170.25782775878906,95.31441497802734,103.41397094726562,97.2220230102539,121.79000091552734,45.026607513427734,31.553377151489258,55.59428405761719,25.451250076293945,18.04523468017578
2015-02-06,169.7869873046875,94.73568725585938,103.30187225341797,95.50100708007812,118.63999938964844,44.46457290649414,31.01593589782715,53.97874069213867,25.457624435424805,17.98833465576172
2015-02-09,169.0270233154297,94.43253326416016,102.4827880859375,95.3479232788086,119.16999816894531,44.25113296508789,30.969196319580078,53.59859848022461,25.48314094543457,17.96207046508789
2015-02-10,170.82774353027344,95.90231323242188,103.13806915283203,94.58952331542969,118.47000122070312,44.656654357910156,30.891311645507812,53.7696533203125,25.47039031982422,18.22905158996582
2015-02-11,170.9268798828125,96.2513656616211,102.99148559570312,94.76453399658203,117.06999969482422,44.41476821899414,30.665430068969727,53.611270904541016,25.291784286499023,18.299083709716797
2015-02-12,172.5706329345703,97.37208557128906,104.16409301757812,94.45095825195312,117.33999633789062,45.104854583740234,31.319705963134766,54.251163482666016,25.62347984313965,18.54854965209961
2015-02-13,173.28102111816406,98.2079849243164,104.78490447998047,93.48104095458984,117.9800033569336,45.40365982055664,31.67800521850586,53.89003372192383,26.165666580200195,18.666723251342773
2015-02-17,173.55352783203125,98.29988861083984,105.1125259399414,92.07361602783203,116.01000213623047,45.510372161865234,31.607900619506836,53.75699234008789,26.24541664123535,18.675477981567383
2015-02-18,173.5701141357422,98.43767547607422,105.224609375,92.62056732177734,116.33999633789062,45.78071594238281,31.600120544433594,54.257484436035156,25.93283462524414,18.692991256713867
2015-02-19,173.4461669921875,98.92452239990234,105.23322296142578,92.00798034667969,115.94000244140625,45.83763885498047,31.467697143554688,53.09175109863281,25.8116455078125,18.758630752563477
2015-02-20,174.48695373535156,99.58595275878906,105.51777648925781,92.27783203125,115.27999877929688,46.26449203491211,31.67800521850586,53.60493087768555,25.687267303466797,18.854923248291016
2015-02-23,174.46226501464844,99.68695831298828,105.6212387084961,93.335205078125,115.43000030517578,46.10086441040039,31.358659744262695,54.035762786865234,25.58201789855957,18.868057250976562
2015-02-24,174.95779418945312,99.76046752929688,105.7591781616211,94.56031799316406,115.26000213623047,46.38542938232422,31.810420989990234,52.97138214111328,25.65217399597168,18.92494773864746
2015-02-25,174.8091583251953,99.5124282836914,105.87989807128906,94.96867370605469,115.69999694824219,46.4210090637207,31.74810028076172,52.98403549194336,25.79250717163086,18.806779861450195
2015-02-26,174.60263061523438,100.01765441894531,106.26788330078125,93.67066192626953,116.06999969482422,46.29294967651367,31.755901336669922,52.40752029418945,25.314102172851562,18.92494773864746
2015-02-27,174.00787353515625,99.57674407958984,105.69019317626953,94.45821380615234,116.16000366210938,46.314292907714844,31.732524871826172,52.819339752197266,25.20246124267578,18.859302520751953
2015-03-02,175.10650634765625,100.47697448730469,106.45759582519531,92.69879913330078,115.68000030517578,46.38542938232422,31.6857967376709,53.12342071533203,25.02706527709961,19.008106231689453
2015-03-03,174.3878173828125,100.00849914550781,105.82817077636719,92.36268615722656,115.47000122070312,46.10086441040039,31.444324493408203,53.022071838378906,25.119550704956055,18.881179809570312
2015-03-04,173.6527557373047,99.62266540527344,105.50054168701172,92.39189147949219,115.11000061035156,45.915889739990234,31.10161590576172,52.51523208618164,25.084470748901367,18.806779861450195
2015-03-05,173.8427276611328,99.79719543457031,105.81092834472656,92.27499389648438,115.0,46.02260208129883,31.05488395690918,52.66727066040039,24.93456268310547,18.784894943237305
2015-03-06,171.39768981933594,98.6673355102539,104.47447204589844,90.23650360107422,111.86000061035156,45.39653778076172,30.57974624633789,50.918670654296875,24.488052368164062,18.55293083190918
2015-03-09,172.10806274414062,98.95207977294922,104.93144989013672,91.06940460205078,111.97000122070312,45.46769714355469,30.462913513183594,51.32415771484375,24.312637329101562,18.64046287536621
2015-03-10,169.31617736816406,97.11487579345703,103.72438049316406,92.26773834228516,111.41999816894531,44.47879409790039,29.785274505615234,51.286136627197266,23.974571228027344,18.259695053100586
2015-03-11,168.91961669921875,96.55451202392578,104.36238861083984,92.93991088867188,110.75,44.59261703491211,30.011146545410156,51.33047866821289,24.044734954833984,18.14151954650879
2015-03-12,171.06727600097656,97.18836212158203,106.09545135498047,92.8741455078125,110.72000122070312,45.14754867553711,30.198091506958008,52.22378158569336,23.891637802124023,18.259695053100586
2015-03-13,170.01829528808594,96.76580047607422,105.71607971191406,92.58917236328125,110.87999725341797,44.884315490722656,29.832008361816406,52.19210433959961,23.80234146118164,18.159021377563477
2015-03-16,172.28982543945312,98.01509857177734,106.33685302734375,93.48059844970703,110.80999755859375,45.389434814453125,30.190298080444336,52.73062515258789,24.124467849731445,18.373489379882812
2015-03-17,171.7776641845703,98.17127990722656,106.62141418457031,94.25508117675781,110.20999908447266,45.275596618652344,30.540800094604492,52.71161651611328,24.03196907043457,18.377864837646484
2015-03-18,173.8427276611328,99.13581085205078,107.47496795654297,96.0744400024414,112.37000274658203,46.24314880371094,31.288555145263672,53.813987731933594,24.73044776916504,18.627338409423828
2015-03-19,173.04971313476562,99.28278350830078,107.68192291259766,95.58490753173828,112.29000091552734,45.70246887207031,30.758895874023438,53.788658142089844,24.338153839111328,18.574817657470703
2015-03-20,174.5772247314453,99.92546844482422,108.6303482055664,96.08903503417969,113.56999969482422,46.712703704833984,31.218448638916016,55.13813018798828,24.696191787719727,18.694787979125977
2015-03-23,174.23704528808594,99.7320556640625,108.53549194335938,95.97218322753906,114.29000091552734,46.947471618652344,31.311920166015625,55.06844711303711,24.609487533569336,18.694787979125977
2015-03-24,173.2579803466797,99.37298583984375,108.50968170166016,96.900146484375,114.56999969482422,46.84786605834961,31.436546325683594,54.59959030151367,24.445722579956055,18.633262634277344
2015-03-25,170.7190704345703,97.09883880615234,105.91769409179688,96.0817642211914,114.7300033569336,46.6273193359375,30.938051223754883,53.657623291015625,24.76362419128418,18.154251098632812
2015-03-26,170.31256103515625,96.76737976074219,105.78797149658203,94.58390808105469,115.4800033569336,46.2218017578125,30.64984893798828,53.377197265625,24.734722137451172,18.167428970336914
2015-03-27,170.7024688720703,97.15406799316406,106.46255493164062,95.76022338867188,115.05999755859375,46.34275436401367,30.735525131225586,53.447303771972656,24.532428741455078,18.18060874938965
2015-03-30,172.7850341796875,98.26814270019531,107.9068374633789,95.28536224365234,113.75,46.37120819091797,31.327497482299805,54.21211624145508,25.059038162231445,18.400341033935547
2015-03-31,171.2749481201172,97.22773742675781,107.56092071533203,95.48992156982422,113.66000366210938,45.65266799926758,31.25739860534668,53.73409652709961,24.91132926940918,18.211374282836914
2015-04-01,170.66934204101562,96.72134399414062,107.60417938232422,96.7441635131836,115.5999984741211,45.979923248291016,31.6468448638916,53.657623291015625,24.904909133911133,18.185012817382812
2015-04-02,171.2832794189453,96.78580474853516,107.80307006835938,95.7191162109375,115.27999877929688,46.37833023071289,32.121978759765625,54.06552505493164,24.95628547668457,18.18060874938965
2015-04-06,172.4365692138672,97.5776138305664,108.27871704101562,95.1845932006836,116.69000244140625,46.84786605834961,32.5348014831543,54.626380920410156,25.40582847595215,18.356401443481445
2015-04-07,171.98023986816406,97.41188049316406,107.58685302734375,95.98265838623047,116.11000061035156,46.783836364746094,32.3712272644043,53.663997650146484,25.421884536743164,18.316850662231445
2015-04-08,172.5610809326172,98.185302734375,108.51226043701172,96.01193237304688,115.47000122070312,46.983036041259766,33.04887771606445,53.74684143066406,25.216373443603516,18.373979568481445
2015-04-09,173.32435607910156,98.80213928222656,108.12308502197266,94.76721954345703,114.66999816894531,47.04706954956055,33.37601852416992,52.63151550292969,25.6209774017334,18.422317504882812
2015-04-10,174.27017211914062,99.20726776123047,108.64198303222656,94.90632629394531,115.97000122070312,47.13956069946289,33.399383544921875,52.59326934814453,25.73335075378418,18.49264144897461
2015-04-13,173.48196411132812,98.95868682861328,108.71115112304688,95.03814697265625,115.13999938964844,46.84074783325195,33.20465087890625,52.45305252075195,25.47646713256836,18.43990135192871
2015-04-14,173.81387329101562,98.67325592041016,108.68519592285156,95.71173858642578,114.44000244140625,47.189361572265625,33.35264587402344,52.63787078857422,25.935651779174805,18.382774353027344
2015-04-15,174.59381103515625,99.2901611328125,109.44627380371094,95.63121795654297,115.43000030517578,47.40278625488281,33.58631896972656,52.24273681640625,26.55538558959961,18.545372009277344
2015-04-16,174.5439910888672,99.15201568603516,109.38574981689453,95.15531158447266,115.02999877929688,47.53084182739258,33.85113525390625,52.3765754699707,26.49437141418457,18.479450225830078
2015-04-17,172.53616333007812,97.60523223876953,107.61280822753906,96.24626922607422,115.5999984741211,46.933231353759766,33.259178161621094,52.13436508178711,26.30171012878418,18.22456169128418
2015-04-20,174.11256408691406,99.0691909790039,108.66790771484375,95.39691925048828,114.72000122070312,46.983036041259766,33.22802734375,52.21085739135742,26.401254653930664,18.53658676147461
2015-04-21,173.90518188476562,99.49269104003906,108.55548095703125,94.96495819091797,115.37999725341797,47.40278625488281,33.42274475097656,52.300086975097656,26.12189483642578,18.527790069580078
2015-04-22,174.7597198486328,100.0359115600586,108.71977233886719,93.51520538330078,113.83000183105469,47.49527359008789,33.78104019165039,52.408443450927734,26.2952938079834,18.716758728027344
2015-04-23,175.19947814941406,100.41341400146484,109.21277618408203,93.91792297363281,114.66000366210938,47.673133850097656,34.03028869628906,52.54865646362305,26.475109100341797,18.791467666625977
2015-04-24,175.6060028076172,101.77606964111328,108.84954833984375,94.5036392211914,113.05000305175781,47.95058822631836,34.15491485595703,52.65700149536133,26.324193954467773,18.954076766967773
2015-04-27,174.8759307861328,101.51825714111328,107.64740753173828,94.5036392211914,115.33000183105469,48.185367584228516,34.28733444213867,52.58690643310547,26.2952938079834,19.006805419921875
2015-04-28,175.43179321289062,101.31572723388672,108.244140625,93.2003402709961,116.33000183105469,48.24226760864258,34.34185791015625,52.48492431640625,26.426942825317383,19.068330764770508
2015-04-29,174.70994567871094,100.68043518066406,107.06794738769531,92.05815887451172,115.51000213623047,47.822532653808594,33.9134521484375,51.42695236206055,26.632448196411133,18.97604751586914
2015-04-30,172.95924377441406,99.0967788696289,104.80203247070312,92.21928405761719,113.47000122070312,47.31740951538086,33.399383544921875,50.59203338623047,26.548969268798828,18.712366104125977
2015-05-01,174.83441162109375,100.4041976928711,105.48529052734375,90.97782135009766,113.08000183105469,47.843868255615234,33.601898193359375,50.974422454833984,26.609975814819336,18.940885543823242
2015-05-04,175.33224487304688,100.5699462890625,105.86579132080078,90.11944580078125,114.0999984741211,47.7940673828125,33.79661560058594,51.02541732788086,26.542543411254883,18.958471298217773
2015-05-05,173.32435607910156,98.93106842041016,104.51664733886719,89.99469757080078,114.41999816894531,47.0826416015625,33.4305534362793,49.916446685791016,26.215015411376953,18.66402816772461
2015-05-06,172.61082458496094,98.24972534179688,104.87987518310547,88.45394134521484,114.36000061035156,47.20358657836914,33.01771545410156,49.82085037231445,26.11226463317871,18.505821228027344
2015-05-07,173.29946899414062,98.83900451660156,105.2777099609375,89.64252471923828,113.41999816894531,47.04706954956055,32.97097396850586,50.58565139770508,25.829696655273438,18.642059326171875
2015-05-08,175.58114624023438,100.07276916503906,106.06470489501953,89.88461303710938,113.97000122070312,48.13557052612305,33.391597747802734,51.2930908203125,26.253551483154297,18.91012954711914
2015-05-11,174.74317932128906,99.68605041503906,106.12525939941406,87.69819641113281,113.52999877929688,47.7158203125,33.072242736816406,50.521915435791016,25.75904655456543,18.81344223022461
2015-05-12,174.2204132080078,99.23490142822266,105.93501281738281,87.9256591796875,114.5,47.6873664855957,32.963199615478516,50.674861907958984,25.87785530090332,18.712366104125977
2015-05-13,174.25363159179688,99.43746185302734,105.93501281738281,87.22135162353516,116.55000305175781,48.04307174682617,33.0255012512207,50.19049072265625,25.810420989990234,18.791467666625977
2015-05-14,176.0706329345703,100.89219665527344,107.05927276611328,87.45610809326172,117.18000030517578,48.61933898925781,33.35264587402344,51.15925216674805,25.800790786743164,19.094694137573242
2015-05-15,176.26145935058594,100.89219665527344,106.9382095336914,89.20960998535156,117.52999877929688,48.676246643066406,33.609683990478516,51.68185043334961,25.903532028198242,19.033178329467773
2015-05-18,176.8091278076172,101.33414459228516,108.14897918701172,87.71290588378906,117.5199966430664,48.51262283325195,33.2669677734375,51.548038482666016,25.92601203918457,19.125463485717773
2015-05-19,176.7510223388672,101.22364044189453,108.00198364257812,86.93519592285156,115.88999938964844,48.32765579223633,33.32148742675781,51.36957550048828,25.55674934387207,19.077123641967773
2015-05-20,176.6265869140625,101.2881088256836,108.20091247558594,87.08193969726562,116.08000183105469,48.420135498046875,33.298118591308594,51.32497024536133,25.604921340942383,19.090309143066406
2015-05-21,177.14102172851562,101.81291198730469,108.07981872558594,88.2998275756836,115.69000244140625,48.676246643066406,33.18128967285156,51.082786560058594,25.845735549926758,19.173809051513672
2015-05-22,176.71780395507812,101.71162414550781,107.61280822753906,88.3365478515625,115.5999984741211,48.36323165893555,33.290340423583984,51.0190544128418,25.752620697021484,19.160625457763672
2015-05-26,174.81785583496094,100.5423355102539,106.58363342285156,89.8479232788086,113.91000366210938,47.49527359008789,32.760684967041016,50.6302604675293,25.34482192993164,18.88375473022461
2015-05-27,176.47720336914062,102.16276550292969,107.88957214355469,90.05335235595703,113.88999938964844,47.95771026611328,32.768470764160156,51.127376556396484,25.299863815307617,19.23972511291504
2015-05-28,176.27810668945312,101.9325942993164,107.79443359375,89.83328247070312,114.0199966430664,47.8723258972168,32.3400764465332,51.02541732788086,25.200319290161133,19.20016860961914
2015-05-29,175.18289184570312,101.32491302490234,107.14582061767578,90.0313720703125,114.0999984741211,47.4099006652832,32.02850341796875,50.439064025878906,25.171417236328125,19.059551239013672
2015-06-01,175.53970336914062,101.66558074951172,107.48307800292969,89.0637435913086,114.0,47.28184127807617,31.903884887695312,51.05729293823242,25.10719871520996,19.112274169921875
2015-06-02,175.3654327392578,101.34334564208984,107.69066619873047,87.82110595703125,114.45999908447266,47.50239181518555,32.02850341796875,50.58565139770508,25.28060531616211,19.072729110717773
2015-06-03,175.83006286621094,101.64715576171875,108.76304626464844,86.409423828125,113.63999938964844,47.76560974121094,31.864948272705078,49.859092712402344,25.10719871520996,19.112274169921875
2015-06-04,174.34487915039062,100.8737564086914,107.67332458496094,87.53436279296875,112.83999633789062,47.253379821777344,31.38202476501465,49.76346969604492,24.76681900024414,18.93648910522461
2015-06-05,174.0462188720703,100.6343765258789,108.45170593261719,86.46823120117188,112.23999786376953,46.69135665893555,31.241817474365234,49.208980560302734,24.940231323242188,18.87497329711914
2015-06-08,172.97592163085938,99.61243438720703,107.95011138916016,86.37261199951172,112.56999969482422,46.6273193359375,31.234033584594727,49.11977005004883,24.79894256591797,18.66402816772461
2015-06-09,172.95095825195312,99.4466781616211,107.62145233154297,85.6888427734375,112.81999969482422,46.37120819091797,31.04709243774414,48.762847900390625,24.795724868774414,18.620079040527344
2015-06-10,175.02525329589844,100.80931091308594,108.96196746826172,84.9388656616211,113.77999877929688,47.34587478637695,31.498855590820312,49.10702133178711,25.10077476501465,18.91012954711914
2015-06-11,175.58944702148438,100.95661163330078,109.23869323730469,86.72554779052734,113.26000213623047,47.47393798828125,31.343076705932617,49.40657424926758,24.988391876220703,18.91891860961914
2015-06-12,174.24533081054688,100.12801361083984,108.91008758544922,86.72554779052734,113.2300033569336,47.096858978271484,31.343076705932617,49.36195373535156,24.709022521972656,18.75191307067871
2015-06-15,173.49862670898438,99.63079071044922,108.56413269042969,86.86524963378906,113.7300033569336,46.812294006347656,30.99256706237793,49.09427261352539,24.651227951049805,18.637653350830078
2015-06-16,174.44442749023438,100.17404174804688,109.33381652832031,87.549072265625,113.31999969482422,46.79807662963867,31.000356674194336,49.48942184448242,24.843904495239258,18.76070785522461
2015-06-17,174.7265167236328,100.45027160644531,109.1695327758789,86.87261962890625,113.8499984741211,46.69135665893555,31.187301635742188,49.91006088256836,24.78287124633789,18.769498825073242
2015-06-18,176.54360961914062,101.91419982910156,110.631103515625,86.44618225097656,115.31999969482422,47.11109924316406,31.475494384765625,50.5984001159668,24.76681900024414,18.93648910522461
2015-06-19,175.7599334716797,101.41030883789062,110.57923126220703,87.55646514892578,115.12000274658203,46.99726486206055,31.202871322631836,50.2096061706543,24.53700828552246,18.778900146484375
2015-06-22,176.66029357910156,102.1578140258789,111.34027862548828,85.76971435546875,113.63999938964844,47.88655471801758,31.654638290405273,49.6933708190918,24.837615966796875,18.933401107788086
2015-06-23,176.7854461669922,102.2408676147461,111.57379913330078,85.25503540039062,112.88999938964844,48.01462173461914,31.96619987487793,49.279109954833984,24.91842269897461,18.946643829345703
2015-06-24,175.50144958496094,101.7148666381836,110.631103515625,85.99027252197266,112.58999633789062,47.60198974609375,31.740314483642578,49.01141357421875,24.763282775878906,18.85835838317871
2015-06-25,174.9678192138672,101.51183319091797,110.57058715820312,85.6888427734375,112.44000244140625,47.58100891113281,31.631242752075195,48.51430130004883,24.511150360107422,18.814212799072266
2015-06-26,174.9344482421875,100.83812713623047,110.26790618896484,84.72566986083984,112.55999755859375,47.55929946899414,31.333059310913086,48.86322784423828,24.59195899963379,18.655292510986328
2015-06-29,171.26602172851562,98.45723724365234,107.48307800292969,86.96820831298828,113.06999969482422,46.09794616699219,30.634674072265625,48.10356521606445,24.126497268676758,18.25800323486328
2015-06-30,171.62452697753906,98.80791473388672,107.98467254638672,86.36528778076172,112.37000274658203,45.93154525756836,31.089801788330078,48.08423614501953,24.294580459594727,18.275659561157227
2015-07-01,173.000244140625,99.59235382080078,108.30467987060547,85.19952392578125,111.9800033569336,46.22815704345703,31.06625747680664,48.8760986328125,23.98427391052246,18.399261474609375
2015-07-02,172.84181213378906,99.62004089355469,107.5047836303711,85.4795150756836,111.76000213623047,46.28604507446289,31.215349197387695,48.998409271240234,24.090932846069336,18.42574691772461
2015-07-06,172.34991455078125,99.38933563232422,107.47001647949219,87.06385803222656,112.05999755859375,45.352787017822266,30.344335556030273,49.30742263793945,23.774160385131836,18.35070037841797
2015-07-07,173.4337921142578,99.63847351074219,107.59162902832031,87.88184356689453,110.76000213623047,45.36725997924805,29.889209747314453,50.07997131347656,23.9907283782959,18.377193450927734
2015-07-08,170.5240478515625,97.9035415649414,105.95013427734375,88.64081573486328,111.08999633789062,44.311031341552734,28.86125373840332,49.8868408203125,23.505876541137695,18.077007293701172
2015-07-09,170.8324737548828,97.84817504882812,106.332275390625,86.89439392089844,111.36000061035156,45.04171371459961,29.41838836669922,49.64865493774414,23.62548065185547,18.006378173828125
2015-07-10,172.98353576660156,99.3431625366211,107.80876922607422,85.51638793945312,111.48999786376953,46.51753616333008,30.16384506225586,50.06065368652344,23.754772186279297,18.293310165405273
2015-07-13,174.8927764892578,101.08734130859375,109.02466583251953,85.2510986328125,110.98999786376953,46.6911735534668,30.367877960205078,50.13147735595703,23.9228572845459,18.5714168548584
2015-07-14,175.65151977539062,101.75176239013672,109.63265228271484,85.53112030029297,110.73999786376953,47.081825256347656,30.422809600830078,50.23447799682617,24.094173431396484,18.642051696777344
2015-07-15,175.5931396484375,101.86251068115234,109.05072021484375,86.43750762939453,110.16000366210938,46.90818786621094,30.07754135131836,50.318180084228516,23.670732498168945,18.646461486816406
2015-07-16,177.00216674804688,103.3021469116211,109.70210266113281,87.03441619873047,109.76000213623047,47.31333541870117,30.45419692993164,50.723758697509766,23.703060150146484,18.884843826293945
2015-07-17,177.1521759033203,104.82479858398438,109.22444915771484,87.4838638305664,108.6500015258789,47.2337532043457,30.414960861206055,50.543495178222656,23.415369033813477,19.176197052001953
2015-07-20,177.24391174316406,105.18472290039062,108.63385009765625,87.11543273925781,105.69999694824219,47.35673904418945,30.218780517578125,50.6014404296875,23.105064392089844,19.27772331237793
2015-07-21,176.54359436035156,105.12013244628906,108.12142944335938,87.58702087402344,105.37000274658203,47.21928024291992,30.226634979248047,50.459815979003906,23.114757537841797,19.149709701538086
2015-07-22,176.22677612304688,103.92967987060547,108.52095031738281,88.13228607177734,104.80000305175781,46.85755920410156,29.7950496673584,50.678680419921875,22.927278518676758,18.8407039642334
2015-07-23,175.23460388183594,103.54206848144531,107.32237243652344,89.2303237915039,104.33000183105469,46.73457336425781,29.50470733642578,50.04778289794922,22.907888412475586,18.800966262817383
2015-07-24,173.41708374023438,102.52696990966797,105.59404754638672,89.4513931274414,105.3499984741211,46.22092056274414,29.080974578857422,50.26021957397461,22.468284606933594,18.699443817138672
2015-07-27,172.4082489013672,101.67792510986328,104.71684265136719,89.9303970336914,104.86000061035156,45.88091278076172,28.531686782836914,50.35036087036133,22.14504623413086,18.531696319580078
2015-07-28,174.52597045898438,102.55465698242188,105.61141967773438,89.27454376220703,105.0199966430664,46.45967102050781,28.822021484375,50.3825569152832,22.778593063354492,18.699443817138672
2015-07-29,175.72654724121094,102.94224548339844,105.9067153930664,88.94292449951172,105.16999816894531,46.62605667114258,29.104509353637695,50.71087646484375,23.08890151977539,18.823043823242188
2015-07-30,175.76820373535156,103.43132019042969,106.210693359375,89.62825012207031,104.2699966430664,46.58987808227539,28.81416893005371,50.459815979003906,22.927278518676758,18.85835838317871
2015-07-31,175.50144958496094,103.31134796142578,106.7926025390625,90.29147338867188,104.93000030517578,46.864784240722656,29.128053665161133,50.85894775390625,22.42625617980957,18.796554565429688
2015-08-03,174.9094696044922,102.98835754394531,106.26278686523438,91.24185943603516,104.0999984741211,46.7418098449707,28.641536712646484,51.17441177368164,21.95433235168457,18.695026397705078
2015-08-04,174.567626953125,102.79457092285156,106.01094055175781,90.51818084716797,104.30999755859375,46.77798080444336,28.743549346923828,50.801025390625,21.879993438720703,18.58466911315918
2015-08-05,175.14291381835938,103.58821105957031,106.25411987304688,89.83872985839844,103.93000030517578,47.02395248413086,28.75139617919922,50.466251373291016,21.71514320373535,18.765649795532227
2015-08-06,173.70889282226562,101.92713165283203,104.82105255126953,90.63634490966797,104.38999938964844,46.82862854003906,28.50029182434082,50.53706359863281,22.061006546020508,18.58024787902832
2015-08-07,173.3754425048828,101.79790496826172,104.11758422851562,91.82530975341797,104.6500015258789,46.7418098449707,28.48459815979004,50.723758697509766,21.666645050048828,18.593494415283203
2015-08-10,175.5597686767578,102.96068572998047,105.31611633300781,90.68804168701172,105.72000122070312,47.31333541870117,28.96326446533203,50.56281280517578,22.358386993408203,18.884843826293945
2015-08-11,173.97573852539062,101.6410140991211,104.41287231445312,92.12808227539062,106.26000213623047,46.58987808227539,28.32765769958496,50.89759063720703,22.400407791137695,18.60232162475586
2015-08-12,174.18409729003906,101.99169921875,104.2131118774414,91.62592315673828,107.75,46.257102966308594,27.888229370117188,51.05851364135742,22.807680130004883,18.686201095581055
2015-08-13,173.96734619140625,101.82560729980469,103.86568450927734,91.33055877685547,106.86000061035156,46.22815704345703,27.841144561767578,51.11647033691406,22.461824417114258,18.633224487304688
2015-08-14,174.6010284423828,101.98246765136719,104.53446197509766,91.54466247558594,106.8499984741211,46.30050277709961,27.880380630493164,51.393306732177734,22.413330078125,18.725934982299805
2015-08-17,175.57644653320312,102.83148193359375,105.63746643066406,91.95824432373047,107.12999725341797,46.21369552612305,27.57434844970703,51.831077575683594,22.461824417114258,18.831871032714844
2015-08-18,175.06784057617188,102.30545043945312,104.79502868652344,91.23452758789062,107.11000061035156,45.86643600463867,27.276159286499023,51.97270202636719,22.37778091430664,18.734764099121094
2015-08-19,173.68386840820312,101.63178253173828,103.7093505859375,92.135498046875,108.55000305175781,45.4613151550293,26.938739776611328,51.663692474365234,21.76039695739746,18.61115074157715
2015-08-20,170.05712890625,98.817138671875,101.0864486694336,93.06600952148438,110.44000244140625,44.36167907714844,26.51500129699707,51.28385925292969,21.26906967163086,18.156471252441406
2015-08-21,164.93800354003906,94.49827575683594,99.9052734375,93.3466567993164,111.12999725341797,43.34885025024414,25.698911666870117,50.33104705810547,20.525625228881836,17.46340560913086
2015-08-24,157.99298095703125,90.8623275756836,96.00564575195312,93.3171157836914,110.52999877929688,41.851314544677734,24.576793670654297,47.97480010986328,19.42337989807129,16.774761199951172
2015-08-25,156.13372802734375,90.52085876464844,95.26738739013672,91.81791687011719,109.16000366210938,42.24920654296875,24.890674591064453,46.65504455566406,19.142160415649414,16.64232063293457
2015-08-26,162.1282958984375,95.0796890258789,97.69055938720703,90.0455322265625,107.66999816894531,43.24756622314453,25.714614868164062,47.91685485839844,19.80156707763672,17.481063842773438
2015-08-27,166.1385955810547,97.48827362060547,99.43627166748047,90.09724426269531,107.7300033569336,43.77568435668945,26.85242462158203,48.843910217285156,20.78097152709961,17.88719367980957
2015-08-28,166.1468963623047,97.46979522705078,100.41768646240234,90.36310577392578,108.69999694824219,43.7105712890625,26.507150650024414,48.773101806640625,21.252904891967773,17.922504425048828
2015-08-31,164.8046112060547,96.26091766357422,100.05293273925781,89.66890716552734,108.81999969482422,43.3850212097168,26.554237365722656,47.65933609008789,21.472707748413086,17.759170532226562
2015-09-01,159.8855743408203,93.25245666503906,97.18685150146484,90.31500244140625,109.19999694824219,41.930904388427734,25.526283264160156,46.75160598754883,20.716327667236328,17.18970489501953
2015-09-02,162.9203643798828,95.88253021240234,98.93253326416016,89.53785705566406,108.62000274658203,42.55306625366211,25.89508819580078,47.23445129394531,20.907039642333984,17.604663848876953
2015-09-03,163.03709411621094,95.41190338134766,98.77620697021484,89.97454833984375,107.83999633789062,42.65433883666992,25.997098922729492,47.36320495605469,20.965221405029297,17.617902755737305
2015-09-04,160.56924438476562,94.27679443359375,98.02928161621094,90.79608154296875,107.48999786376953,41.677696228027344,25.220245361328125,46.48122787475586,20.619359970092773,17.3486328125
2015-09-08,164.60450744628906,96.9345932006836,100.27005767822266,89.45648956298828,107.5199966430664,42.90031051635742,26.02063751220703,47.18294143676758,20.942598342895508,17.83421516418457
2015-09-09,162.4034423828125,95.84564208984375,99.11492919921875,89.88574981689453,106.12999725341797,42.7266845703125,25.887248992919922,46.64215850830078,20.54825210571289,17.600248336791992
2015-09-10,163.28721618652344,96.88847351074219,99.56654357910156,89.27883911132812,106.37999725341797,43.00883483886719,26.15404510498047,46.74516677856445,20.667850494384766,17.77682876586914
2015-09-11,164.0292510986328,97.42366027832031,100.03555297851562,89.8413314819336,106.16000366210938,43.0015983581543,26.256052017211914,47.64002227783203,20.483600616455078,17.860700607299805
2015-09-14,163.42063903808594,97.12837982177734,99.5752182006836,89.98196411132812,106.22000122070312,42.67605209350586,26.216812133789062,47.66579818725586,20.30582046508789,17.816560745239258
2015-09-15,165.46328735351562,98.27267456054688,100.69562530517578,88.25748443603516,105.9000015258789,42.96541976928711,26.467918395996094,48.135738372802734,20.532087326049805,18.046106338500977
2015-09-16,166.89723205566406,98.82636260986328,101.56414031982422,87.92444610595703,107.30999755859375,43.62376022338867,27.111373901367188,48.6507682800293,21.113916397094727,18.121152877807617
2015-09-17,166.5220947265625,98.8633041381836,101.91155242919922,88.99760437011719,108.41000366210938,43.645469665527344,27.048603057861328,49.20443344116211,21.100984573364258,17.997547149658203
2015-09-18,163.80081176757812,97.45716857910156,100.50455474853516,90.3667984008789,109.20999908447266,42.55306625366211,26.5463924407959,49.12074279785156,20.54677963256836,17.76385498046875
2015-09-21,164.6472930908203,97.762451171875,100.32217407226562,88.89402770996094,108.52999877929688,42.53135681152344,26.499311447143555,49.5391960144043,20.663999557495117,17.941232681274414
2015-09-22,162.51022338867188,96.30081939697266,98.80227661132812,90.12995910644531,107.79000091552734,41.518531799316406,26.00494384765625,48.91472244262695,20.445837020874023,17.639694213867188
2015-09-23,162.2504425048828,96.37483978271484,98.50697326660156,90.12257385253906,108.22000122070312,41.323211669921875,25.58905601501465,49.22162628173828,20.18207550048828,17.684043884277344
2015-09-24,161.66378784179688,96.0233154296875,98.34194946289062,90.73682403564453,110.48999786376953,41.20745086669922,25.47920036315918,48.759971618652344,20.26999855041504,17.684043884277344
2015-09-25,161.6219024658203,95.209228515625,97.0476303100586,89.95234680175781,109.80999755859375,41.56917190551758,25.424266815185547,48.95503234863281,20.30906867980957,17.652999877929688
2015-09-28,157.56561279296875,92.49872589111328,94.3301010131836,91.49177551269531,108.41999816894531,40.751686096191406,24.882827758789062,48.19427490234375,19.498275756835938,17.249475479125977
2015-09-29,157.6578369140625,92.01770782470703,93.65940856933594,91.7508316040039,107.9800033569336,40.69380187988281,25.000530242919922,48.70796585083008,19.468965530395508,17.174097061157227
2015-09-30,160.5994415283203,94.13613891601562,95.1139907836914,91.43258666992188,106.86000061035156,41.467899322509766,25.72245216369629,49.11758041381836,19.928089141845703,17.515535354614258
2015-10-01,161.0184783935547,94.5616683959961,94.948486328125,91.82262420654297,106.7300033569336,41.59811782836914,25.86370086669922,49.35816955566406,19.967172622680664,17.524404525756836
2015-10-02,163.4237060546875,96.21756744384766,96.35953521728516,92.3788833618164,108.98999786376953,42.30708312988281,26.554237365722656,49.715797424316406,20.79098892211914,17.77273178100586
2015-10-05,166.33184814453125,97.59595489501953,98.65899658203125,91.12553405761719,108.7699966430664,43.14628601074219,27.1270694732666,50.55457305908203,21.41944694519043,18.12303924560547
2015-10-06,165.76194763183594,97.1333999633789,97.97962188720703,91.51860809326172,109.86000061035156,43.196922302246094,27.079988479614258,50.437538146972656,21.894859313964844,18.14521026611328
2015-10-07,167.1196746826172,97.7161865234375,99.7129135131836,91.21453857421875,109.69999694824219,43.7395133972168,27.801904678344727,51.016231536865234,22.171627044677734,18.229459762573242
2015-10-08,168.62811279296875,98.10472869873047,100.61004638671875,90.45059967041016,109.13999938964844,44.086761474609375,28.10009765625,51.44538116455078,22.59493637084961,18.31371307373047
2015-10-09,168.72874450683594,98.54875946044922,100.81038665771484,90.68795776367188,110.87000274658203,44.16633987426758,28.20211410522461,51.36084747314453,22.448410034179688,18.39353370666504
2015-10-12,168.887939453125,98.78932189941406,100.66230010986328,91.37769317626953,111.30999755859375,44.07953643798828,27.990238189697266,51.724971771240234,22.158607482910156,18.41570472717285
2015-10-13,167.8235626220703,98.15098571777344,99.2861099243164,91.53338623046875,111.86000061035156,43.52248001098633,27.535106658935547,51.321834564208984,21.927412033081055,18.37578773498535
2015-10-14,167.01905822753906,97.99369812011719,98.31059265136719,92.33441162109375,113.80999755859375,43.60929489135742,27.74698257446289,50.93821334838867,22.116273880004883,18.34031867980957
2015-10-15,169.5835418701172,99.60337829589844,100.66230010986328,91.88200378417969,113.29000091552734,44.35444259643555,28.42182731628418,51.63393783569336,22.513532638549805,18.57533836364746
2015-10-16,170.35459899902344,100.01963806152344,100.53166198730469,91.91162872314453,112.48999786376953,44.31826400756836,28.445363998413086,52.02406311035156,22.542848587036133,18.610809326171875
2015-10-19,170.4383544921875,100.59318542480469,100.7232666015625,91.65950012207031,112.0199966430664,44.16633987426758,28.155019760131836,52.75230407714844,22.096738815307617,18.681766510009766
2015-10-20,170.2205047607422,100.07518005371094,100.58390808105469,91.09587860107422,112.7300033569336,43.985477447509766,28.147180557250977,52.732810974121094,22.158607482910156,18.632984161376953
2015-10-21,169.1645050048828,99.46458435058594,99.05094146728516,92.00064086914062,111.7300033569336,43.96377944946289,27.739126205444336,52.537750244140625,21.885082244873047,18.491086959838867
2015-10-22,172.0223388671875,101.49052429199219,99.92195129394531,92.1563949584961,111.69000244140625,44.45571517944336,28.311969757080078,52.999420166015625,22.279085159301758,18.90791130065918
2015-10-23,173.9080047607422,104.33051300048828,100.90618133544922,91.37024688720703,111.5,44.89702224731445,28.47675323486328,52.48573303222656,22.226985931396484,19.435596466064453
2015-10-26,173.48057556152344,104.39525604248047,100.21810150146484,91.97840881347656,111.43000030517578,44.73063659667969,28.21780014038086,52.47272491455078,21.68320083618164,19.36020851135254
2015-10-27,173.14535522460938,104.60803985595703,99.12064361572266,92.20832061767578,111.68000030517578,44.339969635009766,27.896076202392578,52.453216552734375,21.422706604003906,19.24934959411621
2015-10-28,175.1148223876953,105.47760009765625,102.01236724853516,91.83748626708984,110.77999877929688,44.62934494018555,27.57434844970703,52.49871063232422,21.89811134338379,19.537578582763672
2015-10-29,175.01425170898438,105.31109619140625,100.92359161376953,90.37647247314453,109.72000122070312,44.303802490234375,27.315397262573242,52.427215576171875,22.00882339477539,19.484376907348633
2015-10-30,174.25999450683594,104.83930969238281,100.46195983886719,91.0588150024414,109.30000305175781,44.209747314453125,27.36247444152832,51.94606018066406,22.15209197998047,19.35578155517578
2015-11-02,176.32162475585938,106.02340698242188,102.5523910522461,90.64033508300781,108.58999633789062,44.62934494018555,27.903921127319336,53.05141830444336,22.669837951660156,19.528717041015625
2015-11-03,176.8328857421875,106.39344787597656,103.08370971679688,89.89704895019531,106.9800033569336,44.61487579345703,28.272727966308594,52.51824951171875,23.24944305419922,19.630706787109375
2015-11-04,176.29653930664062,106.40272521972656,103.03144836425781,90.0010986328125,105.97000122070312,44.3689079284668,28.045164108276367,52.2841682434082,23.041040420532227,19.652881622314453
2015-11-05,176.12051391601562,106.11589050292969,103.10984802246094,89.76326751708984,105.63999938964844,44.28932189941406,28.092243194580078,52.49223327636719,22.845674514770508,19.595230102539062
2015-11-06,176.02833557128906,106.18994140625,103.84148406982422,88.44768524169922,104.0999984741211,44.086761474609375,27.699893951416016,50.86016082763672,22.72844696044922,19.661746978759766
2015-11-09,174.38572692871094,105.06131744384766,102.6220932006836,87.94973754882812,104.4000015258789,43.63099670410156,27.00936508178711,49.988887786865234,22.503768920898438,19.471065521240234
2015-11-10,174.78797912597656,104.79307556152344,102.92691802978516,88.20989990234375,104.18000030517578,43.60205841064453,26.891651153564453,50.561073303222656,22.552608489990234,19.34247589111328
2015-11-11,174.1007080078125,104.66355895996094,102.02980041503906,88.02406311035156,103.83000183105469,43.82632064819336,26.94658851623535,50.61961364746094,22.073942184448242,19.333606719970703
2015-11-12,171.6703643798828,103.64596557617188,100.07872772216797,88.44768524169922,103.8499984741211,43.25481033325195,26.687633514404297,50.27499008178711,21.572486877441406,19.16510009765625
2015-11-13,169.74281311035156,101.61078643798828,99.35580444335938,88.95313262939453,103.55999755859375,42.89308166503906,26.318832397460938,49.70280456542969,21.484575271606445,18.788188934326172
2015-11-16,172.32398986816406,103.07240295410156,100.20938110351562,88.8713607788086,103.70999908447266,43.4356689453125,26.82888412475586,50.27499008178711,22.200937271118164,19.076419830322266
2015-11-17,172.19834899902344,103.13717651367188,99.82613372802734,89.02001190185547,102.33999633789062,43.551414489746094,26.75041389465332,50.27499008178711,21.956722259521484,19.080846786499023
2015-11-18,174.9304656982422,105.11683654785156,101.51592254638672,89.20581817626953,102.43000030517578,43.949310302734375,27.040748596191406,50.71713638305664,22.318166732788086,19.369077682495117
2015-11-19,174.77960205078125,105.19084167480469,101.08909606933594,89.80043029785156,103.55999755859375,44.173583984375,27.28400421142578,50.873199462890625,22.01859474182129,19.457767486572266
2015-11-20,175.41650390625,105.90316772460938,101.74235534667969,89.52542114257812,103.08999633789062,44.072296142578125,27.558652877807617,51.510398864746094,21.784143447875977,19.59966278076172
2015-11-23,175.21542358398438,105.59786987304688,102.24754333496094,89.80043029785156,102.26000213623047,43.79739761352539,27.299701690673828,51.62095260620117,21.94044303894043,19.484376907348633
2015-11-24,175.45005798339844,105.50540161132812,102.99662017822266,89.79301452636719,102.94000244140625,43.804622650146484,27.440948486328125,51.34784698486328,22.409326553344727,19.488807678222656
2015-11-25,175.42491149902344,105.59786987304688,103.79792785644531,90.0010986328125,102.45999908447266,43.905906677246094,27.229082107543945,51.5559196472168,22.226985931396484,19.426733016967773
2015-11-27,175.6260528564453,105.74589538574219,104.18988037109375,89.91189575195312,101.25,43.91313934326172,26.632707595825195,52.00457000732422,22.06743621826172,19.471065521240234
2015-11-30,174.89691162109375,105.47760009765625,103.73696899414062,90.2686996459961,101.91999816894531,43.8769645690918,26.671939849853516,51.62095260620117,22.148836135864258,19.493244171142578
2015-12-01,176.564697265625,106.5322036743164,104.42505645751953,91.48800659179688,102.27999877929688,44.339969635009766,26.875961303710938,52.336181640625,22.324674606323242,19.666183471679688
2015-12-02,174.76283264160156,105.87540435791016,103.30146026611328,91.51775360107422,100.69000244140625,43.869720458984375,26.554237365722656,51.26981735229492,21.634355545043945,19.54201889038086
2015-12-03,172.31564331054688,104.08075714111328,101.55945587158203,89.0300521850586,101.76000213623047,43.6599235534668,26.4051513671875,50.46355438232422,21.20128059387207,19.289264678955078
2015-12-04,175.67636108398438,106.51370239257812,102.58721923828125,89.8121109008789,104.0199966430664,44.01442337036133,26.585628509521484,51.425865173339844,21.067777633666992,19.76374053955078
2015-12-07,174.61195373535156,106.03267669677734,101.04554748535156,90.68359375,102.66999816894531,43.732276916503906,26.146194458007812,51.2828254699707,20.266742706298828,19.666183471679688
2015-12-08,173.43870544433594,106.04191589355469,100.48809051513672,90.7282485961914,102.83999633789062,43.088409423828125,25.855852127075195,51.237300872802734,20.058334350585938,19.617403030395508
2015-12-09,172.08937072753906,104.43228149414062,99.36448669433594,90.6314468383789,102.63999938964844,42.89308166503906,25.64398956298828,50.95123291015625,20.32210350036621,19.329172134399414
2015-12-10,172.53359985351562,104.90406799316406,99.69550323486328,90.75064849853516,102.55000305175781,42.90031051635742,25.47134780883789,50.587093353271484,20.452346801757812,19.382381439208984
2015-12-11,169.189697265625,102.4896240234375,97.47443389892578,92.1806869506836,103.11000061035156,42.08282470703125,24.757278442382812,50.49605941772461,19.687135696411133,18.97886848449707
2015-12-14,170.0444793701172,103.26667022705078,96.77764892578125,90.98896026611328,101.79000091552734,42.14793395996094,25.15747833251953,50.73011779785156,19.791336059570312,19.12519645690918
2015-12-15,171.82957458496094,103.89573669433594,98.17124938964844,90.45263671875,101.5199966430664,42.35772705078125,25.541973114013672,51.2828254699707,20.28953742980957,19.20945167541504
2015-12-16,174.3438262939453,105.44061279296875,99.66937255859375,90.259033203125,102.75,43.211402893066406,26.04417610168457,52.2841682434082,20.156028747558594,19.471065521240234
2015-12-17,171.68707275390625,103.90498352050781,98.60674285888672,91.27941131591797,100.5,42.66157531738281,25.70676040649414,52.02406311035156,19.661083221435547,19.16510009765625
2015-12-18,168.6284942626953,101.91184997558594,97.09986877441406,91.78592681884766,102.04000091552734,42.213043212890625,25.62044334411621,51.41936492919922,19.316743850708008,18.793426513671875
2015-12-21,170.01950073242188,103.04387664794922,97.83153533935547,91.76358795166016,103.1500015258789,42.408626556396484,25.820470809936523,51.62095260620117,19.336458206176758,18.985057830810547
2015-12-22,171.56231689453125,103.72124481201172,98.72868347167969,91.10067749023438,102.61000061035156,42.729740142822266,26.027671813964844,51.829017639160156,19.563169479370117,19.123207092285156
2015-12-23,173.6868438720703,104.49140167236328,99.97419738769531,90.41539764404297,102.30999755859375,43.44493865966797,26.394262313842773,52.36171340942383,20.414169311523438,19.283649444580078
2015-12-24,173.40017700195312,104.47283935546875,100.16316223144531,90.93339538574219,103.05000305175781,43.37196350097656,26.298629760742188,52.36171340942383,20.23017120361328,19.27473258972168
2015-12-28,173.0039825439453,104.41722106933594,99.69953918457031,91.20211791992188,102.2699966430664,43.26979064941406,26.115341186523438,52.651817321777344,19.862171173095703,19.261367797851562
2015-12-29,174.85028076171875,106.05957794189453,100.77552795410156,89.68693542480469,102.19999694824219,43.700374603271484,26.13924217224121,53.21223449707031,20.000165939331055,19.524301528930664
2015-12-30,173.6109619140625,105.10383605957031,99.76077270507812,89.59737396240234,101.41999816894531,43.437644958496094,25.732812881469727,53.027618408203125,19.73073959350586,19.359405517578125
2015-12-31,171.87420654296875,103.79548645019531,98.5185546875,90.00044250488281,101.45999908447266,42.85381317138672,25.653118133544922,52.56610870361328,19.8194522857666,19.08755874633789
2016-01-04,169.47157287597656,101.60562896728516,96.23536682128906,90.64979553222656,102.88999938964844,42.196990966796875,24.95182228088379,51.93317413330078,19.81287956237793,18.837989807128906
2016-01-05,169.75819396972656,101.42933654785156,96.44532775878906,90.2840805053711,103.18000030517578,42.131309509277344,25.00760269165039,52.93531799316406,19.888446807861328,18.788963317871094
2016-01-06,167.61688232421875,100.45501708984375,94.97566986083984,91.50067901611328,104.66999816894531,41.43799591064453,24.52945327758789,52.79026412963867,19.122892379760742,18.557226181030273
2016-01-07,163.59539794921875,97.3094482421875,92.43879699707031,91.6649398803711,106.1500015258789,40.57683181762695,23.772367477416992,51.761756896972656,18.65631103515625,18.009065628051758
2016-01-08,161.7997589111328,96.51143646240234,90.8467025756836,92.07538604736328,105.68000030517578,40.087867736816406,23.517351150512695,51.06950378417969,18.416454315185547,17.866451263427734
2016-01-11,161.95993041992188,96.80835723876953,90.45301818847656,91.06777954101562,104.73999786376953,40.25572204589844,23.509380340576172,51.35957336425781,18.02216911315918,17.98232078552246
2016-01-12,163.26666259765625,97.93113708496094,90.7242202758789,92.38143157958984,104.20999908447266,40.445465087890625,23.557191848754883,51.01674270629883,18.064884185791016,18.196243286132812
2016-01-13,159.1947021484375,94.5535659790039,87.8111572265625,93.29203033447266,104.72000122070312,39.81784439086914,23.310150146484375,50.2849235534668,17.631166458129883,17.70602035522461
2016-01-14,161.8081512451172,96.567138671875,89.0271224975586,92.41873168945312,103.0199966430664,40.32869338989258,23.61298179626465,50.16624450683594,18.39016342163086,18.040252685546875
2016-01-15,158.33477783203125,93.56997680664062,87.5837173461914,93.85929870605469,104.08000183105469,38.86909866333008,22.680574417114258,49.82341003417969,17.857885360717773,17.532209396362305
2016-01-19,158.54550170898438,93.77410125732422,86.40276336669922,93.56819915771484,103.9800033569336,39.22670364379883,23.01528549194336,50.08713150024414,17.473451614379883,17.550039291381836
2016-01-20,156.51380920410156,93.48648071289062,86.76143646240234,94.5534439086914,105.37000274658203,38.33634948730469,22.513221740722656,48.74214172363281,17.010164260864258,17.41187858581543
2016-01-21,157.39048767089844,93.5792465209961,86.5602035522461,93.91158294677734,105.48999786376953,38.62096405029297,22.60088539123535,49.0124626159668,17.53916358947754,17.50992774963379
2016-01-22,160.61947631835938,96.28871154785156,88.67720794677734,93.55326080322266,105.0,39.759456634521484,23.37390899658203,50.37722396850586,18.314592361450195,17.995689392089844
2016-01-25,158.1914825439453,94.85977172851562,86.70893096923828,94.06082153320312,106.08000183105469,39.22670364379883,22.975439071655273,50.06075668334961,17.460311889648438,17.786231994628906
2016-01-26,160.34963989257812,95.71343231201172,88.44103240966797,94.10562133789062,107.29000091552734,39.92731475830078,23.310150146484375,51.10905838012695,18.12074089050293,17.96004295349121
2016-01-27,158.6044921875,93.32870483398438,87.22508239746094,94.08322143554688,107.69000244140625,39.671878814697266,23.230453491210938,50.12010955810547,18.035308837890625,17.590145111083984
2016-01-28,159.43069458007812,94.64633178710938,87.20757293701172,94.21754455566406,106.54000091552734,39.78865432739258,23.5970458984375,49.73771667480469,18.584020614624023,17.817428588867188
2016-01-29,163.31723022460938,96.62278747558594,90.0681381225586,95.01620483398438,106.94999694824219,40.4892463684082,24.362092971801758,50.75962829589844,19.12616729736328,18.378963470458984
2016-02-01,163.25823974609375,96.8825912475586,89.65697479248047,94.72531127929688,108.05000305175781,40.445465087890625,24.13098907470703,50.84534454345703,18.807456970214844,18.445810317993164
2016-02-02,160.31591796875,94.78553771972656,87.72368621826172,96.48265838623047,108.08999633789062,39.504024505615234,23.349994659423828,50.38382339477539,18.17987823486328,18.11602210998535
2016-02-03,161.27699279785156,94.33086395263672,87.83740234375,95.68253326416016,109.25,39.832435607910156,24.011444091796875,50.72005844116211,18.827171325683594,18.09374237060547
2016-02-04,161.5299530029297,94.32157135009766,88.17858123779297,96.14617156982422,110.56999969482422,39.88352584838867,24.194744110107422,50.74645233154297,18.817312240600586,18.1115665435791
2016-02-05,158.4528045654297,91.04605865478516,85.76416778564453,96.25836181640625,112.31999969482422,39.27048873901367,23.915815353393555,49.78384780883789,18.380311965942383,17.603511810302734
2016-02-08,156.31985473632812,89.65422058105469,84.35572814941406,98.32975769042969,113.83000183105469,38.54069137573242,23.589073181152344,48.35976028442383,18.2850284576416,17.349489212036133
2016-02-09,156.3282470703125,89.37582397460938,83.78714752197266,98.43443298339844,113.58000183105469,38.09552001953125,23.26233673095703,47.46970748901367,17.844738006591797,17.26926612854004
2016-02-10,156.1934051513672,89.71917724609375,83.83089447021484,99.30188751220703,114.45999908447266,38.051727294921875,23.357967376708984,47.79936218261719,17.772451400756836,17.296010971069336
2016-02-11,154.16160583496094,89.58930206298828,82.92113494873047,99.99739074707031,119.05999755859375,37.49708557128906,22.967470169067383,47.12028503417969,17.696880340576172,17.260358810424805
2016-02-12,157.33993530273438,90.95329284667969,84.49571990966797,98.33723449707031,118.36000061035156,38.153900146484375,23.36593246459961,47.660911560058594,18.1634521484375,17.501022338867188
2016-02-16,159.9955596923828,93.00393676757812,86.49896240234375,97.29779052734375,114.7699966430664,38.927490234375,23.883934020996094,48.537784576416016,18.34417152404785,17.81297492980957
2016-02-17,162.60906982421875,95.11029815673828,87.85491943359375,96.69952392578125,115.4800033569336,39.59889602661133,24.3541259765625,48.95314407348633,18.945457458496094,18.178417205810547
2016-02-18,161.9429931640625,94.02464294433594,87.43500518798828,97.88855743408203,118.29000091552734,39.394554138183594,24.21068000793457,49.447601318359375,18.708879470825195,18.10711097717285
2016-02-19,161.86717224121094,94.30303192138672,87.87240600585938,97.97078704833984,117.58000183105469,39.35076904296875,24.09910774230957,49.731109619140625,18.666166305541992,18.1204776763916
2016-02-22,164.21087646484375,95.83404541015625,88.85213470458984,97.9184341430664,115.48999786376953,39.79594802856445,24.696807861328125,50.205810546875,19.142601013183594,18.36113166809082
2016-02-23,162.13697814941406,94.25660705566406,88.03861999511719,98.31478881835938,117.22000122070312,39.146427154541016,24.17083168029785,50.073951721191406,18.488740921020508,18.071456909179688
2016-02-24,162.8788299560547,95.15669250488281,88.88716125488281,98.1203842163086,117.61000061035156,39.00777053833008,24.115049362182617,50.014617919921875,18.676029205322266,18.209609985351562
2016-02-25,164.85159301757812,96.09388732910156,89.70071411132812,98.47183990478516,117.91999816894531,39.47483825683594,24.194744110107422,51.03653335571289,18.692453384399414,18.4368896484375
2016-02-26,164.47222900390625,95.97322845458984,90.26934051513672,97.5221176147461,117.11000061035156,39.37266159057617,23.955663681030273,50.77281188964844,18.804170608520508,18.38787269592285
2016-02-29,163.1822967529297,95.11029815673828,89.86693572998047,97.94834899902344,118.63999938964844,39.13913345336914,24.16286277770996,50.57500076293945,18.59059715270996,18.258634567260742
2016-03-01,167.0182342529297,98.16309356689453,91.80020904541016,96.22360229492188,117.7699966430664,40.160850524902344,25.023548126220703,51.999114990234375,19.07688331604004,18.802339553833008
2016-03-02,167.76861572265625,98.2002182006836,92.7449722290039,96.62077331542969,118.68000030517578,40.438167572021484,25.35825538635254,52.37491989135742,19.54345703125,18.85582160949707
2016-03-03,168.42617797851562,98.0146255493164,93.71601104736328,96.97284698486328,120.7300033569336,40.83225631713867,25.645151138305664,52.651817321777344,19.839168548583984,18.85582160949707
2016-03-04,168.97413635253906,98.0517578125,94.23214721679688,96.35102081298828,120.54000091552734,41.13148880004883,26.155183792114258,52.658409118652344,20.02973747253418,18.90483856201172
2016-03-07,169.10903930664062,97.44860076904297,95.25563049316406,96.321044921875,121.13999938964844,41.08039093017578,26.115341186523438,52.79685592651367,20.499595642089844,18.788963317871094
2016-03-08,167.2626953125,96.64136505126953,92.95491027832031,97.38493347167969,120.58000183105469,40.67900466918945,25.669057846069336,52.25624084472656,19.63873863220215,18.673095703125
2016-03-09,168.08897399902344,97.26302337646484,93.42732238769531,96.7930679321289,119.58000183105469,40.83225631713867,25.828439712524414,52.54633331298828,19.957456588745117,18.833528518676758
2016-03-10,168.2238006591797,97.11457061767578,92.66625213623047,96.39596557617188,121.5,40.76658630371094,25.8682861328125,52.35512161254883,19.973886489868164,18.81570816040039
2016-03-11,170.93846130371094,98.81263732910156,94.65203857421875,95.42195892333984,119.41000366210938,41.832096099853516,26.410198211669922,53.528690338134766,20.48973846435547,19.105382919311523
2016-03-14,170.71929931640625,98.97965240478516,94.40707397460938,95.72166442871094,117.87000274658203,41.74452209472656,26.250808715820312,53.53528594970703,20.355031967163086,19.12766456604004
2016-03-15,170.44107055664062,98.9425277709961,92.93743896484375,95.81156921386719,117.95999908447266,41.35041427612305,25.87626075744629,53.56166076660156,20.315593719482422,19.198972702026367
2016-03-16,171.4274444580078,99.82405853271484,93.593505859375,96.09628295898438,120.58999633789062,41.71531677246094,26.394262313842773,54.207767486572266,20.66716766357422,19.42180061340332
2016-03-17,172.5150146484375,99.76835632324219,95.02816772460938,96.49337005615234,120.12999725341797,42.036434173583984,26.976011276245117,54.97255325317383,20.94974136352539,19.49311065673828
2016-03-18,173.1929473876953,99.92472076416016,95.88545989990234,96.69563293457031,119.80000305175781,41.96345138549805,27.119464874267578,54.735206604003906,21.009973526000977,19.524457931518555
2016-03-21,173.43865966796875,100.31560516357422,95.65804290771484,95.95394897460938,118.95999908447266,41.89776611328125,27.175249099731445,54.24119567871094,20.937162399291992,19.591651916503906
2016-03-22,173.3454132080078,100.62271118164062,95.54427337646484,95.93145751953125,119.30999755859375,41.82478332519531,27.11149787902832,54.24119567871094,20.821348190307617,19.596126556396484
2016-03-23,172.2014617919922,99.79443359375,93.77803039550781,97.017822265625,116.61000061035156,41.40149688720703,26.649276733398438,53.947845458984375,20.36467933654785,19.48415184020996
2016-03-24,172.12521362304688,99.8223648071289,94.058837890625,97.05533599853516,116.33000183105469,41.12417984008789,26.58552360534668,53.96784973144531,20.46395492553711,19.537893295288086
2016-03-28,172.22686767578125,99.6827621459961,94.17289733886719,97.18265533447266,116.5999984741211,41.372314453125,26.673187255859375,54.45452880859375,20.354753494262695,19.48862075805664
2016-03-29,173.8199462890625,101.28349304199219,96.78756713867188,98.20164489746094,118.76000213623047,41.81749725341797,27.039777755737305,55.63457107543945,20.450716018676758,19.7932071685791
2016-03-30,174.5826416015625,101.7767333984375,96.79638671875,97.16763305664062,117.0999984741211,42.131309509277344,27.31869888305664,55.52790069580078,20.490432739257812,19.909666061401367
2016-03-31,174.15896606445312,101.62782287597656,97.06837463378906,97.85701751708984,117.63999938964844,41.71531677246094,27.294790267944336,55.86788558959961,20.480497360229492,19.86935043334961
2016-04-01,175.34535217285156,102.70738983154297,97.498291015625,98.11227416992188,116.93000030517578,41.270137786865234,27.215097427368164,55.79458236694336,20.20583724975586,20.021638870239258
2016-04-04,174.777587890625,102.3165054321289,96.68231964111328,98.17233276367188,116.1500015258789,41.182559967041016,26.88835906982422,55.71455001831055,20.056926727294922,19.945491790771484
2016-04-05,173.0319061279297,101.33003234863281,95.58555603027344,99.24593353271484,117.66000366210938,40.37249755859375,26.362382888793945,55.347877502441406,19.921249389648438,19.75289535522461
2016-04-06,174.921630859375,102.99589538574219,96.66475677490234,98.5251235961914,116.94000244140625,41.0293083190918,26.681156158447266,55.48122787475586,20.3514461517334,19.945491790771484
2016-04-07,172.82855224609375,101.51612854003906,95.35740661621094,99.74140167236328,118.61000061035156,40.430870056152344,26.147216796875,55.13454818725586,20.23231315612793,19.658838272094727
2016-04-08,173.29466247558594,101.44170379638672,95.73468780517578,99.11080169677734,118.43000030517578,41.2044563293457,26.601457595825195,55.441226959228516,20.639341354370117,19.658838272094727
2016-04-11,172.8878631591797,101.0694351196289,95.43635559082031,98.98313903808594,120.02999877929688,41.226348876953125,26.94414710998535,55.32788848876953,20.553298950195312,19.605079650878906
2016-04-12,174.4979248046875,101.91630554199219,96.46292877197266,98.29991912841797,120.05000305175781,41.83938980102539,27.35854721069336,55.7278938293457,21.165496826171875,19.739458084106445
2016-04-13,176.26055908203125,103.2192611694336,98.54243469238281,98.64530181884766,118.7699966430664,42.50349426269531,27.84467315673828,55.48122787475586,21.264774322509766,19.941022872924805
2016-04-14,176.2689971923828,103.22855377197266,98.41958618164062,98.17233276367188,117.11000061035156,42.642173767089844,27.70919418334961,55.17454528808594,21.31441879272461,19.93653678894043
2016-04-15,176.07411193847656,102.96797180175781,98.66525268554688,99.01315307617188,117.91999816894531,42.54728698730469,27.5498104095459,55.587886810302734,21.026517868041992,19.860397338867188
2016-04-18,177.31130981445312,103.51707458496094,99.41105651855469,98.58524322509766,117.73999786376953,42.912193298339844,27.677318572998047,55.85456466674805,21.373973846435547,19.945491790771484
2016-04-19,177.8705596923828,102.88422393798828,99.49005126953125,98.27742767333984,119.58000183105469,43.656585693359375,28.099689483642578,55.88124465942383,21.800861358642578,19.83352279663086
2016-04-20,178.04006958007812,102.96797180175781,99.6391830444336,97.1962661743164,118.97000122070312,43.69307327270508,27.972185134887695,54.93455505371094,21.996103286743164,19.873830795288086
2016-04-21,177.08251953125,102.97728729248047,99.13905334472656,96.61815643310547,119.41999816894531,43.43034744262695,27.693260192871094,53.95451736450195,21.86704444885254,19.802165985107422
2016-04-22,177.08251953125,101.423095703125,100.12174224853516,96.37042999267578,117.88999938964844,43.45224380493164,27.52590560913086,54.54120635986328,22.184728622436523,19.457271575927734
2016-04-25,176.77740478515625,101.423095703125,99.41105651855469,95.97250366210938,118.2300033569336,43.23330307006836,27.350574493408203,54.99454116821289,21.936540603637695,19.46175765991211
2016-04-26,177.04017639160156,100.92986297607422,100.3849868774414,95.53707885742188,118.69999694824219,43.386566162109375,27.64543914794922,55.20787811279297,22.28731346130371,19.36768913269043
2016-04-27,177.404541015625,100.12016296386719,100.73590850830078,96.49054718017578,119.04000091552734,43.415748596191406,27.812795639038086,55.17454528808594,22.710887908935547,19.278118133544922
2016-04-28,175.79443359375,98.91031646728516,99.58653259277344,96.88848876953125,121.29000091552734,42.82460403442383,27.52590560913086,55.061214447021484,22.37335205078125,19.036237716674805
2016-04-29,174.8453826904297,98.3891372680664,98.69157409667969,97.13623046875,123.6500015258789,42.642173767089844,27.406362533569336,54.55453109741211,22.336952209472656,18.870506286621094
2016-05-02,176.23512268066406,99.31979370117188,99.5689697265625,96.15823364257812,123.23999786376953,43.04355239868164,27.334638595581055,55.40122985839844,22.313785552978516,19.009361267089844
2016-05-03,174.7012939453125,98.3984603881836,97.93699645996094,97.369384765625,122.95999908447266,42.335655212402344,26.561622619628906,55.48788070678711,21.78762435913086,18.83467674255371
2016-05-04,173.7267608642578,97.765625,97.12977600097656,97.90361022949219,122.20999908447266,41.846675872802734,26.131275177001953,56.2812385559082,21.47325325012207,18.776445388793945
2016-05-05,173.69288635253906,97.73768615722656,96.74373626708984,98.55806732177734,122.06999969482422,41.75910186767578,26.123302459716797,56.441246032714844,21.648639678955078,18.7854061126709
2016-05-06,174.32847595214844,98.25884246826172,97.31404876708984,98.13678741455078,123.18000030517578,41.87588119506836,26.163158416748047,57.061256408691406,21.598995208740234,18.924259185791016
2016-05-09,174.47247314453125,98.53804016113281,97.59480285644531,98.44522857666016,120.6500015258789,41.78830337524414,25.828439712524414,57.687931060791016,21.284631729125977,18.924259185791016
2016-05-10,176.641845703125,99.88749694824219,98.57750701904297,98.45275115966797,120.9800033569336,42.38672637939453,26.322538375854492,57.68126678466797,21.658571243286133,19.170612335205078
2016-05-11,174.9894561767578,98.9847640991211,97.35787963867188,99.00942993164062,122.12000274658203,42.02183151245117,26.258785247802734,56.44792556762695,21.724750518798828,19.031761169433594
2016-05-12,175.0402374267578,98.54734802246094,96.84024047851562,98.55806732177734,121.16000366210938,42.00723648071289,26.18705940246582,56.77457809448242,21.784317016601562,18.97801399230957
2016-05-13,173.51492309570312,98.18441772460938,96.19972229003906,99.51344299316406,121.70999908447266,41.57666015625,25.716876983642578,56.26791000366211,21.506345748901367,18.906341552734375
2016-05-16,175.22666931152344,99.41284942626953,97.41931915283203,98.65584564208984,121.80000305175781,42.07292175292969,26.027671813964844,56.801265716552734,21.870351791381836,19.170612335205078
2016-05-17,173.59117126464844,98.1657943725586,95.87506103515625,98.82134246826172,122.22000122070312,41.76639938354492,25.908132553100586,55.747901916503906,21.972944259643555,18.97801399230957
2016-05-18,173.64205932617188,98.51944732666016,96.37517547607422,97.41452026367188,120.0999984741211,41.781005859375,25.653118133544922,54.87456130981445,21.761150360107422,19.013843536376953
2016-05-19,173.04037475585938,98.007568359375,95.60311126708984,97.83588409423828,119.87000274658203,41.48179244995117,25.414039611816406,54.26119613647461,21.764461517333984,18.910825729370117
2016-05-20,174.13356018066406,99.08712005615234,97.208740234375,97.91110229492188,119.70999908447266,41.82478332519531,25.669057846069336,54.694541931152344,21.89352035522461,19.13925552368164
2016-05-23,173.89622497558594,98.95683288574219,97.09467315673828,98.12922668457031,119.37000274658203,41.68613052368164,25.621246337890625,54.70121383666992,21.83725929260254,19.103422164916992
2016-05-24,176.15036010742188,100.93912506103516,99.09521484375,97.69292449951172,117.30000305175781,42.29186248779297,25.884227752685547,55.381221771240234,21.946468353271484,19.46175765991211
2016-05-25,177.34521484375,101.66504669189453,99.6742935180664,97.32427215576172,116.9800033569336,42.73703384399414,26.195026397705078,55.381221771240234,22.293935775756836,19.596126556396484
2016-05-26,177.39598083496094,101.96286010742188,99.56023406982422,97.82833862304688,116.58000183105469,42.85381317138672,26.370359420776367,55.48788070678711,22.201274871826172,19.658838272094727
2016-05-27,178.15867614746094,102.49332427978516,100.55169677734375,97.68537902832031,115.62000274658203,42.81001281738281,26.362382888793945,55.787899017333984,22.21451187133789,19.75289535522461
2016-05-31,177.8197479248047,102.68880462646484,100.90267181396484,97.91863250732422,116.05999755859375,42.60567092895508,26.394262313842773,55.781227111816406,22.128477096557617,19.7932071685791
2016-06-01,178.18417358398438,102.69807434082031,101.58705139160156,98.31586456298828,115.94000244140625,42.569183349609375,26.37832260131836,55.82789611816406,22.135089874267578,19.74394416809082
2016-06-02,178.72650146484375,102.91215515136719,102.36793518066406,99.02448272705078,115.66999816894531,42.569183349609375,26.593494415283203,56.114559173583984,22.105308532714844,19.72601890563965
2016-06-03,178.192626953125,102.4281997680664,101.75374603271484,100.43413543701172,118.87999725341797,42.84651565551758,26.99993133544922,56.34122848510742,22.019269943237305,19.681228637695312
2016-06-06,179.09933471679688,102.80046844482422,102.85052490234375,99.68785858154297,118.91999816894531,43.08734130859375,27.286821365356445,55.907901763916016,22.50571632385254,19.71706199645996
2016-06-07,179.3789520263672,102.53987884521484,103.14883422851562,99.92913055419922,118.81999969482422,43.40114974975586,27.53386878967285,56.24790954589844,23.015336990356445,19.79768943786621
2016-06-08,179.9636993408203,102.71669006347656,103.91219329833984,100.4643325805664,120.58000183105469,43.48873519897461,27.73309898376465,56.607906341552734,22.962383270263672,19.838001251220703
2016-06-09,179.7179412841797,102.54918670654297,103.24534606933594,101.11262512207031,121.25,42.95597839355469,27.41433334350586,56.734596252441406,22.786996841430664,19.84248161315918
2016-06-10,178.01461791992188,101.38583374023438,101.84148406982422,101.60262298583984,121.73999786376953,41.70802688598633,26.721004486083984,56.46791458129883,22.293935775756836,19.69019317626953
2016-06-13,176.641845703125,100.53894805908203,100.73590850830078,102.05490112304688,122.63999938964844,41.10228729248047,26.34644317626953,56.48124694824219,22.227745056152344,19.470714569091797
2016-06-14,176.29437255859375,100.53894805908203,100.4463882446289,101.97956848144531,122.7699966430664,40.445465087890625,26.258785247802734,56.3345832824707,22.21451187133789,19.515504837036133
2016-06-15,176.04867553710938,100.2504653930664,100.5166244506836,102.37155151367188,123.68000030517578,40.71548843383789,26.537708282470703,56.86793518066406,22.161561965942383,19.466232299804688
2016-06-16,176.5740509033203,100.54828643798828,100.50782775878906,102.8691177368164,122.37999725341797,40.803070068359375,26.44208335876465,57.187923431396484,22.055665969848633,19.506542205810547
2016-06-17,175.9164276123047,99.3697280883789,100.0779037475586,102.22830200195312,123.94999694824219,41.2044563293457,26.513797760009766,57.09457778930664,22.280841827392578,19.376468658447266
2016-06-20,177.04940795898438,99.99491882324219,101.16588592529297,101.13526916503906,123.20999908447266,42.22618865966797,26.98398780822754,57.17459487915039,22.474040985107422,19.457489013671875
2016-06-21,177.5519561767578,100.3121566772461,100.97285461425781,100.6678237915039,120.83999633789062,42.569183349609375,27.191192626953125,57.392547607421875,22.740510940551758,19.592514038085938
2016-06-22,177.26231384277344,100.0695571899414,100.57801055908203,100.83367919921875,120.9000015258789,42.54311752319336,27.26026153564453,57.30508804321289,22.61394500732422,19.52500343322754
2016-06-23,179.5707550048828,101.49727630615234,102.49956512451172,99.68033599853516,120.11000061035156,43.719905853271484,27.91887664794922,57.5943489074707,22.987010955810547,19.790557861328125
2016-06-24,173.1225128173828,97.31682586669922,98.60383605957031,102.35649108886719,126.0,39.966094970703125,26.224149703979492,57.08312225341797,22.244203567504883,19.029897689819336
2016-06-27,170.02194213867188,95.38522338867188,95.36616516113281,104.91192626953125,126.68000030517578,39.19895935058594,25.886810302734375,57.123477935791016,21.53137969970703,18.647319793701172
2016-06-28,173.08843994140625,97.47543334960938,96.84024047851562,105.13060760498047,125.31999969482422,40.22677993774414,26.649843215942383,58.32754898071289,22.130949020385742,19.016393661499023
2016-06-29,176.03573608398438,99.20172882080078,99.04255676269531,104.323974609375,125.83999633789062,40.964134216308594,27.324522018432617,59.033878326416016,22.550649642944336,19.3089542388916
2016-06-30,178.43783569335938,100.34952545166016,100.8851089477539,104.70843505859375,126.47000122070312,41.57486343383789,27.597599029541016,59.64599609375,22.73052406311035,19.520492553710938
2016-07-01,178.81263732910156,100.85340881347656,101.24482727050781,106.16231536865234,128.41000366210938,41.57486343383789,27.862655639648438,59.66616439819336,22.850440979003906,19.565509796142578
2016-07-05,177.5263671875,100.23755645751953,99.75326538085938,107.49150085449219,129.47000122070312,40.77048873901367,27.26828956604004,60.325408935546875,22.390769958496094,19.421472549438477
2016-07-06,178.59115600585938,101.05872344970703,100.47756958007812,107.66514587402344,130.22999572753906,40.69599151611328,27.196008682250977,60.06304931640625,22.48735809326172,19.556509017944336
2016-07-07,178.48040771484375,101.3572998046875,100.6893081665039,107.65760040283203,129.74000549316406,40.53215026855469,27.12372589111328,59.44419860839844,22.257522583007812,19.556509017944336
2016-07-08,181.1380615234375,102.92497253417969,103.03604888916016,108.45060729980469,130.52000427246094,41.150333404541016,27.71004295349121,60.40612030029297,22.553979873657227,19.862567901611328
2016-07-11,181.77691650390625,103.5128402709961,104.22705078125,107.49906921386719,129.2899932861328,41.753623962402344,27.975101470947266,60.80973434448242,22.5972843170166,19.979598999023438
2016-07-12,183.09725952148438,104.03540802001953,105.6209945678711,105.73176574707031,127.1500015258789,42.319671630859375,28.368663787841797,60.803001403808594,23.156883239746094,20.141626358032227
2016-07-13,183.07168579101562,103.7834701538086,105.20634460449219,106.97787475585938,128.32000732421875,42.27498245239258,28.320472717285156,61.13932418823242,22.957029342651367,20.14612579345703
2016-07-14,184.09384155273438,104.49263763427734,105.31221771240234,105.42215728759766,127.33000183105469,42.63994216918945,28.730104446411133,60.59446716308594,23.073606491088867,20.276653289794922
2016-07-15,183.8468780517578,104.32466125488281,105.60333251953125,104.51583099365234,126.83999633789062,42.423946380615234,28.665843963623047,60.614662170410156,23.060293197631836,20.258647918701172
2016-07-18,184.3409423828125,105.01516723632812,105.77981567382812,104.41771697998047,127.04000091552734,42.528221130371094,28.92286491394043,60.77608871459961,23.076942443847656,20.3936767578125
2016-07-19,184.1534881591797,104.63261413574219,105.25044250488281,105.00675964355469,127.20999908447266,42.193058013916016,28.625686645507812,61.07209396362305,22.947038650512695,20.34866714477539
2016-07-20,184.9201202392578,105.85499572753906,105.93858337402344,104.43280792236328,125.38999938964844,42.57291030883789,28.770259857177734,61.07876968383789,22.913726806640625,20.614221572875977
2016-07-21,184.2216796875,105.61237335205078,105.43570709228516,104.64423370361328,127.30000305175781,42.40160369873047,28.68191146850586,61.19987869262695,22.687211990356445,20.506202697753906
2016-07-22,185.04795837402344,106.05097198486328,106.2209243774414,104.82550048828125,126.3499984741211,42.4835319519043,28.89073944091797,61.73801040649414,22.757169723510742,20.627721786499023
2016-07-25,184.54531860351562,106.06031036376953,106.06211853027344,104.74998474121094,125.47000122070312,42.431396484375,28.60159683227539,61.62367248535156,22.304157257080078,20.600717544555664
2016-07-26,184.63055419921875,106.18159484863281,106.57379150390625,104.91610717773438,126.0,42.61014938354492,28.82648277282715,61.320953369140625,22.434070587158203,20.645727157592773
2016-07-27,184.43460083007812,106.9188003540039,106.87377166748047,106.22266387939453,128.02999877929688,42.76655960083008,28.92286491394043,60.843345642089844,22.214221954345703,20.816762924194336
2016-07-28,184.6475372314453,107.29207611083984,106.60028076171875,106.02628326416016,127.66000366210938,42.72187423706055,28.9309024810791,61.40841293334961,22.217552185058594,20.830263137817383
2016-07-29,184.9457244873047,107.52533721923828,106.81199645996094,106.90989685058594,128.97999572753906,43.22832489013672,29.0835018157959,62.188697814941406,22.44405746459961,20.90678596496582
2016-08-01,184.79234313964844,108.09452056884766,106.90021514892578,105.75080871582031,129.22000122070312,42.945308685302734,29.027286529541016,62.32323455810547,21.7045841217041,20.947294235229492
2016-08-02,183.60829162597656,107.27336120605469,105.40924835205078,104.66130065917969,130.27000427246094,42.729312896728516,28.81844711303711,61.327667236328125,21.90110969543457,20.789764404296875
2016-08-03,184.14491271972656,107.62796783447266,106.2649917602539,104.72181701660156,129.64999389648438,42.58034896850586,28.914833068847656,60.971168518066406,22.324140548706055,20.861778259277344
2016-08-04,184.3409423828125,107.9359130859375,106.36202239990234,105.50873565673828,129.8699951171875,42.82614517211914,29.075469970703125,60.722267150878906,22.29083251953125,20.974294662475586
2016-08-05,185.8485870361328,108.9716796875,107.89714813232422,104.41165161132812,127.55000305175781,43.01978302001953,29.412809371948242,60.76262664794922,22.4940242767334,21.176834106445312
2016-08-08,185.73788452148438,108.85039520263672,107.84422302246094,104.6083755493164,127.44000244140625,43.109169006347656,29.621644973754883,60.87024688720703,22.793813705444336,21.17233657836914
2016-08-09,185.8485870361328,109.1023178100586,107.95892333984375,105.63732147216797,127.95999908447266,43.4517707824707,29.822444915771484,61.19987869262695,22.67388916015625,21.21734619140625
2016-08-10,185.38858032226562,108.82243347167969,107.18252563476562,106.04589080810547,128.55999755859375,43.60073471069336,29.830472946166992,61.132598876953125,22.427410125732422,21.149831771850586
2016-08-11,186.24896240234375,109.2889633178711,107.69425964355469,105.10013580322266,127.66999816894531,43.91354751586914,30.21599578857422,60.439762115478516,22.757169723510742,21.226343154907227
2016-08-12,186.08709716796875,109.36361694335938,107.80010223388672,105.9853286743164,127.4000015258789,43.80183410644531,30.10356330871582,60.69536209106445,22.88374137878418,21.203845977783203
2016-08-15,186.6237030029297,109.8301773071289,108.86760711669922,104.98660278320312,127.83999633789062,43.97313690185547,30.41680145263672,60.63481903076172,23.06694984436035,21.307363510131836
2016-08-16,185.66123962402344,109.2236328125,107.98538208007812,104.70668029785156,128.47000122070312,43.90610885620117,30.280256271362305,59.9083366394043,23.103588104248047,21.149831771850586
2016-08-17,186.0104217529297,109.41960906982422,107.66777038574219,105.3346939086914,128.5,43.891212463378906,30.087493896484375,60.15049743652344,23.173542022705078,21.14083480834961
2016-08-18,186.42782592773438,109.44759368896484,108.46176147460938,105.50106811523438,129.11000061035156,44.114646911621094,30.368614196777344,59.92851638793945,23.649869918823242,21.149831771850586
2016-08-19,186.1553192138672,109.41960906982422,108.46176147460938,104.94881439208984,127.97000122070312,43.78693771362305,30.199935913085938,59.54508590698242,23.453350067138672,21.163331985473633
2016-08-22,186.14674377441406,109.50359344482422,108.70880889892578,105.83401489257812,127.77999877929688,43.83161544799805,29.798336029052734,59.867984771728516,23.18353271484375,21.163331985473633
2016-08-23,186.5215301513672,109.69954681396484,109.467529296875,105.94752502441406,127.76000213623047,44.017818450927734,29.677867889404297,59.9016227722168,23.34674644470215,21.239849090576172
2016-08-24,185.56756591796875,108.99034118652344,108.57645416259766,105.69783020019531,126.33999633789062,43.91354751586914,29.758182525634766,59.63926696777344,23.253488540649414,21.12282371520996
2016-08-25,185.43975830078125,108.81305694580078,108.78820037841797,105.29678344726562,126.2300033569336,43.73480224609375,29.782283782958984,59.9083366394043,23.190195083618164,21.16783332824707
2016-08-26,185.09048461914062,108.9716796875,108.5676498413086,104.6839599609375,126.05000305175781,43.474124908447266,29.5252628326416,59.3163948059082,23.110244750976562,21.176834106445312
2016-08-29,186.00193786621094,109.12100982666016,109.13225555419922,106.08369445800781,126.30000305175781,43.608177185058594,29.750158309936523,59.9016227722168,23.266813278198242,21.257854461669922
2016-08-30,185.6952667236328,108.76638793945312,109.33517456054688,105.67515563964844,125.02999877929688,43.54859924316406,29.66983413696289,59.78726577758789,23.186864852905273,21.185834884643555
2016-08-31,185.1671600341797,108.65443420410156,108.71760559082031,105.8265151977539,124.77999877929688,43.45922088623047,29.340526580810547,59.847801208496094,22.820459365844727,21.149831771850586
2016-09-01,185.17567443847656,108.93436431884766,108.79704284667969,105.94318389892578,125.29000091552734,43.75714111328125,29.565420150756836,59.69980239868164,22.753835678100586,21.21734619140625
2016-09-02,186.0104217529297,109.2889633178711,109.84688568115234,105.0790786743164,126.56999969482422,44.26359939575195,30.047332763671875,60.2177619934082,23.010330200195312,21.311866760253906
2016-09-06,186.5726318359375,109.97016143798828,109.95277404785156,105.84468841552734,128.7100067138672,44.5615234375,30.689884185791016,60.68194580078125,23.356746673583984,21.419885635375977
2016-09-07,186.5556182861328,110.03546142578125,110.64089965820312,105.76885986328125,128.27000427246094,44.5838737487793,30.593502044677734,61.045169830322266,23.489978790283203,21.47390365600586
2016-09-08,186.12974548339844,109.39161682128906,110.42034149169922,104.44237518310547,127.58999633789062,44.45725631713867,30.5131893157959,60.298492431640625,23.929664611816406,21.298368453979492
2016-09-09,181.67474365234375,106.63883972167969,106.9708023071289,102.72178649902344,126.75,43.593284606933594,29.48509979248047,57.91051483154297,23.21684455871582,20.77625846862793
2016-09-12,184.28131103515625,108.55176544189453,108.46176147460938,102.77481842041016,126.58999633789062,43.95078659057617,29.685897827148438,58.59663391113281,23.446683883666992,21.12282371520996
2016-09-13,181.63209533691406,107.58133697509766,106.37969970703125,101.60758209228516,125.75,43.064476013183594,28.938928604125977,57.12548065185547,22.77715492248535,20.96979522705078
2016-09-14,181.56398010253906,108.09452056884766,106.39734649658203,101.75910186767578,126.18000030517578,43.00489044189453,29.027286529541016,57.30835723876953,22.507347106933594,21.068822860717773
2016-09-15,183.3783721923828,109.77420806884766,107.66777038574219,101.31948852539062,125.37000274658203,43.377288818359375,29.5252628326416,57.525108337402344,22.787147521972656,21.415388107299805
2016-09-16,182.66946411132812,109.7218017578125,107.50896453857422,102.13815307617188,125.05999755859375,42.818687438964844,29.324462890625,57.552207946777344,22.603168487548828,21.336748123168945
2016-09-19,182.70372009277344,109.24469757080078,108.22355651855469,101.80464935302734,125.31999969482422,43.04213333129883,29.557388305664062,58.07373046875,22.589773178100586,21.296072006225586
2016-09-20,182.71229553222656,109.45053100585938,107.76480102539062,102.16085815429688,125.44000244140625,43.30281448364258,29.57344627380371,57.98569107055664,22.425565719604492,21.282508850097656
2016-09-21,184.76693725585938,110.52629852294922,109.32636260986328,102.98707580566406,127.2699966430664,44.0625114440918,30.400739669799805,58.73072814941406,22.944984436035156,21.522048950195312
2016-09-22,185.9312744140625,111.40567016601562,110.896728515625,103.80571746826172,127.56999969482422,44.5093994140625,30.617589950561523,59.780582427978516,22.97179412841797,21.653108596801758
2016-09-23,184.91253662109375,110.69470977783203,110.11154174804688,103.7071304321289,127.6500015258789,44.13698959350586,30.224029541015625,59.963462829589844,22.666851043701172,21.463298797607422
2016-09-26,183.41432189941406,109.76856231689453,109.0180892944336,104.36662292480469,127.55000305175781,43.72735595703125,29.782283782958984,60.10569763183594,22.566312789916992,21.336748123168945
2016-09-27,184.55294799804688,110.85372161865234,109.46045684814453,105.13216400146484,126.62000274658203,43.93589782714844,30.20797348022461,59.46902847290039,22.415510177612305,21.571765899658203
2016-09-28,185.468994140625,111.04080963134766,110.3009033203125,104.90478515625,126.22000122070312,44.24871063232422,30.48105239868164,59.956703186035156,23.383981704711914,21.61244010925293
2016-09-29,183.79098510742188,110.2363052368164,108.69078826904297,105.17005157470703,126.06999969482422,43.69755554199219,29.950952529907227,59.1574592590332,23.343765258789062,21.481372833251953
2016-09-30,185.17788696289062,111.05952453613281,109.88504028320312,104.23016357421875,125.63999938964844,44.040164947509766,30.07946014404297,58.75104904174805,23.662120819091797,21.5943603515625
2016-10-03,184.73272705078125,110.90048217773438,109.54006958007812,103.88619995117188,125.31999969482422,43.920997619628906,30.288297653198242,57.65378189086914,23.645370483398438,21.531082153320312
2016-10-04,183.79098510742188,110.73211669921875,109.00040435791016,102.67121887207031,120.97000122070312,43.91354751586914,29.950952529907227,56.86809158325195,23.404081344604492,21.454256057739258
2016-10-05,184.6042938232422,111.12503051757812,109.65505981445312,102.19282531738281,120.77999877929688,44.09230041503906,30.384668350219727,55.71664047241211,23.762649536132812,21.531082153320312
2016-10-06,184.73272705078125,111.06890106201172,109.54006958007812,101.62335205078125,119.66000366210938,43.853965759277344,30.408775329589844,55.73695755004883,23.799516677856445,21.5808048248291
2016-10-07,184.0992431640625,110.82569122314453,108.66422271728516,101.691650390625,119.73999786376953,43.63053512573242,30.2722225189209,55.642127990722656,23.662120819091797,21.522048950195312
2016-10-10,185.0579833984375,111.5272445678711,109.96471405029297,101.09182739257812,120.16000366210938,43.75714111328125,30.601530075073242,55.987571716308594,24.034103393554688,21.671188354492188
2016-10-11,182.7208251953125,109.93693542480469,107.95648193359375,100.86400604248047,119.55000305175781,43.138954162597656,29.894725799560547,55.445701599121094,23.759307861328125,21.42713737487793
2016-10-12,182.9605712890625,109.84342956542969,107.86802673339844,100.96267700195312,119.73999786376953,43.04213333129883,29.83850860595703,56.08241271972656,23.658771514892578,21.463298797607422
2016-10-13,182.3612060546875,109.45053100585938,106.9745101928711,101.34235382080078,120.02999877929688,42.87826919555664,29.57344627380371,56.522682189941406,23.528072357177734,21.32771110534668
2016-10-14,182.45542907714844,109.58148956298828,106.54103088378906,99.92241668701172,119.36000061035156,42.952754974365234,29.621644973754883,56.27204513549805,23.39068603515625,21.409053802490234
2016-10-17,181.82192993164062,109.28215026855469,106.41719055175781,100.56024932861328,119.68000030517578,42.82614517211914,29.589519500732422,56.393978118896484,23.27674674987793,21.363866806030273
2016-10-18,182.9605712890625,110.25502014160156,107.02757263183594,100.88673400878906,120.41999816894531,43.250675201416016,30.111583709716797,56.752967834472656,23.37057113647461,21.481372833251953
2016-10-19,183.44850158691406,110.24568176269531,107.4787826538086,100.97032165527344,121.11000061035156,43.36983871459961,30.29631996154785,56.87488555908203,23.702335357666016,21.522048950195312
2016-10-20,183.10610961914062,110.1147232055664,107.1602783203125,101.07662200927734,120.73999786376953,43.43688201904297,30.20797348022461,56.74617004394531,23.675525665283203,21.422616958618164
2016-10-21,183.1916961669922,110.52629852294922,107.10721588134766,101.22847747802734,120.83000183105469,43.34004211425781,30.199935913085938,56.536197662353516,23.521377563476562,21.481372833251953
2016-10-24,183.97080993652344,111.85469055175781,107.78838348388672,100.78807830810547,120.55999755859375,43.332603454589844,30.32845115661621,56.66490173339844,23.451007843017578,21.689268112182617
2016-10-25,183.35440063476562,111.49920654296875,106.98335266113281,101.05380249023438,121.47000122070312,43.30281448364258,30.36057472229004,56.56330490112305,23.343765258789062,21.61244010925293
2016-10-26,182.98623657226562,110.74147033691406,105.92173767089844,100.37039184570312,120.79000091552734,43.109169006347656,30.0393009185791,55.82501220703125,23.39737892150879,21.490402221679688
2016-10-27,182.49822998046875,110.2363052368164,104.70972442626953,99.27694702148438,121.01000213623047,43.05702590942383,29.782283782958984,54.361995697021484,23.310258865356445,21.463298797607422
2016-10-28,181.9589080810547,109.54405975341797,104.41780090332031,99.05675506591797,121.58000183105469,43.04213333129883,29.661802291870117,54.490699768066406,23.24658203125,21.440698623657227
2016-10-31,181.96751403808594,109.4411392211914,104.83357238769531,99.66419982910156,121.94000244140625,43.064476013183594,29.830472946166992,55.37798309326172,22.99526023864746,21.431652069091797
2016-11-01,180.6490020751953,108.61795806884766,103.55083465576172,99.67182922363281,122.7300033569336,42.87826919555664,29.589519500732422,54.17236328125,22.99860382080078,21.24635887145996
2016-11-02,179.56178283691406,107.74793243408203,102.23263549804688,100.10546875,123.63999938964844,42.587806701660156,29.23611068725586,53.3798828125,22.74392318725586,21.110769271850586
2016-11-03,178.73988342285156,106.69088745117188,101.73726654052734,99.3370361328125,124.30000305175781,42.54311752319336,29.155792236328125,52.96670150756836,22.83439826965332,20.907384872436523
2016-11-04,178.54296875,106.3166732788086,102.39190673828125,100.22720336914062,124.38999938964844,42.133480072021484,28.858613967895508,53.38664627075195,22.710405349731445,20.871231079101562
2016-11-07,182.4811553955078,108.84245300292969,104.89553833007812,99.37513732910156,122.1500015258789,42.714420318603516,29.90276336669922,54.32136917114258,23.199674606323242,21.32318878173828
2016-11-08,183.30300903320312,109.55341339111328,105.16976928710938,98.97186279296875,121.63999938964844,42.83359146118164,30.09552764892578,54.6058349609375,23.229825973510742,21.42713737487793
2016-11-09,185.2464141845703,110.0585708618164,108.40766143798828,94.77229309082031,121.55999755859375,42.87082290649414,29.115631103515625,53.779502868652344,23.60849952697754,21.400020599365234
2016-11-10,185.70867919921875,108.28114318847656,110.1416244506836,93.37242126464844,119.75,42.75165557861328,28.288345336914062,52.878658294677734,23.709035873413086,21.056529998779297
2016-11-11,185.28057861328125,108.32793426513672,112.67179107666016,92.84749603271484,117.0999984741211,42.4909782409668,27.750213623046875,53.19699478149414,23.27674674987793,21.11981201171875
2016-11-14,185.4261474609375,107.23343658447266,114.2553482055664,92.29207611083984,116.11000061035156,42.26008605957031,27.54941749572754,54.45682144165039,23.40744400024414,20.798925399780273
2016-11-15,186.87303161621094,108.72083282470703,114.60922241210938,92.74859619140625,117.12000274658203,42.446292877197266,28.10361099243164,54.00301742553711,24.067611694335938,21.09269142150879
2016-11-16,186.52197265625,109.36632537841797,114.6003646850586,93.58547973632812,116.7699966430664,41.99940490722656,27.870691299438477,53.84723663330078,23.90005111694336,21.287031173706055
2016-11-17,187.48085021972656,110.1614761352539,115.27273559570312,92.20841979980469,116.16999816894531,42.319671630859375,27.910852432250977,53.29860305786133,23.73918914794922,21.422616958618164
2016-11-18,187.06130981445312,109.7498550415039,115.8831558227539,91.942138671875,115.1500015258789,41.85791015625,27.782337188720703,53.45439147949219,23.836376190185547,21.40453338623047
2016-11-21,188.47396850585938,110.89116668701172,116.42279815673828,92.17044830322266,115.58000183105469,42.21540069580078,28.055419921875,53.291831970214844,24.4027156829834,21.621482849121094
2016-11-22,188.8420867919922,111.2279281616211,117.4843978881836,92.1399154663086,115.54000091552734,42.319671630859375,28.481111526489258,54.22653579711914,24.389305114746094,21.689268112182617
2016-11-23,188.94479370117188,110.77887725830078,118.21869659423828,91.78236389160156,113.25,42.17071533203125,28.175899505615234,53.996246337890625,24.489845275878906,21.6033992767334
2016-11-25,189.64678955078125,111.1343765258789,118.60792541503906,91.91931915283203,112.61000061035156,42.29732894897461,28.312435150146484,54.30780792236328,24.369203567504883,21.693790435791016
2016-11-28,188.75645446777344,110.88178253173828,117.068603515625,92.59640502929688,113.80000305175781,42.073890686035156,28.424888610839844,54.558433532714844,24.030738830566406,21.71186637878418
2016-11-29,189.1246337890625,111.26533508300781,117.00666809082031,92.98442840576172,113.2699966430664,42.34202194213867,28.465044021606445,55.079952239990234,23.735849380493164,21.725431442260742
2016-11-30,188.6708526611328,109.91822814941406,116.43165588378906,91.4780502319336,111.75,42.29732894897461,28.51323699951172,54.45005798339844,24.94223976135254,21.46781349182129
2016-12-01,187.97743225097656,108.01924896240234,115.865478515625,90.51214599609375,111.54000091552734,42.133480072021484,28.175899505615234,53.650821685791016,25.002561569213867,21.024900436401367
2016-12-02,188.07156372070312,108.23441314697266,115.80354309082031,91.1753921508789,112.13999938964844,42.23775863647461,28.20802879333496,54.18589401245117,25.076284408569336,21.101730346679688
2016-12-05,189.20164489746094,109.07633972167969,117.79402923583984,91.07628631591797,111.54000091552734,42.65483093261719,28.440954208374023,54.585514068603516,25.297462463378906,21.30510711669922
2016-12-06,189.8009033203125,109.3382568359375,119.06793975830078,91.0076904296875,111.43000030517578,42.945308685302734,28.593557357788086,54.9377326965332,25.250537872314453,21.368385314941406
2016-12-07,192.28367614746094,110.72274780273438,120.22689056396484,91.78528594970703,111.83000183105469,43.58583450317383,29.075469970703125,56.03498077392578,25.451597213745117,21.77513885498047
2016-12-08,192.75453186035156,110.91922760009766,122.12010192871094,90.70276641845703,111.56999969482422,43.54859924316406,29.20398712158203,56.421051025390625,25.589004516601562,21.82938003540039
2016-12-09,193.91883850097656,111.78919982910156,122.35895538330078,89.57453155517578,110.4000015258789,43.73480224609375,29.05137062072754,56.36009979248047,25.6694278717041,21.987564086914062
2016-12-12,193.69627380371094,111.28402709960938,121.06734466552734,89.74219512939453,110.81999969482422,43.54115295410156,28.858613967895508,56.73264694213867,25.790075302124023,21.91976547241211
2016-12-13,194.9889373779297,112.6872787475586,121.07617950439453,90.0623779296875,110.44999694824219,44.0103759765625,29.17988395690918,56.705528259277344,26.081623077392578,22.195463180541992
2016-12-14,193.37950134277344,112.4533920288086,119.5633773803711,89.05611419677734,108.83000183105469,43.36239242553711,28.312435150146484,55.46603012084961,25.558841705322266,22.118623733520508
2016-12-15,194.17572021484375,112.63113403320312,120.4568862915039,89.50586700439453,107.33999633789062,43.26557540893555,28.360631942749023,55.14091491699219,25.615816116333008,22.218053817749023
2016-12-16,193.79591369628906,112.21359252929688,120.23574829101562,89.3000259399414,108.05000305175781,43.295372009277344,28.23212242126465,55.96726989746094,25.77482795715332,22.05735969543457
2016-12-19,194.2178955078125,112.67333984375,121.02310943603516,90.26058959960938,108.58999633789062,43.22832489013672,28.03935432434082,56.570068359375,25.656906127929688,22.21624183654785
2016-12-20,194.9670867919922,113.10494232177734,122.0492935180664,89.81083679199219,107.79000091552734,43.377288818359375,28.135738372802734,56.69877624511719,25.59964370727539,22.29795265197754
2016-12-21,194.424560546875,113.0205078125,121.25309753417969,90.20721435546875,107.8499984741211,43.38933563232422,28.018754959106445,55.83856964111328,25.640071868896484,22.25255584716797
2016-12-22,194.0886688232422,112.70150756835938,120.20759582519531,90.04597473144531,107.58999633789062,43.29150390625,27.685686111450195,55.74522399902344,25.7445011138916,22.20716094970703
2016-12-23,194.3729248046875,112.77656555175781,120.84716796875,90.2293701171875,107.93000030517578,43.404388427734375,27.84815788269043,55.890438079833984,25.72092056274414,22.2298583984375
2016-12-27,194.85513305664062,113.35826110839844,121.38899993896484,89.93892669677734,108.55999755859375,43.35171127319336,27.970020294189453,56.00799560546875,25.778188705444336,22.320648193359375
2016-12-28,193.24476623535156,112.47632598876953,120.14539337158203,90.5962905883789,108.86000061035156,43.1861572265625,28.181232452392578,55.66913604736328,25.498577117919922,22.120908737182617
2016-12-29,193.20172119140625,112.31685638427734,120.25199127197266,90.91731262207031,110.29000091552734,43.29150390625,28.644287109375,56.36068344116211,25.448047637939453,22.125457763671875
2016-12-30,192.49559020996094,111.16278839111328,119.79005432128906,91.05487060546875,109.61000061035156,43.44200897216797,28.441184997558594,57.07295608520508,25.37392807006836,21.95294952392578
2017-01-03,193.96817016601562,112.15733337402344,120.38522338867188,91.44464111328125,110.47000122070312,43.71290969848633,28.782384872436523,57.25969314575195,25.660280227661133,22.14814567565918
2017-01-04,195.12210083007812,112.76716613769531,122.392822265625,91.79627990722656,110.86000061035156,44.209556579589844,29.001728057861328,58.09644317626953,25.606374740600586,22.22532081604004
2017-01-05,194.9670867919922,113.4051742553711,120.9803695678711,93.23326873779297,112.58000183105469,44.5858154296875,29.318561553955078,58.283164978027344,25.542367935180664,22.261632919311523
2017-01-06,195.66465759277344,114.39971923828125,120.53622436523438,92.37718200683594,111.75,44.4353141784668,29.196706771850586,58.29008102416992,25.565959930419922,22.425058364868164
2017-01-09,195.01878356933594,114.7750244140625,119.74562072753906,93.11859893798828,112.66999816894531,44.36758804321289,29.172332763671875,57.764522552490234,25.195384979248047,22.420515060424805
2017-01-10,195.01878356933594,115.02835083007812,120.89157104492188,93.05741882324219,113.1500015258789,44.37511444091797,29.342926025390625,57.27351379394531,24.96630859375,22.425058364868164
2017-01-11,195.5699005126953,115.33795166015625,121.10474395751953,93.37083435058594,113.5,44.60839080810547,29.692245483398438,56.92082595825195,25.235811233520508,22.529457092285156
2017-01-12,195.07907104492188,115.15971374511719,120.1719741821289,93.1644287109375,113.91000366210938,44.67612075805664,29.822229385375977,57.211273193359375,25.131378173828125,22.474990844726562
2017-01-13,195.5269012451172,115.55374908447266,121.0425796508789,92.72113800048828,114.20999908447266,44.841670989990234,29.79785919189453,57.128299713134766,25.057254791259766,22.543079376220703
2017-01-17,194.8379364013672,115.20660400390625,119.399169921875,93.69184875488281,115.8499984741211,44.67612075805664,29.781612396240234,57.57087326049805,25.212230682373047,22.456832885742188
2017-01-18,195.26849365234375,115.44115447998047,119.79005432128906,92.4918441772461,114.87000274658203,44.548187255859375,29.619131088256836,57.66770553588867,25.15496063232422,22.515846252441406
2017-01-19,194.5451202392578,115.38488006591797,118.8128890991211,91.857421875,114.7699966430664,44.4353141784668,29.52977752685547,57.07988357543945,25.0168399810791,22.484071731567383
2017-01-20,195.25987243652344,115.63819885253906,119.42582702636719,91.67399597167969,115.05000305175781,44.691158294677734,29.586637496948242,57.49479675292969,25.111164093017578,22.60663604736328
2017-01-23,194.7517852783203,115.73200988769531,118.92835998535156,92.59117126464844,115.79000091552734,44.804039001464844,30.025320053100586,57.97887420654297,24.845033645629883,22.64749526977539
2017-01-24,196.00051879882812,116.5107650756836,120.7493896484375,91.9567642211914,115.2699966430664,44.91691207885742,30.212158203125,57.992713928222656,25.11789894104004,22.78822135925293
2017-01-25,197.69699096679688,117.68354034423828,121.88646697998047,90.80264282226562,114.31999969482422,45.38347244262695,30.545238494873047,57.61235427856445,25.249286651611328,23.00611114501953
2017-01-26,197.49026489257812,117.8055191040039,121.39790344238281,91.10842895507812,113.26000213623047,45.20286560058594,30.41525650024414,57.50172424316406,25.269498825073242,22.942564010620117
2017-01-27,197.18031311035156,118.03069305419922,120.9803695678711,91.43704986572266,113.48999786376953,45.12761688232422,30.43963623046875,56.94157409667969,25.006738662719727,23.033355712890625
2017-01-30,195.95745849609375,117.11123657226562,119.2925796508789,91.16185760498047,113.97000122070312,44.804039001464844,30.27715301513672,56.554325103759766,24.548574447631836,22.847232818603516
2017-01-31,195.94021606445312,116.87664794921875,120.12760925292969,91.79627990722656,115.55000305175781,44.871768951416016,30.334028244018555,56.962337493896484,24.55868148803711,22.733741760253906
2017-02-01,196.01773071289062,117.68354034423828,120.05653381347656,91.22870635986328,115.19999694824219,45.0523567199707,30.35027503967285,56.27768325805664,24.376766204833984,22.906240463256836
2017-02-02,196.1468963623047,117.58033752441406,119.75453186035156,91.19038391113281,115.83999633789062,45.07493591308594,30.48024559020996,56.94847869873047,24.51487922668457,22.860849380493164
2017-02-03,197.4989013671875,117.91812896728516,121.58447265625,91.1521224975586,116.12999725341797,45.25554275512695,30.667095184326172,57.25969314575195,24.72712516784668,23.01064682006836
2017-02-06,197.145751953125,118.058837890625,120.66947174072266,91.7035903930664,117.69999694824219,44.93196487426758,30.5939884185791,57.16286849975586,24.518251419067383,23.02427101135254
2017-02-07,197.15444946289062,118.49044036865234,120.13652801513672,92.3776626586914,117.45999908447266,44.886810302734375,30.43963623046875,56.962337493896484,24.171260833740234,23.115062713623047
2017-02-08,197.41278076171875,118.68749237060547,119.92326354980469,93.63388061523438,118.19000244140625,44.962074279785156,30.62647819519043,57.41181564331055,24.228532791137695,23.155908584594727
2017-02-09,198.583984375,119.11907196044922,121.61109924316406,92.55386352539062,117.29000091552734,45.15018081665039,30.764577865600586,57.55013656616211,24.50140953063965,23.22854995727539
2017-02-10,199.3676300048828,119.51313781738281,122.53498840332031,92.50022888183594,117.5999984741211,45.25554275512695,31.048913955688477,57.958126068115234,24.686689376831055,23.29663848876953
2017-02-13,200.4526824951172,120.18866729736328,122.85478210449219,92.20914459228516,116.80000305175781,45.43614959716797,31.14640235900879,57.97887420654297,24.73386001586914,23.40104866027832
2017-02-14,201.25360107421875,120.59210205078125,123.26335144042969,91.542724609375,116.93000030517578,45.368408203125,31.17889976501465,57.67460250854492,24.814708709716797,23.47821617126465
2017-02-15,202.30421447753906,121.30516052246094,124.00069427490234,91.12145233154297,117.44999694824219,45.54148864746094,31.43072509765625,57.48096466064453,24.717012405395508,23.555391311645508
2017-02-16,202.13192749023438,121.26763153076172,123.65425872802734,91.61935424804688,118.08000183105469,45.646846771240234,31.316997528076172,57.819847106933594,24.380126953125,23.609861373901367
2017-02-17,202.45057678222656,121.79304504394531,123.57426452636719,92.16320037841797,117.68000030517578,45.52644348144531,31.187007904052734,57.93048095703125,24.245380401611328,23.691577911376953
2017-02-21,203.6561737060547,122.39353942871094,124.54257202148438,92.00233459472656,117.75,45.676944732666016,31.528215408325195,58.67042541503906,24.410449981689453,23.81414031982422
2017-02-22,203.47537231445312,122.44043731689453,123.9918212890625,92.15550994873047,117.91000366210938,45.676944732666016,31.62569236755371,58.47677993774414,24.039884567260742,23.841373443603516
2017-02-23,203.61312866210938,121.98067474365234,123.25447082519531,92.43126678466797,118.94000244140625,45.77477264404297,31.63381576538086,58.78108215332031,24.140941619873047,23.836835861206055
2017-02-24,203.87149047851562,122.2152328491211,123.16566467285156,93.45767974853516,119.69999694824219,45.443660736083984,31.2601261138916,59.05770492553711,23.91523551940918,23.891315460205078
2017-02-27,204.19015502929688,122.3653793334961,124.36491394042969,92.90620422363281,119.12000274658203,45.47377395629883,31.16264533996582,59.36888885498047,24.120731353759766,23.877696990966797
2017-02-28,203.63900756835938,121.99006652832031,122.44609832763672,93.25088500976562,119.2300033569336,45.40604782104492,30.86206817626953,58.96088790893555,24.046621322631836,23.764204025268555
2017-03-01,206.48939514160156,123.32235717773438,124.68470001220703,91.6883544921875,119.05999755859375,45.8801155090332,31.341367721557617,58.78108215332031,24.528356552124023,24.100122451782227
2017-03-02,205.1891326904297,122.70314025878906,123.25447082519531,91.35833740234375,117.58000183105469,45.57911682128906,30.78895378112793,58.46296691894531,24.29591178894043,23.941246032714844
2017-03-03,205.3182830810547,122.92830657958984,123.16566467285156,91.59627532958984,117.51000213623047,45.850013732910156,31.0245418548584,58.2347526550293,24.252119064331055,23.99571990966797
2017-03-06,204.7068328857422,122.65620422363281,122.32174682617188,91.15878295898438,116.72000122070312,45.70703887939453,31.040790557861328,57.971981048583984,24.306015014648438,23.959400177001953
2017-03-07,204.0954132080078,122.44983673095703,121.52228546142578,90.88249969482422,115.77999877929688,45.54901885986328,31.073278427124023,57.695350646972656,24.09041404724121,23.959400177001953
2017-03-08,203.71644592285156,122.66561889648438,120.72278594970703,90.39134216308594,115.05999755859375,45.38347244262695,30.780832290649414,56.63038635253906,23.46381378173828,23.986635208129883
2017-03-09,203.974853515625,122.75946807861328,120.24308013916016,89.669921875,114.47000122070312,45.556541442871094,30.53711700439453,55.779781341552734,23.6187801361084,23.982099533081055
2017-03-10,204.68959045410156,123.27546691894531,120.77606964111328,89.98458862304688,114.72000122070312,45.94032287597656,30.878311157226562,55.60689926147461,23.585092544555664,24.109207153320312
2017-03-13,204.79298400878906,123.48187255859375,121.06034851074219,89.41664123535156,114.73999786376953,46.18111801147461,31.30886459350586,55.74522399902344,23.588462829589844,24.13191032409668
2017-03-14,204.00927734375,123.18163299560547,120.48292541503906,89.84644317626953,114.12000274658203,45.82744598388672,31.130149841308594,55.731388092041016,23.32232666015625,24.077436447143555
2017-03-15,205.7747039794922,123.94165802001953,122.34840393066406,90.94393920898438,116.25,46.48210906982422,31.942520141601562,56.85859680175781,23.84111976623535,24.240854263305664
2017-03-16,205.3699951171875,123.85716247558594,122.50829315185547,90.48345184326172,116.7300033569336,46.7078742980957,32.137489318847656,56.74793243408203,23.672677993774414,24.254470825195312
2017-03-17,205.00929260253906,123.81393432617188,122.99687957763672,91.05135345458984,116.98999786376953,46.82827377319336,32.08062744140625,57.0107421875,23.6553955078125,24.306875228881836
2017-03-20,204.78440856933594,123.92674255371094,122.4638900756836,91.44274139404297,117.51000213623047,46.73044967651367,32.45431900024414,56.962337493896484,23.621501922607422,24.329652786254883
2017-03-21,202.15501403808594,122.04637908935547,119.00831604003906,92.20256042480469,118.54000091552734,46.51974868774414,32.09686279296875,56.71335983276367,23.455446243286133,23.974218368530273
2017-03-22,202.63079833984375,122.8737564086914,119.03495025634766,92.57093811035156,118.83000183105469,46.52727508544922,32.25123596191406,56.68201446533203,23.42155647277832,24.124595642089844
2017-03-23,202.41452026367188,122.5634765625,119.72787475585938,92.4404525756836,118.66999816894531,46.63262176513672,32.25935363769531,57.099971771240234,23.326658248901367,24.06080436706543
2017-03-24,202.2675018310547,122.81732940673828,119.81426239013672,92.77047729492188,118.86000061035156,46.76055145263672,32.34059143066406,57.037288665771484,23.235153198242188,24.07902717590332
2017-03-27,202.05995178222656,123.0147933959961,120.03697967529297,93.19259643554688,119.52999877929688,46.880950927734375,32.25123596191406,56.52180480957031,23.126712799072266,24.07902717590332
2017-03-28,203.53030395507812,123.7669448852539,120.97241973876953,92.57093811035156,119.04000091552734,47.106693267822266,32.34059143066406,56.765594482421875,23.455446243286133,24.25218963623047
2017-03-29,203.72052001953125,124.34046173095703,121.36437225341797,93.12348175048828,119.33000183105469,47.106693267822266,32.3974494934082,57.08604431152344,23.777402877807617,24.293209075927734
2017-03-30,204.36920166015625,124.54727172851562,122.28199768066406,92.37135314941406,118.47000122070312,46.94114303588867,32.22685241699219,57.190521240234375,23.7706241607666,24.338783264160156
2017-03-31,203.89358520507812,124.46269226074219,122.47798156738281,92.63998413085938,118.72000122070312,46.8734245300293,31.999393463134766,57.53187561035156,23.689289093017578,24.293209075927734
2017-04-03,203.53892517089844,124.38745880126953,121.18621063232422,93.57438659667969,119.3499984741211,46.805694580078125,32.1781120300293,57.699058532714844,23.648618698120117,24.27042007446289
2017-04-04,203.66864013671875,124.58490753173828,121.04367065429688,93.06683349609375,119.62000274658203,46.790653228759766,32.194358825683594,57.699058532714844,23.82145881652832,24.28864860534668
2017-04-05,203.06320190429688,124.07720184326172,119.6717529296875,93.35140991210938,119.62000274658203,46.54232406616211,32.09686279296875,57.78264236450195,23.746904373168945,24.188392639160156
2017-04-06,203.63406372070312,124.14297485351562,120.7853012084961,93.21295166015625,119.18000030517578,46.549842834472656,32.04000473022461,58.089149475097656,23.936687469482422,24.192949295043945
2017-04-07,203.42645263671875,124.07720184326172,120.73190307617188,92.83612823486328,119.45999908447266,46.51974868774414,31.98314094543457,58.17272186279297,23.84518051147461,24.179277420043945
2017-04-10,203.54754638671875,124.12417602539062,120.99915313720703,93.266845703125,119.45999908447266,46.467071533203125,31.853158950805664,58.534950256347656,24.024797439575195,24.13370704650879
2017-04-11,203.305419921875,123.58830261230469,121.96131134033203,94.15125274658203,121.19000244140625,46.685306549072266,31.780046463012695,58.939002990722656,24.0281925201416,24.042570114135742
2017-04-12,202.41452026367188,123.08999633789062,120.30425262451172,94.6665267944336,122.0199966430664,46.647666931152344,31.934402465820312,58.834510803222656,23.926513671875,23.96054458618164
2017-04-13,201.09982299804688,122.60106658935547,119.12831115722656,94.95877075195312,122.5999984741211,46.34667205810547,31.79629135131836,58.7021484375,23.489334106445312,23.864849090576172
2017-04-17,202.881591796875,123.61650848388672,120.5269775390625,94.6665267944336,122.23999786376953,46.63262176513672,32.129364013671875,59.41267013549805,23.54016876220703,24.083581924438477
2017-04-18,202.276123046875,123.42845916748047,120.55372619628906,95.90474700927734,122.81999969482422,46.42192077636719,31.72318458557129,59.57289123535156,23.31987953186035,24.07902717590332
2017-04-19,201.9042510986328,123.62593078613281,120.97241973876953,95.38176727294922,121.7300033569336,46.23379135131836,31.528215408325195,59.48929977416992,22.97758674621582,24.06080436706543
2017-04-20,203.54754638671875,124.66009521484375,122.513671875,95.01263427734375,121.95999908447266,46.60251235961914,31.918149948120117,59.49626159667969,23.08942413330078,24.2795352935791
2017-04-21,202.8988494873047,124.63190460205078,122.23747253417969,95.01263427734375,122.30999755859375,46.63262176513672,31.918149948120117,59.280303955078125,22.97420310974121,24.229408264160156
2017-04-24,205.1302947998047,126.13623046875,123.76087188720703,94.54347229003906,121.4800033569336,47.81405258178711,32.37307357788086,58.625511169433594,23.109764099121094,24.51649284362793
2017-04-25,206.32394409179688,127.04821014404297,124.96356201171875,93.40523529052734,120.25,48.15268325805664,32.65740966796875,58.869346618652344,23.306324005126953,24.644094467163086
2017-04-26,206.1941680908203,126.86957550048828,125.60498046875,93.92049407958984,120.83999633789062,48.0172233581543,32.53555679321289,58.43045425415039,23.22838020324707,24.616748809814453
2017-04-27,206.3671875,127.63114166259766,125.56935119628906,93.88980102539062,120.38999938964844,48.0623779296875,32.49493408203125,58.2772216796875,22.97420310974121,24.716997146606445
2017-04-28,205.9174041748047,127.85680389404297,123.8855972290039,94.09740447998047,120.7699966430664,48.00970458984375,32.543678283691406,57.671180725097656,22.99114418029785,24.78079605102539
2017-05-01,206.43637084960938,128.99436950683594,124.59825897216797,93.315185546875,119.66999816894531,48.205352783203125,32.73052978515625,58.01251983642578,22.926755905151367,24.967632293701172
2017-05-02,206.51419067382812,129.21063232421875,123.96575927734375,93.79299926757812,119.6500015258789,48.45368194580078,32.96611022949219,57.91498565673828,22.8115291595459,25.022319793701172
2017-05-03,206.26333618164062,128.7969512939453,123.19957733154297,93.85462188720703,117.9800033569336,48.35585403442383,32.74677276611328,57.14175796508789,22.875917434692383,24.97675132751465
2017-05-04,206.50558471679688,128.8439483642578,123.03036499023438,93.3922348022461,116.79000091552734,48.81488037109375,32.38120651245117,56.863128662109375,22.455678939819336,24.958518981933594
2017-05-05,207.3185272216797,129.3140411376953,123.8232421875,93.47695922851562,117.01000213623047,49.35668182373047,32.649288177490234,57.399532318115234,22.8115291595459,25.04966163635254
2017-05-08,207.283935546875,129.5961151123047,123.3065185546875,92.96833038330078,116.75,48.98796081542969,32.64117431640625,56.99549865722656,22.97420310974121,25.159025192260742
2017-05-09,207.09365844726562,130.0474090576172,123.25305938720703,92.96063995361328,116.05000305175781,48.86756134033203,33.05547332763672,56.68898010253906,22.7844181060791,25.190921783447266
2017-05-10,207.46560668945312,130.1226043701172,124.01924896240234,92.85275268554688,116.04000091552734,48.942813873291016,33.274810791015625,57.134796142578125,23.086040496826172,25.28662109375
2017-05-11,207.04177856445312,130.0192108154297,123.15509796142578,92.85275268554688,116.5,48.82240295410156,33.34792709350586,56.84920120239258,23.038599014282227,25.25472640991211
2017-05-12,206.69580078125,130.31069946289062,122.5047378540039,93.55406951904297,116.83000183105469,49.09331130981445,33.486026763916016,56.61933517456055,22.96064567565918,25.318527221679688
2017-05-15,207.83753967285156,130.7243194580078,123.45797729492188,93.29972839355469,117.13999938964844,49.34162902832031,33.82722473144531,56.7865104675293,23.14026641845703,25.459787368774414
2017-05-16,207.64718627929688,131.2696533203125,123.50251770019531,93.64656066894531,117.6500015258789,49.65768814086914,33.85972595214844,56.40338134765625,23.025035858154297,25.578269958496094
2017-05-17,203.96273803710938,127.93196105957031,120.17070007324219,95.01067352294922,119.79000091552734,49.09331130981445,33.28294372558594,56.63325500488281,22.79796600341797,24.88105583190918
2017-05-18,204.78440856933594,129.05079650878906,120.60717010498047,95.1185531616211,118.80999755859375,49.17607498168945,32.73052978515625,56.94673156738281,22.791196823120117,25.026874542236328
2017-05-19,206.11630249023438,129.5961151123047,121.18621063232422,95.34207916259766,119.4000015258789,49.74797821044922,33.429168701171875,57.25321960449219,23.07248306274414,25.172697067260742
2017-05-22,207.16290283203125,130.686767578125,122.00580596923828,95.08003997802734,119.9000015258789,49.80818176269531,33.46165084838867,57.476131439208984,23.021650314331055,25.373210906982422
2017-05-23,207.6212921142578,130.81842041015625,122.40675354003906,94.44039154052734,119.13999938964844,49.815711975097656,33.49415969848633,57.524898529052734,23.07587242126465,25.418773651123047
2017-05-24,208.10560607910156,131.42007446289062,122.48690032958984,94.97215270996094,119.61000061035156,49.845802307128906,33.624141693115234,57.99162673950195,22.953861236572266,25.523582458496094
2017-05-25,209.1002655029297,132.5388946533203,122.567138671875,95.00296783447266,119.4800033569336,49.845802307128906,33.78661346435547,57.998592376708984,22.537023544311523,25.705862045288086
2017-05-26,209.0570831298828,132.7739715576172,122.53146362304688,95.16481018066406,120.54000091552734,49.70283508300781,33.908470153808594,57.580623626708984,22.574296951293945,25.69219398498535
2017-05-30,208.8754425048828,132.88677978515625,121.56932067871094,95.6349105834961,120.13999938964844,49.65016555786133,33.729740142822266,57.218387603759766,22.27267074584961,25.80156135559082
2017-05-31,208.82347106933594,132.8397979736328,121.44459533691406,95.87388610839844,120.62000274658203,49.71036148071289,33.469783782958984,57.25321960449219,22.177778244018555,25.76055335998535
2017-06-01,210.484130859375,133.35690307617188,123.78760528564453,95.88388061523438,120.72000122070312,50.033931732177734,33.754119873046875,57.55276107788086,22.31673240661621,25.824352264404297
2017-06-02,211.18466186523438,134.88002014160156,124.58941650390625,97.01920318603516,121.61000061035156,50.5832633972168,33.924713134765625,58.14486312866211,22.059167861938477,26.06130599975586
2017-06-05,211.029052734375,134.8518524169922,123.8143081665039,96.41680145263672,121.7300033569336,50.304840087890625,33.884090423583984,57.894081115722656,22.099836349487305,26.084095001220703
2017-06-06,210.3543701171875,134.31591796875,123.6985092163086,96.94196319580078,123.0999984741211,50.16185760498047,33.90033721923828,57.61546325683594,22.360788345336914,26.03396987915039
2017-06-07,210.74366760253906,134.84243774414062,123.8143081665039,96.47856140136719,122.44999694824219,50.176910400390625,33.85972595214844,58.019508361816406,22.04560661315918,26.115989685058594
2017-06-08,210.84738159179688,134.98341369628906,125.50700378417969,96.22373962402344,121.6500015258789,50.086612701416016,34.06281661987305,57.880157470703125,21.981224060058594,26.175228118896484
2017-06-09,210.52740478515625,131.6081085205078,126.15731048583984,96.07698822021484,120.54000091552734,49.89847946166992,33.802852630615234,58.284175872802734,22.509906768798828,25.52814483642578
2017-06-12,210.484130859375,130.90301513671875,125.95244598388672,96.04607391357422,120.36000061035156,49.71036148071289,33.624141693115234,58.806636810302734,22.669191360473633,25.377763748168945
2017-06-13,211.51339721679688,131.96542358398438,126.59384155273438,96.06149291992188,120.4800033569336,50.09413528442383,33.78661346435547,58.939002990722656,22.838638305664062,25.560039520263672
2017-06-14,211.24522399902344,131.39190673828125,125.84552764892578,97.54441833496094,119.81999969482422,50.05650329589844,33.77849197387695,59.022586822509766,22.42518424987793,25.437002182006836
2017-06-15,210.83877563476562,130.80899047851562,125.20406341552734,97.38990783691406,119.31999969482422,49.537296295166016,33.429168701171875,59.32211685180664,22.25572967529297,25.323078155517578
2017-06-16,210.8848114013672,130.24143981933594,124.89231872558594,97.5829849243164,119.33999633789062,49.95868682861328,33.486026763916016,59.16886520385742,22.62392234802246,25.278697967529297
2017-06-19,212.6404266357422,132.41920471191406,125.81877136230469,97.44401550292969,118.43000030517578,50.16185760498047,33.81909942626953,59.175811767578125,22.480600357055664,25.65386962890625
2017-06-20,211.20639038085938,131.3821563720703,124.54483032226562,98.31673431396484,118.18000030517578,49.75811004638672,33.445308685302734,59.0364990234375,22.19396209716797,25.44798469543457
2017-06-21,211.15423583984375,132.6831512451172,124.23303985595703,98.51754760742188,118.5199966430664,49.69693374633789,33.518768310546875,58.918087005615234,21.835660934448242,25.589826583862305
2017-06-22,211.05859375,132.6454620361328,124.70518493652344,98.73377227783203,118.91999816894531,49.68928909301758,33.690155029296875,58.973819732666016,21.822017669677734,25.598970413208008
2017-06-23,211.31068420410156,133.154541015625,125.5337142944336,98.68743896484375,119.43000030517578,49.811641693115234,33.869712829589844,59.17845916748047,21.968746185302734,25.75910758972168
2017-06-26,211.44972229003906,132.5323028564453,125.68518829345703,99.0581283569336,118.36000061035156,49.895751953125,34.19615936279297,59.600399017333984,21.920976638793945,25.621843338012695
2017-06-27,209.7462158203125,130.12831115722656,124.5804443359375,98.00006103515625,118.80999755859375,49.88810729980469,33.796260833740234,59.065948486328125,21.886844635009766,25.200918197631836
2017-06-28,211.62359619140625,132.00436401367188,126.4869155883789,97.67570495605469,118.9000015258789,50.323970794677734,34.05741500854492,59.206600189208984,22.00627899169922,25.516616821289062
2017-06-29,209.76368713378906,129.7134552001953,125.73863983154297,96.85697174072266,118.31999969482422,49.826934814453125,33.6248664855957,58.531471252441406,22.054052352905273,25.059083938598633
2017-06-30,210.15472412109375,129.7606201171875,125.5426254272461,96.63302612304688,118.0199966430664,49.857505798339844,33.77993392944336,58.531471252441406,22.153018951416016,25.03620719909668
2017-07-03,210.5111083984375,128.39364624023438,126.59384155273438,96.32194519042969,116.08999633789062,49.79634475708008,33.97580337524414,59.27692413330078,22.579559326171875,24.862342834472656
2017-07-05,210.99778747558594,129.6569366455078,126.13953399658203,96.34514617919922,116.5199966430664,49.79634475708008,33.91051483154297,58.440059661865234,22.122310638427734,25.109411239624023
2017-07-06,209.06832885742188,128.4879608154297,124.49227905273438,95.54801177978516,116.47000122070312,49.574588775634766,33.502445220947266,57.34297561645508,21.876617431640625,24.880640029907227
2017-07-07,210.42417907714844,129.87374877929688,125.70018005371094,94.97528076171875,115.27999877929688,49.58222579956055,33.56774139404297,57.66648864746094,21.842493057250977,25.168886184692383
2017-07-10,210.65011596679688,130.7222442626953,125.15441131591797,95.1146240234375,115.47000122070312,49.70457458496094,33.886024475097656,57.13905334472656,21.914148330688477,25.351905822753906
2017-07-11,210.49371337890625,131.0898895263672,125.52125549316406,95.27714538574219,115.62000274658203,49.81929016113281,34.16352081298828,57.075767517089844,22.033586502075195,25.406808853149414
2017-07-12,212.0755615234375,132.6454620361328,126.487548828125,95.93496704101562,116.02999877929688,50.2169189453125,34.8245849609375,57.779014587402344,22.095006942749023,25.73622703552246
2017-07-13,212.43185424804688,132.9376678466797,126.59495544433594,95.33132934570312,115.81999969482422,50.362213134765625,34.99597930908203,57.87042236328125,22.183725357055664,25.78656005859375
2017-07-14,213.4226531982422,133.98416137695312,126.80962371826172,95.44738006591797,116.7699966430664,50.713966369628906,35.43669891357422,58.42597961425781,22.31680679321289,26.015329360961914
2017-07-17,213.3965606689453,134.05018615722656,127.10491180419922,95.71056365966797,117.29000091552734,50.61455535888672,35.27346420288086,58.89716720581055,22.289506912231445,26.019899368286133
2017-07-18,213.50955200195312,134.94573974609375,126.77387237548828,96.54637145996094,118.11000061035156,50.660438537597656,35.37955856323242,58.77058029174805,22.183725357055664,26.13886070251465
2017-07-19,214.6655731201172,135.7376708984375,128.03546142578125,96.58507537841797,118.08000183105469,50.8822021484375,35.67336654663086,59.2136344909668,22.507904052734375,26.271547317504883
2017-07-20,214.76112365722656,135.91677856445312,128.12493896484375,96.86370086669922,118.23999786376953,51.08865737915039,35.632564544677734,58.939369201660156,22.439655303955078,26.326452255249023
2017-07-21,214.56993103027344,135.8602752685547,127.54331970214844,97.27385711669922,119.26000213623047,50.88985061645508,35.60808181762695,58.89716720581055,22.217849731445312,26.294424057006836
2017-07-24,214.5177764892578,136.48248291015625,127.72230529785156,96.8946304321289,119.30999755859375,50.752201080322266,35.714176177978516,58.784637451171875,22.17690086364746,26.358482360839844
2017-07-25,215.03924560546875,136.1336212158203,128.88546752929688,95.63314819335938,118.91999816894531,50.821022033691406,35.6244010925293,58.86198425292969,22.456716537475586,26.308149337768555
2017-07-26,215.0479278564453,136.5767059326172,128.16964721679688,95.78789520263672,119.87999725341797,51.13454818725586,35.918209075927734,59.2698974609375,22.480600357055664,26.40880584716797
2017-07-27,214.8480224609375,135.71881103515625,127.3554458618164,95.31584930419922,119.79000091552734,51.019840240478516,35.72234344482422,59.34022521972656,22.70923614501953,26.308149337768555
2017-07-28,214.59603881835938,135.6056671142578,127.01546478271484,95.88082122802734,120.69000244140625,51.0733642578125,35.70601272583008,59.17845916748047,22.681934356689453,26.280691146850586
2017-07-31,214.47433471679688,135.03060913085938,126.6128158569336,95.99686431884766,120.75,51.1804313659668,35.7468147277832,59.25584411621094,22.73311424255371,26.152585983276367
2017-08-01,214.95230102539062,135.34170532226562,126.85440063476562,96.67086791992188,120.6500015258789,51.463348388671875,35.85292434692383,59.52304458618164,22.729705810546875,26.28527069091797
2017-08-02,215.0565948486328,135.7093963623047,125.46755981445312,96.72515106201172,120.4000015258789,51.48629379272461,35.88555908203125,58.981563568115234,22.644397735595703,26.358482360839844
2017-08-03,214.639404296875,135.18148803710938,124.84123229980469,97.72566986083984,120.58999633789062,51.51689529418945,35.73866653442383,58.86198425292969,22.327049255371094,26.298992156982422
2017-08-04,215.03050231933594,135.42657470703125,125.4496841430664,96.89580535888672,119.6500015258789,51.58571243286133,35.86924743652344,59.05891799926758,22.398704528808594,26.358482360839844
2017-08-07,215.43028259277344,136.2845001220703,125.65546417236328,97.00440979003906,119.51000213623047,51.60865020751953,36.11408615112305,58.995628356933594,22.22808837890625,26.518617630004883
2017-08-08,214.900146484375,136.048828125,125.26177978515625,96.65538787841797,119.86000061035156,51.33335876464844,36.12226104736328,58.71432876586914,22.17690086364746,26.482004165649414
2017-08-09,214.8914794921875,135.8696746826172,124.17918395996094,97.18280029296875,121.30999755859375,51.249237060546875,35.795799255371094,58.51739501953125,22.197378158569336,26.46828842163086
2017-08-10,211.85821533203125,132.95651245117188,121.92449188232422,98.0126724243164,122.20999908447266,50.52280807495117,34.94700241088867,58.09546661376953,21.96192169189453,25.946697235107422
2017-08-11,212.17111206054688,133.9652862548828,122.1034164428711,98.05921173095703,122.79000091552734,50.431034088134766,35.02861785888672,57.736793518066406,21.818603515625,26.125133514404297
2017-08-14,214.27442932128906,135.69053649902344,123.9554672241211,97.5550765991211,121.91999816894531,50.79808807373047,35.38772201538086,58.700252532958984,21.75377655029297,26.541492462158203
2017-08-15,214.24835205078125,135.7848358154297,122.93551635742188,97.14398956298828,120.9800033569336,50.759849548339844,35.42853546142578,58.52445602416992,21.671873092651367,26.582670211791992
2017-08-16,214.62203979492188,136.02052307128906,122.9713134765625,97.5007553100586,121.87000274658203,51.050437927246094,35.795799255371094,58.75649642944336,21.463714599609375,26.66044807434082
2017-08-17,211.27590942382812,133.23941040039062,120.72554016113281,98.22985076904297,122.48999786376953,50.47690963745117,35.33875274658203,58.39081573486328,21.160017013549805,26.13886070251465
2017-08-18,210.94566345214844,133.14512634277344,120.71658325195312,98.20660400390625,122.30000305175781,50.61455535888672,35.64072036743164,57.800086975097656,21.265804290771484,26.111406326293945
2017-08-21,211.1107635498047,132.97543334960938,120.63604736328125,98.44703674316406,122.76000213623047,50.59925842285156,35.77130889892578,58.4189567565918,21.156612396240234,26.102258682250977
2017-08-22,213.318359375,135.0023651123047,121.94235229492188,98.06697082519531,122.20999908447266,50.84395980834961,36.17121505737305,58.25019073486328,21.296518325805664,26.491167068481445
2017-08-23,212.55355834960938,134.5215301513672,121.74555206298828,98.73399353027344,122.66999816894531,50.85160446166992,36.342594146728516,58.84792709350586,21.388647079467773,26.427104949951172
2017-08-24,212.0581512451172,134.1255645751953,122.12133026123047,98.3694839477539,122.29000091552734,50.73690414428711,36.45685577392578,58.665103912353516,21.402297973632812,26.40423011779785
2017-08-25,212.55355834960938,133.84274291992188,122.47022247314453,98.74949645996094,122.73999786376953,51.04278564453125,36.669063568115234,58.94638442993164,21.49784278869629,26.399656295776367
2017-08-28,212.56222534179688,134.25753784179688,122.98918914794922,98.68743133544922,124.69000244140625,51.04278564453125,36.538482666015625,58.4963264465332,21.402297973632812,26.449981689453125
2017-08-29,212.80560302734375,134.7854461669922,123.0160140991211,99.00542449951172,124.41999816894531,50.83631896972656,36.47317886352539,58.43301010131836,21.375,26.56436538696289
2017-08-30,213.8137664794922,136.3693389892578,123.80337524414062,98.97443389892578,124.36000061035156,50.767494201660156,36.53031539916992,58.76355743408203,21.385236740112305,26.75653076171875
2017-08-31,215.10006713867188,137.83058166503906,125.02019500732422,99.26915740966797,125.81999969482422,51.1574821472168,36.58744812011719,59.101104736328125,21.48760223388672,26.91666603088379
2017-09-01,215.4042510986328,137.64205932617188,125.72705841064453,98.50981903076172,126.05999755859375,51.22629928588867,36.856773376464844,59.3050651550293,21.695758819580078,26.89379119873047
2017-09-05,213.85720825195312,136.40701293945312,124.51917266845703,100.07196044921875,127.45999908447266,50.8822021484375,36.375244140625,59.14330291748047,21.81519317626953,26.655868530273438
2017-09-06,214.58726501464844,136.82186889648438,124.77862548828125,99.45802307128906,126.80999755859375,51.195716857910156,36.6119270324707,59.298030853271484,22.170076370239258,26.67875099182129
2017-09-07,214.5612335205078,137.14239501953125,124.46548461914062,100.47613525390625,128.1300048828125,51.616294860839844,36.881256103515625,59.67777633666992,22.211023330688477,26.7702579498291
2017-09-08,214.30914306640625,135.95452880859375,124.56387329101562,100.2585220336914,127.97000122070312,51.623939514160156,36.636417388916016,59.727020263671875,21.975576400756836,26.550636291503906
2017-09-11,216.59494018554688,137.5194854736328,125.87017059326172,99.06163787841797,126.19000244140625,52.02922058105469,37.1260986328125,60.275516510009766,22.183725357055664,26.925813674926758
2017-09-12,217.32508850097656,137.84947204589844,126.63969421386719,98.54092407226562,126.55999755859375,52.18981170654297,37.08528518676758,59.56525421142578,22.320226669311523,26.98987579345703
2017-09-13,217.4293212890625,138.0380401611328,127.01546478271484,98.15230560302734,125.61000061035156,51.906883239746094,36.889408111572266,59.41054916381836,22.600040435791016,26.953266143798828
2017-09-14,217.3598175048828,137.2272186279297,126.89913177490234,98.55640411376953,126.16000366210938,51.99864196777344,36.98735046386719,59.902828216552734,22.70923614501953,26.861766815185547
2017-09-15,217.65245056152344,137.69862365722656,127.41810607910156,98.5953369140625,125.52999877929688,52.044517517089844,37.20771026611328,60.01533126831055,22.762821197509766,26.971511840820312
2017-09-18,218.11532592773438,137.51815795898438,128.28594970703125,98.02794647216797,124.36000061035156,52.11333465576172,37.33829116821289,59.691856384277344,22.859622955322266,26.994464874267578
2017-09-19,218.33372497558594,137.75436401367188,128.28594970703125,97.78702545166016,124.62000274658203,52.3580436706543,37.41990280151367,59.298030853271484,22.952974319458008,27.113849639892578
2017-09-20,218.4122772216797,137.3291473388672,128.69754028320312,97.85698699951172,123.62000274658203,52.24333572387695,37.24851608276367,59.13627243041992,23.108549118041992,27.00364875793457
2017-09-21,217.82711791992188,136.48828125,128.56332397460938,97.8025894165039,122.68000030517578,52.13628005981445,37.24851608276367,59.023746490478516,23.115463256835938,26.85671043395996
2017-09-22,217.8708038330078,136.35606384277344,129.10906982421875,98.0823745727539,123.23999786376953,52.2968635559082,37.03632354736328,58.60741424560547,23.233016967773438,26.870485305786133
2017-09-25,217.42530822753906,134.91993713378906,129.28807067871094,98.69638061523438,124.52999877929688,51.99864196777344,36.40789794921875,58.948448181152344,23.568368911743164,26.553665161132812
2017-09-26,217.55630493164062,135.26947021484375,129.69972229003906,98.51763916015625,123.13999938964844,51.88393020629883,36.309959411621094,59.047916412353516,23.557994842529297,26.650087356567383
2017-09-27,218.40359497070312,136.48828125,132.23793029785156,97.03311920166016,121.9800033569336,51.92217254638672,36.17937469482422,58.51504898071289,23.658248901367188,26.920995712280273
2017-09-28,218.66563415527344,136.44105529785156,132.58775329589844,96.74559783935547,122.20999908447266,52.05982208251953,36.15488815307617,58.91291046142578,23.679000854492188,26.953140258789062
2017-09-29,219.43421936035156,137.4236297607422,132.90164184570312,96.96321868896484,121.58000183105469,52.36568832397461,36.57112121582031,59.033687591552734,23.675546646118164,27.136798858642578
2017-10-02,220.38626098632812,137.54652404785156,134.5339813232422,96.78560638427734,120.7699966430664,52.319801330566406,36.579280853271484,58.948448181152344,23.668628692626953,27.178131103515625
2017-10-03,220.85792541503906,137.83935546875,134.8300018310547,96.87910461425781,120.83000183105469,52.495689392089844,37.15874099731445,58.86318588256836,23.644426345825195,27.242406845092773
2017-10-04,221.11993408203125,137.97166442871094,134.39947509765625,96.88687896728516,121.16999816894531,52.39627456665039,37.15057373046875,59.161582946777344,23.62714195251465,27.224050521850586
2017-10-05,222.43016052246094,139.32276916503906,134.76712036132812,96.52086639404297,120.5199966430664,52.36568832397461,37.428070068359375,59.37472915649414,23.73431968688965,27.48577308654785
2017-10-06,222.17681884765625,139.51173400878906,134.578857421875,96.24828338623047,121.08999633789062,52.32745361328125,37.2403564453125,59.182891845703125,23.53379249572754,27.527099609375
2017-10-09,221.80999755859375,139.35108947753906,134.02273559570312,96.55197143554688,122.08000183105469,52.34275436401367,37.21586608886719,59.325016021728516,23.582197189331055,27.595970153808594
2017-10-10,222.39517211914062,139.4550018310547,134.408447265625,96.707763671875,122.4000015258789,52.83979034423828,37.5831298828125,59.50260543823242,23.602937698364258,27.62352180480957
2017-10-11,222.74453735351562,139.87074279785156,134.30975341796875,96.8946533203125,122.79000091552734,52.96978759765625,37.754520416259766,59.70155715942383,23.658248901367188,27.71535301208496
2017-10-12,222.4126739501953,139.6156768798828,134.21112060546875,97.30738067626953,122.88999938964844,52.92390441894531,37.73820877075195,60.085208892822266,23.571823120117188,27.6464786529541
2017-10-13,222.68338012695312,140.15414428710938,133.96896362304688,98.00828552246094,123.81999969482422,53.19919204711914,38.080970764160156,60.241493225097656,23.557994842529297,27.77963638305664
2017-10-16,222.98037719726562,140.63604736328125,133.85232543945312,97.93824768066406,122.97000122070312,53.16096115112305,38.056495666503906,59.94309616088867,23.609853744506836,27.88065528869629
2017-10-17,223.13758850097656,140.8155517578125,133.46670532226562,98.06282043457031,122.12999725341797,53.02330780029297,37.86062240600586,60.0141487121582,23.623685836791992,27.88065528869629
2017-10-18,223.35594177246094,140.64549255371094,134.10348510742188,97.41641998291016,121.66999816894531,53.1762580871582,37.95040512084961,59.950225830078125,23.457735061645508,27.949527740478516
2017-10-19,223.4171142578125,140.12582397460938,133.8971710205078,97.58781433105469,122.38999938964844,53.092132568359375,37.61577224731445,59.77259826660156,23.385128021240234,27.866878509521484
2017-10-20,224.57005310058594,140.5037841796875,134.51605224609375,96.55197143554688,121.61000061035156,53.02330780029297,37.754520416259766,59.43158721923828,23.430068969726562,28.05514144897461
2017-10-23,223.69659423828125,139.58724975585938,133.51153564453125,96.72332000732422,121.80000305175781,52.90862274169922,37.452552795410156,59.20424270629883,23.309072494506836,27.921979904174805
2017-10-24,224.0896453857422,139.823486328125,133.78958129882812,96.12369537353516,121.33000183105469,52.992733001708984,37.452552795410156,58.8489875793457,23.354015350341797,28.00004005432129
2017-10-25,222.98037719726562,139.2943878173828,133.143798828125,95.66417694091797,121.3499984741211,52.78627014160156,37.37094497680664,58.678443908691406,23.191518783569336,27.848514556884766
2017-10-26,223.2686004638672,138.85037231445312,133.42185974121094,95.34492492675781,120.33000183105469,52.77861785888672,37.11793899536133,58.19532775878906,23.239927291870117,27.963308334350586
2017-10-27,225.09413146972656,142.8941650390625,134.3456268310547,95.97576141357422,120.9000015258789,52.900978088378906,37.65658950805664,58.45821762084961,23.28141212463379,28.716344833374023
2017-10-30,224.25559997558594,143.2154083251953,132.9285888671875,96.8946533203125,121.12999725341797,53.02330780029297,37.41990280151367,58.40847396850586,23.402421951293945,28.78062629699707
2017-10-31,224.60494995117188,143.75396728515625,133.87026977539062,96.92581939697266,120.66999816894531,53.24507141113281,37.77084732055664,58.4013671875,23.478471755981445,28.904598236083984
2017-11-01,224.9019317626953,143.70668029785156,132.98239135742188,97.35739135742188,121.11000061035156,53.29860305786133,37.96672058105469,58.68556213378906,23.74469757080078,28.909194946289062
2017-11-02,224.98928833007812,143.43272399902344,133.37701416015625,97.78663635253906,121.19000244140625,53.45919418334961,38.01568603515625,59.182891845703125,23.675546646118164,28.9229679107666
2017-11-03,225.74044799804688,144.81214904785156,133.28729248046875,98.05194854736328,120.62000274658203,53.375083923339844,37.81981658935547,59.033687591552734,23.74469757080078,29.152551651000977
2017-11-06,226.08982849121094,145.303466796875,133.43975830078125,98.41875457763672,121.6500015258789,53.4515380859375,38.24420166015625,59.43158721923828,24.28748321533203,29.216833114624023
2017-11-07,225.93264770507812,145.38851928710938,131.84327697753906,98.8323745727539,121.20999908447266,53.252723693847656,37.99936294555664,59.91469192504883,24.256370544433594,29.230607986450195
2017-11-08,226.3169403076172,145.97427368164062,132.022705078125,98.6138687133789,121.62999725341797,53.42860794067383,38.17891311645508,60.21309280395508,24.13882064819336,29.39132308959961
2017-11-09,225.4959259033203,145.208984375,131.55628967285156,98.33291625976562,122.12999725341797,53.122737884521484,37.94223403930664,60.27703857421875,24.211423873901367,29.157148361206055
2017-11-10,225.426025390625,145.1995086669922,131.4576416015625,96.8501205444336,121.12999725341797,52.977420806884766,37.77900314331055,60.34099197387695,24.083505630493164,29.157148361206055
2017-11-13,225.63563537597656,145.3790283203125,131.49351501464844,97.05303192138672,121.30999755859375,52.75567626953125,37.697391510009766,60.64649200439453,23.94521713256836,29.14796257019043
2017-11-14,225.1116180419922,144.84988403320312,131.134765625,97.70858001708984,121.55999755859375,52.71744155883789,37.444393157958984,60.51859664916992,23.557994842529297,29.088266372680664
2017-11-15,223.98487854003906,144.1696319580078,130.6145477294922,98.76995849609375,121.41000366210938,52.46508026123047,37.24851608276367,59.9075927734375,23.291793823242188,28.872461318969727
2017-11-16,225.8889617919922,146.0120391845703,132.5338897705078,97.91146850585938,121.4000015258789,52.88568115234375,38.02384567260742,60.40492248535156,23.19843292236328,29.276521682739258
2017-11-17,225.22512817382812,145.45460510253906,133.143798828125,98.63726043701172,122.86000061035156,52.69449996948242,38.21155548095703,60.14203643798828,23.312524795532227,29.088266372680664
2017-11-20,225.60946655273438,145.34120178222656,134.1124267578125,98.59828186035156,121.30999755859375,52.8092041015625,38.40742874145508,59.96444320678711,23.2572078704834,29.198471069335938
2017-11-21,227.0856170654297,146.91909790039062,135.5116424560547,98.91040802001953,121.51000213623047,53.20684814453125,38.92159652709961,60.41203308105469,23.309072494506836,29.5061092376709
2017-11-22,226.88462829589844,147.0985870361328,135.33218383789062,99.23041534423828,122.62999725341797,53.35212326049805,39.019535064697266,60.27703857421875,23.402421951293945,29.451005935668945
2017-11-24,227.40866088867188,147.63717651367188,135.38600158691406,98.9572525024414,122.31999969482422,53.78800582885742,38.93792724609375,60.355186462402344,23.468103408813477,29.616313934326172
2017-11-27,227.29518127441406,147.57101440429688,134.97348022460938,98.81678771972656,122.83000183105469,53.46683883666992,38.36662673950195,60.071014404296875,23.229555130004883,29.616313934326172
2017-11-28,229.60105895996094,147.9489288330078,137.0990753173828,98.9494400024414,122.80999755859375,53.77271270751953,38.65227127075195,59.84366226196289,23.409330368041992,29.712732315063477
2017-11-29,229.46131896972656,145.36961364746094,137.5564727783203,97.97393035888672,122.04000091552734,53.55860137939453,38.040164947509766,59.864967346191406,23.53725242614746,29.056121826171875
2017-11-30,231.47024536132812,146.58837890625,137.8076629638672,97.6461410522461,121.0999984741211,53.612125396728516,37.62394332885742,59.957313537597656,23.889892578125,29.31325912475586
2017-12-01,230.98977661132812,145.9648895263672,137.24266052246094,98.96383666992188,121.58999633789062,53.398014068603516,37.41173553466797,60.099422454833984,24.09041976928711,29.16172981262207
2017-12-04,230.71035766601562,144.28302001953125,136.7313995361328,99.01075744628906,121.18000030517578,53.20684814453125,37.485191345214844,59.801021575927734,24.080045700073242,28.69338607788086
2017-12-05,229.88055419921875,144.3775177001953,135.36810302734375,99.50343322753906,120.31999969482422,53.092132568359375,37.46071243286133,59.303680419921875,23.976329803466797,28.702566146850586
2017-12-06,229.9242401123047,145.02947998046875,134.7312774658203,99.84748840332031,120.06999969482422,52.98508834838867,36.95470428466797,59.246864318847656,23.6651668548584,28.88623046875
2017-12-07,230.64918518066406,145.520751953125,135.6730194091797,99.06548309326172,118.48999786376953,53.122737884521484,37.06081008911133,59.39604187011719,23.73431968688965,29.0653133392334
2017-12-08,231.90699768066406,146.1632080078125,135.798583984375,99.0733413696289,118.4800033569336,53.405662536621094,37.493350982666016,59.70155715942383,23.952123641967773,29.20305824279785
2017-12-11,232.6056365966797,147.2969970703125,135.7447967529297,98.86998748779297,118.01000213623047,53.54330062866211,37.681068420410156,59.69443893432617,24.124998092651367,29.455604553222656
2017-12-12,233.01620483398438,147.0985870361328,135.32325744628906,98.83088684082031,118.1500015258789,53.612125396728516,37.428070068359375,59.98575210571289,24.059295654296875,29.44641876220703
2017-12-13,232.9899444580078,147.38201904296875,136.13046264648438,99.57381439208984,119.16999816894531,53.81858444213867,37.87693786621094,60.085208892822266,24.02473258972168,29.455604553222656
2017-12-14,232.03797912597656,147.27816772460938,134.6236572265625,99.99610137939453,118.93000030517578,53.520355224609375,37.599449157714844,60.071014404296875,23.938297271728516,29.41887092590332
2017-12-15,233.97021484375,148.95042419433594,136.5430145263672,100.3714828491211,119.18000030517578,53.50507736206055,37.681068420410156,60.44756317138672,23.916725158691406,29.7543888092041
2017-12-18,235.45391845703125,150.19921875,138.39064025878906,99.45654296875,119.7300033569336,54.13975524902344,38.10545349121094,60.845420837402344,24.10117530822754,30.017086029052734
2017-12-19,234.54962158203125,149.3092498779297,137.29644775390625,98.16617584228516,119.81999969482422,53.941158294677734,37.90413284301758,59.55235290527344,24.135982513427734,29.832738876342773
2017-12-20,234.42677307128906,149.1483154296875,137.56546020507812,97.07918548583984,120.13999938964844,53.84841537475586,37.9538459777832,58.86318588256836,24.477052688598633,29.823518753051758
2017-12-21,234.90960693359375,149.16726684570312,138.16778564453125,97.64501190185547,120.30999755859375,54.041622161865234,38.202392578125,58.63518142700195,24.99561309814453,29.76360511779785
2017-12-22,234.84811401367188,148.99685668945312,137.91574096679688,97.77821350097656,120.94000244140625,54.18071746826172,38.525516510009766,59.03921890258789,25.047822952270508,29.745174407958984
2017-12-26,234.5672607421875,148.1920623779297,137.99671936035156,98.06816101074219,121.7699966430664,54.165260314941406,38.49237060546875,59.33503723144531,25.26708221435547,29.546987533569336
2017-12-27,234.68138122558594,148.21096801757812,137.86166381835938,99.34552764892578,122.2300033569336,54.26573181152344,38.591800689697266,59.529842376708984,25.18355369567871,29.57925033569336
2017-12-28,235.16407775878906,148.39089965820312,138.40184020996094,99.25932312011719,122.8499984741211,54.29663848876953,38.8569221496582,59.847293853759766,25.22183609008789,29.629953384399414
2017-12-29,234.27752685546875,147.47247314453125,137.25848388671875,99.41608428955078,123.6500015258789,54.33528137207031,39.039188385009766,59.86895751953125,25.14874839782715,29.473251342773438
2018-01-02,235.9542694091797,150.05722045898438,138.5549774169922,98.34242248535156,125.1500015258789,54.73713684082031,39.77656555175781,59.645294189453125,25.56290626525879,29.83734893798828
2018-01-03,237.44677734375,151.51528930664062,138.69894409179688,98.81266784667969,124.81999969482422,54.99988555908203,40.15766525268555,59.47211837768555,25.945743560791016,30.086217880249023
2018-01-04,238.44752502441406,151.7804412841797,139.0680389404297,98.79698944091797,125.45999908447266,55.6026611328125,40.356502532958984,58.44761657714844,26.10235595703125,30.23830795288086
2018-01-05,240.0365447998047,153.3047637939453,139.3561553955078,98.51483154296875,125.33000183105469,55.91178894042969,40.7044792175293,58.47647476196289,26.091917037963867,30.55631446838379
2018-01-08,240.4755096435547,153.9011993408203,139.57220458984375,98.45217895507812,125.30999755859375,55.89632034301758,40.7044792175293,58.779502868652344,26.2485294342041,30.67153549194336
2018-01-09,241.01979064941406,153.9107208251953,139.38316345214844,97.1355972290039,124.7300033569336,55.95814895629883,40.63819885253906,58.02191925048828,26.18240737915039,30.59318733215332
2018-01-10,240.6510467529297,153.5509033203125,139.4011993408203,97.01805877685547,125.02999877929688,55.849952697753906,40.381370544433594,57.372581481933594,26.151084899902344,30.48719024658203
2018-01-11,242.4069061279297,154.60183715820312,141.79591369628906,97.41770935058594,125.44000244140625,56.23635482788086,40.62991714477539,57.17780303955078,26.68704605102539,30.611631393432617
2018-01-12,243.98709106445312,155.73797607421875,142.39015197753906,97.58230590820312,126.95999908447266,56.800498962402344,41.019317626953125,56.71604919433594,26.94458770751953,30.7913761138916
2018-01-16,243.15309143066406,155.2930450439453,140.5715789794922,97.98979949951172,127.16999816894531,56.74640655517578,40.86188888549805,56.82426834106445,26.603525161743164,30.67153549194336
2018-01-17,245.470703125,156.9688262939453,141.90399169921875,97.85660552978516,126.13999938964844,57.04005813598633,41.40043258666992,57.2210807800293,26.836706161499023,31.13241958618164
2018-01-18,245.05809020996094,156.9972381591797,140.93165588378906,96.94758605957031,125.86000061035156,56.970516204833984,41.450138092041016,56.48515701293945,26.61744499206543,31.187719345092773
2018-01-19,246.173095703125,157.4895782470703,142.7862548828125,96.43815612792969,126.41999816894531,57.287353515625,41.78982925415039,56.78818893432617,26.5826358795166,31.247636795043945
2018-01-22,248.17471313476562,159.17481994628906,143.551513671875,96.53218078613281,126.6500015258789,57.58102035522461,42.03009033203125,57.30766296386719,27.15688705444336,31.551820755004883
2018-01-23,248.70144653320312,160.4909210205078,144.0106964111328,96.94758605957031,127.27999877929688,57.76648712158203,42.228939056396484,58.10129165649414,27.115135192871094,31.690080642700195
2018-01-24,248.60488891601562,159.4493865966797,143.119384765625,96.42252349853516,128.8300018310547,57.866943359375,42.58519744873047,57.79827117919922,27.042043685913086,31.445816040039062
2018-01-25,248.71026611328125,159.3926544189453,143.1734161376953,97.2139892578125,127.97000122070312,57.642826080322266,42.56033706665039,57.697265625,26.829742431640625,31.3905086517334
2018-01-26,251.5897216796875,161.8353271484375,143.6865692138672,96.85346221923828,128.07000732421875,58.15288162231445,43.14857482910156,57.495243072509766,26.975919723510742,31.888282775878906
2018-01-29,249.9217529296875,161.0495147705078,142.87631225585938,96.17957305908203,127.3499984741211,57.61966323852539,42.49406051635742,56.72325134277344,26.5687198638916,31.597900390625
2018-01-30,247.3583221435547,159.72406005859375,141.50784301757812,95.61532592773438,126.80000305175781,57.140541076660156,41.91410446166992,56.31199264526367,26.032751083374023,31.312166213989258
2018-01-31,247.4811248779297,160.38677978515625,140.76962280273438,96.17957305908203,127.6500015258789,57.063236236572266,42.27864074707031,57.322086334228516,26.05015754699707,31.547204971313477
2018-02-01,247.2002716064453,159.02333068847656,141.21072387695312,94.78565979003906,128.07000732421875,57.22553253173828,41.70697784423828,56.08834457397461,26.318140029907227,31.574848175048828
2018-02-02,241.81874084472656,155.8516387939453,138.4918975830078,93.90608978271484,126.38999938964844,56.06633377075195,40.63819885253906,55.6121826171875,25.21834945678711,30.6392822265625
2018-02-05,231.7052459716797,149.70693969726562,133.17115783691406,94.79349517822266,126.70999908447266,53.7170295715332,39.21318817138672,53.95996856689453,24.160341262817383,29.358034133911133
2018-02-06,236.27037048339844,153.67401123046875,134.7646942138672,94.2044677734375,125.37999725341797,54.77576446533203,40.489070892333984,53.96717834472656,24.351762771606445,30.201435089111328
2018-02-07,234.98861694335938,151.68577575683594,134.8997344970703,93.30928039550781,124.79000091552734,54.1961669921875,39.21318817138672,53.736289978027344,23.944562911987305,29.81430435180664
2018-02-08,226.1744384765625,145.28538513183594,130.93844604492188,93.20721435546875,124.9800033569336,52.781959533691406,37.85442352294922,52.19231414794922,23.220657348632812,28.579137802124023
2018-02-09,229.57192993164062,147.79444885253906,132.1358184814453,92.61820983886719,124.7699966430664,53.006065368652344,38.45922088623047,53.49821090698242,23.203258514404297,29.279680252075195
2018-02-12,232.94308471679688,150.41700744628906,133.38726806640625,93.02653503417969,125.37000274658203,53.8175048828125,39.064048767089844,53.519866943359375,23.58260726928711,29.80508804321289
2018-02-13,233.52252197265625,151.19342041015625,133.67530822753906,93.44281768798828,126.08000183105469,53.655216217041016,39.362300872802734,53.89502716064453,23.48516273498535,29.878828048706055
2018-02-14,236.67416381835938,154.0242919921875,136.0791015625,92.40620422363281,128.22999572753906,54.60575485229492,40.34822463989258,53.50543212890625,23.826229095458984,30.427274703979492
2018-02-15,239.6941375732422,156.88365173339844,137.56459045410156,92.72030639648438,128.3800048828125,54.9457893371582,41.17673110961914,54.02490234375,23.76706886291504,31.00798797607422
2018-02-16,239.76443481445312,156.1830291748047,138.05075073242188,93.22293853759766,127.95999908447266,55.193077087402344,41.04417037963867,54.320709228515625,23.707904815673828,30.961898803710938
2018-02-20,238.26318359375,156.49542236328125,136.9164276123047,92.8145523071289,126.23999786376953,54.67531204223633,40.48078536987305,53.67857360839844,23.57912826538086,30.989551544189453
2018-02-21,237.07798767089844,156.0504608154297,137.06044006347656,91.67584991455078,125.66000366210938,54.41254806518555,40.44763946533203,52.61800003051758,23.182369232177734,30.7913761138916
2018-02-22,237.3852996826172,156.03152465820312,136.8444061279297,91.95072937011719,126.30000305175781,54.69850158691406,40.47249984741211,53.21684265136719,23.436431884765625,30.82823371887207
2018-02-23,241.1691131591797,159.22215270996094,138.62693786621094,92.76739501953125,126.13999938964844,55.131248474121094,41.19330596923828,54.06818771362305,23.944562911987305,31.47347068786621
2018-02-26,243.96957397460938,161.33358764648438,139.53628540039062,92.79882049560547,126.44999694824219,55.64902877807617,41.57440948486328,54.21970748901367,24.08725357055664,31.966615676879883
2018-02-27,240.9231414794922,159.33578491210938,137.52859497070312,92.66535186767578,125.12999725341797,54.8221435546875,40.36479949951172,52.95709228515625,23.774032592773438,31.644010543823242
2018-02-28,238.48269653320312,158.31324768066406,135.35888671875,93.25430297851562,125.0,54.30436325073242,39.78483963012695,52.92101287841797,23.227619171142578,31.418163299560547
2018-03-01,235.0149383544922,155.72848510742188,134.99880981445312,93.89083862304688,124.72000122070312,53.392459869384766,39.71028137207031,52.971527099609375,23.19281578063965,30.89737319946289
2018-03-02,236.22640991210938,157.15818786621094,137.15940856933594,93.12762451171875,125.38999938964844,53.647491455078125,39.875972747802734,52.94986343383789,23.300704956054688,31.19232940673828
2018-03-05,238.9567108154297,158.9002685546875,138.38385009765625,92.87582397460938,125.18000030517578,53.93341827392578,39.9339714050293,53.54872512817383,23.54780387878418,31.510337829589844
2018-03-06,239.56243896484375,159.57252502441406,139.87831115722656,92.96236419677734,126.52999877929688,54.250267028808594,40.30680465698242,53.80124282836914,23.56172752380371,31.579463958740234
2018-03-07,239.47467041015625,159.94175720214844,141.11170959472656,92.86006164550781,125.72000122070312,54.23481369018555,40.34822463989258,54.133113861083984,23.384235382080078,31.75461196899414
2018-03-08,240.63357543945312,160.8223114013672,140.82362365722656,93.3951644897461,125.41999816894531,54.35073471069336,40.356502532958984,54.2341194152832,23.377273559570312,31.892854690551758
2018-03-09,244.82113647460938,163.94667053222656,143.07437133789062,92.78137969970703,125.54000091552734,54.69850158691406,41.21815872192383,54.529930114746094,23.8227481842041,32.49662780761719
2018-03-12,244.513916015625,164.81776428222656,143.32644653320312,93.31644439697266,125.54000091552734,54.760318756103516,41.31757736206055,54.76803207397461,23.815784454345703,32.5980110168457
2018-03-13,242.93370056152344,162.5738525390625,142.66026306152344,93.78855895996094,125.77999877929688,54.39710235595703,40.94475173950195,54.81852722167969,23.645254135131836,32.22468948364258
2018-03-14,241.68698120117188,162.5454559326172,141.9850616455078,94.61483001708984,125.69999694824219,54.528472900390625,41.01102828979492,54.869041442871094,23.506044387817383,32.19705581665039
2018-03-15,241.4236602783203,162.40342712402344,141.27374267578125,94.61483001708984,124.9000015258789,54.497562408447266,40.86188888549805,54.8546142578125,23.384235382080078,32.21548080444336
2018-03-16,241.68539428710938,161.9205780029297,142.06605529785156,94.27645111083984,124.5999984741211,54.45891571044922,40.77075958251953,55.23697280883789,23.592790603637695,32.18220520019531
2018-03-19,238.4153594970703,158.46575927734375,140.69761657714844,93.97745513916016,124.87000274658203,54.018428802490234,40.33165740966797,54.76081848144531,23.228248596191406,31.544189453125
2018-03-20,238.82081604003906,158.98739624023438,140.66160583496094,93.5997314453125,124.30999755859375,54.010704040527344,40.779048919677734,54.573219299316406,23.424543380737305,31.53032684326172
2018-03-21,238.362548828125,158.29513549804688,141.48080444335938,93.70205688476562,126.4800033569336,54.09571075439453,41.019317626953125,54.16919708251953,24.037931442260742,31.340776443481445
2018-03-22,232.4040985107422,154.38803100585938,138.37850952148438,94.63053131103516,125.9800033569336,53.091068267822266,39.65228271484375,53.85173034667969,23.547224044799805,30.531719207763672
2018-03-23,227.45046997070312,150.31964111328125,135.40069580078125,94.55973815917969,127.61000061035156,52.503753662109375,38.84862518310547,52.89216995239258,23.40350914001465,29.718027114868164
2018-03-26,233.67333984375,155.9053192138672,138.36050415039062,94.19774627685547,128.27999877929688,53.44656753540039,40.10795211791992,53.493900299072266,23.824125289916992,30.846092224121094
2018-03-27,229.6981201171875,150.8601837158203,135.68045043945312,95.20501708984375,127.48999786376953,53.05243682861328,39.37887191772461,53.697872161865234,23.599802017211914,29.856721878051758
2018-03-28,229.0193634033203,149.12477111816406,135.63531494140625,95.45677947998047,125.7300033569336,53.36155319213867,39.180023193359375,55.04561996459961,23.140626907348633,29.657926559448242
2018-03-29,231.94570922851562,151.85592651367188,137.00692749023438,95.9210433959961,125.79000091552734,53.84841537475586,40.0002555847168,54.98004150390625,23.627840042114258,30.24506950378418
2018-04-02,226.93930053710938,147.4746551513672,133.66818237304688,96.11026000976562,127.26000213623047,53.10652542114258,39.27944564819336,54.23697280883789,23.154644012451172,29.523847579956055
2018-04-03,229.84793090820312,149.13421630859375,135.5811309814453,95.36902618408203,126.30000305175781,53.44656753540039,39.66884994506836,54.69593811035156,23.648868560791016,29.815113067626953
2018-04-04,232.30709838867188,151.4861297607422,137.30470275878906,95.17192077636719,126.44999694824219,53.63202667236328,39.68541717529297,55.271446228027344,23.617311477661133,30.231199264526367
2018-04-05,234.14051818847656,152.34906005859375,138.4416961669922,94.46220397949219,125.80000305175781,53.987525939941406,39.78483963012695,55.24958801269531,24.041439056396484,30.356033325195312
2018-04-06,228.9224395751953,148.53675842285156,135.68045043945312,95.49520111083984,126.38999938964844,53.63202667236328,39.00605010986328,54.83435821533203,23.60680389404297,29.611690521240234
2018-04-09,230.05068969726562,149.57997131347656,135.8428497314453,95.6529541015625,126.81999969482422,54.07252502441406,39.0474739074707,54.65949630737305,23.71897315979004,29.842851638793945
2018-04-10,233.70860290527344,152.88015747070312,138.40553283691406,95.47943878173828,127.12000274658203,54.652122497558594,39.80970001220703,54.601226806640625,24.504106521606445,30.57794952392578
2018-04-11,232.4834442138672,151.99818420410156,138.70335388183594,95.81852722167969,128.11000061035156,54.44346618652344,39.826271057128906,54.71778106689453,24.759979248046875,30.39763641357422
2018-04-12,234.39601135253906,153.82847595214844,139.65087890625,95.11670684814453,126.62000274658203,54.652122497558594,39.80970001220703,54.1058464050293,24.756471633911133,30.762874603271484
2018-04-13,233.70860290527344,153.0318603515625,138.91995239257812,95.33750915527344,127.44999694824219,54.70621871948242,39.41201400756836,54.38996505737305,25.029876708984375,30.661157608032227
2018-04-16,235.63006591796875,154.1983184814453,140.20127868652344,95.36902618408203,127.62999725341797,54.791229248046875,39.46173095703125,54.72507858276367,25.285749435424805,30.896947860717773
2018-04-17,238.15093994140625,157.5174560546875,141.726318359375,95.6292724609375,127.75,55.03852462768555,39.544578552246094,55.366146087646484,25.383892059326172,31.4702205657959
2018-04-18,238.32723999023438,157.83990478515625,142.1052703857422,94.86441040039062,127.8499984741211,55.324462890625,39.88426208496094,55.24958801269531,25.783477783203125,31.386999130249023
2018-04-19,237.0050811767578,156.38897705078125,141.1217498779297,94.09151458740234,127.5999984741211,55.115814208984375,39.65228271484375,54.448238372802734,25.815017700195312,31.04026222229004
2018-04-20,234.9954071044922,153.91383361816406,140.3636932373047,93.41339111328125,126.62999725341797,54.90714645385742,39.15517807006836,53.94557571411133,25.692340850830078,30.610307693481445
2018-04-23,234.96022033691406,153.5250244140625,140.15623474121094,93.43704986572266,125.62000274658203,54.83758544921875,38.84035110473633,53.90187072753906,25.850061416625977,30.49934959411621
2018-04-24,231.79586791992188,150.2722625732422,139.3530731201172,93.01123046875,126.2300033569336,54.61347579956055,38.65807342529297,54.1058464050293,25.573158264160156,29.967676162719727
2018-04-25,232.36883544921875,150.452392578125,139.1455078125,92.38826751708984,125.41000366210938,54.520751953125,38.359806060791016,54.00384521484375,25.776453018188477,29.97230339050293
2018-04-26,234.73097229003906,153.61981201171875,139.78619384765625,93.034912109375,124.97000122070312,54.791229248046875,38.914913177490234,54.710479736328125,26.151508331298828,30.517841339111328
2018-04-27,234.95135498046875,153.7146453857422,139.58767700195312,93.75248718261719,125.5,54.84531784057617,39.15517807006836,55.6502685546875,25.87459945678711,30.462364196777344
2018-04-30,233.14447021484375,152.6240997314453,138.35147094726562,93.91809844970703,124.58999633789062,54.667579650878906,38.87348556518555,55.431724548339844,25.87110137939453,30.26356315612793
2018-05-01,233.55874633789062,154.3690185546875,139.02821350097656,93.5798110961914,123.70999908447266,54.47438430786133,38.682926177978516,55.934391021728516,25.71337127685547,30.642671585083008
2018-05-02,231.98980712890625,153.45858764648438,139.5515899658203,93.47708892822266,123.6500015258789,54.45119094848633,38.376380920410156,55.73040008544922,25.818519592285156,30.610307693481445
2018-05-03,231.4785919189453,153.4396514892578,138.79360961914062,93.89595794677734,124.27999877929688,54.6212158203125,38.29352569580078,55.6939697265625,25.758930206298828,30.679651260375977
2018-05-04,234.47535705566406,156.35104370117188,140.52610778808594,94.03822326660156,124.54000091552734,54.81441879272461,38.46752166748047,56.305931091308594,25.885116577148438,31.26218605041504
2018-05-07,235.26866149902344,157.6502227783203,141.71726989746094,93.88801574707031,124.56999969482422,54.8221435546875,38.24382019042969,56.68473434448242,25.920166015625,31.479469299316406
2018-05-08,235.26866149902344,157.48907470703125,142.42115783691406,93.8011474609375,124.58999633789062,54.829872131347656,38.45922088623047,56.400611877441406,26.123464584350586,31.548812866210938
2018-05-09,237.5427703857422,159.20545959472656,143.18814086914062,93.24002838134766,124.33000183105469,54.96125030517578,38.533790588378906,56.77945327758789,26.656240463256836,31.937166213989258
2018-05-10,239.7638702392578,160.8555450439453,143.95516967773438,93.99077606201172,125.18000030517578,55.31672286987305,39.33744812011719,57.22381591796875,26.856027603149414,32.35325241088867
2018-05-11,240.4954833984375,160.703857421875,144.23484802246094,94.22792053222656,125.0,55.46355056762695,39.27117156982422,57.02713394165039,26.89458656311035,32.307010650634766
2018-05-14,240.610107421875,160.97886657714844,143.68441772460938,93.72998809814453,124.48999786376953,55.564029693603516,39.32087326049805,56.53902816772461,27.08036231994629,32.30240249633789
2018-05-15,238.95303344726562,159.19601440429688,143.71151733398438,92.66307067871094,122.4800033569336,55.162166595458984,38.508941650390625,55.62112045288086,27.087366104125977,31.997264862060547
2018-05-16,239.95779418945312,160.24862670898438,145.20941162109375,92.30747985839844,122.29000091552734,55.239444732666016,39.088897705078125,55.453582763671875,27.1820011138916,32.14059829711914
2018-05-17,239.75511169433594,159.63226318359375,145.87716674804688,91.84117126464844,122.36000061035156,55.324462890625,38.49237060546875,55.1767463684082,27.59209632873535,31.974159240722656
2018-05-18,239.15576171875,158.8072509765625,146.0667266845703,92.63146209716797,122.41000366210938,55.123531341552734,38.169246673583984,55.24958801269531,27.378292083740234,31.840076446533203
2018-05-21,240.95382690429688,159.69863891601562,147.03221130371094,92.67886352539062,122.4800033569336,55.471282958984375,38.40123748779297,55.90523910522461,27.658689498901367,32.11747360229492
2018-05-22,240.28387451171875,159.4899444580078,145.96746826171875,92.53665161132812,122.41000366210938,55.40172576904297,38.533790588378906,55.98539352416992,27.290660858154297,32.071250915527344
2018-05-23,240.94500732421875,160.83668518066406,146.1569366455078,93.2083969116211,122.54000091552734,54.791229248046875,38.517234802246094,56.546329498291016,27.287155151367188,32.307010650634766
2018-05-24,240.45135498046875,160.7891845703125,146.21104431152344,93.95127868652344,123.58999633789062,54.6212158203125,38.31010818481445,56.42976379394531,26.838504791259766,32.27004623413086
2018-05-25,239.87852478027344,160.95040893554688,145.94937133789062,94.5361099243164,123.20999908447266,54.26573181152344,38.46752166748047,56.6264762878418,26.1409912109375,32.24692916870117
2018-05-29,237.11968994140625,160.2391815185547,145.75088500976562,96.606689453125,123.19000244140625,53.16062545776367,37.57272720336914,56.89599609375,26.06037139892578,32.071250915527344
2018-05-30,240.28387451171875,161.3866424560547,148.0609588623047,95.9586410522461,123.37000274658203,53.97207260131836,37.87098693847656,57.66819381713867,26.849018096923828,32.307010650634766
2018-05-31,238.81202697753906,161.28233337402344,146.8788299560547,95.80059814453125,123.0999984741211,53.63202667236328,37.85442352294922,57.4715461730957,26.645721435546875,32.31626892089844
2018-06-01,241.15660095214844,163.8144073486328,147.84437561035156,95.29438781738281,122.48999786376953,54.09571075439453,38.38466262817383,57.72651672363281,26.771902084350586,32.86643600463867
2018-06-04,242.3023681640625,165.29379272460938,148.62942504882812,94.60527038574219,122.37000274658203,54.25798797607422,38.77406692504883,58.22916030883789,26.540573120117188,33.12995910644531
2018-06-05,242.478759765625,165.80589294433594,149.54986572265625,94.82704162597656,122.8499984741211,54.17299270629883,38.47580337524414,58.07617950439453,26.477476119995117,33.24552917480469
2018-06-06,244.5059814453125,166.773193359375,150.63265991210938,94.0586929321289,122.91999816894531,54.659854888916016,39.055755615234375,58.21461868286133,26.603662490844727,33.462833404541016
2018-06-07,244.4795379638672,165.41709899902344,149.81155395507812,94.9696273803711,122.86000061035156,54.35073471069336,38.45922088623047,58.21461868286133,27.006750106811523,33.19468307495117
2018-06-08,245.20236206054688,165.4265594482422,150.2627716064453,94.68444061279297,123.01000213623047,54.41254806518555,38.38466262817383,58.425865173339844,26.954166412353516,33.13920974731445
2018-06-11,245.5283966064453,165.8722381591797,150.48831176757812,94.51019287109375,123.2300033569336,54.760318756103516,38.38466262817383,58.338436126708984,27.094375610351562,33.17618179321289
2018-06-12,245.8457794189453,166.74472045898438,151.17413330078125,94.53396606445312,122.81999969482422,54.41254806518555,38.28524398803711,58.6881103515625,26.887575149536133,33.338008880615234
2018-06-13,245.0612030029297,166.7351837158203,150.57858276367188,94.48640441894531,123.19000244140625,54.48984146118164,38.02841567993164,57.54436492919922,26.78593635559082,33.16694641113281
2018-06-14,245.67825317382812,168.42327880859375,151.38172912597656,95.27066040039062,123.37999725341797,54.37391662597656,37.77157974243164,58.09075164794922,26.747365951538086,33.402732849121094
2018-06-15,245.36480712890625,167.8352813720703,151.42681884765625,95.35781860351562,121.33999633789062,54.09571075439453,37.47330856323242,58.054325103759766,26.17288589477539,33.27513885498047
2018-06-18,244.86012268066406,167.73831176757812,152.1396942138672,95.27066040039062,121.11000061035156,53.709312438964844,37.01763153076172,58.07051467895508,26.43401527404785,33.312255859375
2018-06-19,243.9217071533203,167.26316833496094,152.14866638183594,95.82515716552734,120.80000305175781,53.215919494628906,36.609012603759766,58.011688232421875,26.37401580810547,33.14058303833008
2018-06-20,244.33775329589844,168.45114135742188,153.37591552734375,94.98550415039062,120.26000213623047,53.255332946777344,36.767452239990234,58.6587028503418,26.490476608276367,33.21018600463867
2018-06-21,242.80606079101562,166.98757934570312,151.94117736816406,95.48455047607422,120.05000305175781,52.87702560424805,36.250423431396484,58.938106536865234,25.999975204467773,32.955013275146484
2018-06-22,243.24874877929688,166.61695861816406,151.43588256835938,95.47659301757812,120.33999633789062,53.436607360839844,36.62568283081055,59.40132141113281,26.518695831298828,32.84831237792969
2018-06-25,239.93746948242188,162.8629913330078,148.9633331298828,95.69048309326172,119.88999938964844,52.695743560791016,36.133689880371094,59.246917724609375,25.985864639282227,32.16628646850586
2018-06-26,240.46865844726562,163.52825927734375,149.82957458496094,95.82515716552734,119.26000213623047,52.79033660888672,35.99190902709961,59.43807601928711,26.314041137695312,32.29619216918945
2018-06-27,238.47659301757812,161.3043975830078,147.4293212890625,96.72819519042969,118.58000183105469,52.29378890991211,35.299766540527344,59.21014404296875,26.666913986206055,31.85542869567871
2018-06-28,239.8401336669922,162.6919708251953,147.88047790527344,96.75191497802734,118.22000122070312,52.4908332824707,35.59996795654297,59.73955535888672,26.63162612915039,32.245147705078125
2018-06-29,240.18544006347656,163.1290740966797,147.78123474121094,96.4192123413086,118.6500015258789,52.78244400024414,36.133689880371094,59.88657760620117,26.79747772216797,32.23122787475586
2018-07-02,240.69888305664062,164.22203063964844,148.8009033203125,96.34385681152344,117.45999908447266,52.301673889160156,35.77509307861328,59.55572509765625,26.40225601196289,32.51888656616211
2018-07-03,239.848876953125,162.3212890625,149.39410400390625,96.85990142822266,118.6500015258789,52.45930099487305,35.80012130737305,60.00422668457031,26.56810760498047,32.1338005065918
2018-07-05,241.8056640625,164.33609008789062,151.09671020507812,97.13775634765625,119.05000305175781,52.97948455810547,35.7083740234375,60.71743392944336,26.539873123168945,32.58848190307617
2018-07-06,243.85084533691406,166.89256286621094,152.37362670898438,97.455322265625,118.86000061035156,53.26322555541992,36.20038604736328,61.04090881347656,26.702199935913086,32.96892547607422
2018-07-09,246.04652404785156,168.3940887451172,153.33358764648438,96.82814025878906,119.1500015258789,53.77552032470703,36.85084533691406,60.5556755065918,27.100954055786133,33.21946716308594
2018-07-10,246.9320068359375,168.51766967773438,152.63624572753906,96.82020568847656,118.93000030517578,53.751869201660156,36.767452239990234,60.68064880371094,27.302091598510742,33.29833984375
2018-07-11,245.12579345703125,167.66233825683594,151.3411865234375,97.19331359863281,117.63999938964844,52.85338592529297,36.050289154052734,60.48214340209961,26.723373413085938,33.168434143066406
2018-07-12,247.3480987548828,170.55142211914062,152.07473754882812,97.1854019165039,118.12999725341797,53.26322555541992,36.54228973388672,60.66596221923828,26.769250869750977,33.69271469116211
2018-07-13,247.54283142089844,170.6939697265625,151.62196350097656,97.43150329589844,117.61000061035156,53.428733825683594,36.567317962646484,60.48214340209961,26.9104061126709,33.65558624267578
2018-07-16,247.3214569091797,170.28530883789062,151.0332794189453,97.02658081054688,117.55000305175781,53.40507888793945,36.36716842651367,60.15864944458008,26.5998592376709,33.57671356201172
2018-07-17,248.32199096679688,171.3212127685547,151.70347595214844,96.8440170288086,116.27999877929688,53.49966812133789,36.634029388427734,59.76158905029297,26.494003295898438,33.8272590637207
2018-07-18,248.84434509277344,170.99806213378906,152.12905883789062,96.45497131347656,116.30999755859375,53.50754165649414,36.59233474731445,59.496883392333984,26.51164436340332,33.771575927734375
2018-07-19,247.90589904785156,170.14273071289062,153.206787109375,97.06631469726562,115.80999755859375,53.39720916748047,36.14201736450195,60.19540023803711,26.518695831298828,33.65095138549805
2018-07-20,247.62246704101562,170.10475158691406,152.58193969726562,95.87543487548828,116.55999755859375,53.649410247802734,36.6590461730957,59.61454391479492,26.426959991455078,33.66022491455078
2018-07-23,248.0829620361328,170.64646911621094,152.77212524414062,94.69242858886719,116.0,53.649410247802734,36.417213439941406,59.48954772949219,26.310514450073242,33.83189392089844
2018-07-24,249.33126831054688,171.34971618652344,151.14198303222656,95.01795196533203,116.04000091552734,53.96467590332031,36.95092010498047,59.18810272216797,26.6422119140625,34.01746368408203
2018-07-25,251.4562225341797,173.74462890625,151.69442749023438,94.86711883544922,116.68000030517578,54.36663055419922,37.55133056640625,59.658660888671875,26.864524841308594,34.444313049316406
2018-07-26,250.8629913330078,171.1121063232422,152.5094757080078,94.68450927734375,115.7699966430664,54.12229537963867,37.134376525878906,59.85717010498047,27.15740966796875,33.9154052734375
2018-07-27,249.16307067871094,168.802734375,149.6657257080078,94.84329223632812,115.83000183105469,54.224769592285156,37.267799377441406,59.217506408691406,27.040958404541016,33.33544921875
2018-07-30,247.86163330078125,166.4173583984375,148.7057647705078,94.51776885986328,115.6500015258789,54.21687698364258,37.209434509277344,59.25429153442383,27.263277053833008,32.81581115722656
2018-07-31,249.0833740234375,167.6908416748047,150.21820068359375,95.03378295898438,115.98999786376953,54.287818908691406,37.40958023071289,60.246864318847656,27.213876724243164,32.90397644042969
2018-08-01,248.6672821044922,168.3275604248047,150.11859130859375,94.25959014892578,115.13999938964844,54.01195526123047,37.07600021362305,60.67329788208008,26.836301803588867,33.200904846191406
2018-08-02,250.02195739746094,170.61795043945312,151.2144012451172,94.39490509033203,114.5199966430664,53.65729522705078,36.58399200439453,60.43067932128906,26.688085556030273,33.618473052978516
2018-08-03,251.0932159423828,171.14065551757812,150.6891326904297,94.86434936523438,114.91999816894531,53.688819885253906,36.86752700805664,61.08504867553711,26.55046272277832,33.73908996582031
2018-08-06,252.01400756835938,172.14801025390625,151.53134155273438,94.92007446289062,114.33000183105469,53.460262298583984,36.58399200439453,61.004173278808594,26.64926528930664,33.920040130615234
2018-08-07,252.84634399414062,172.7752227783203,151.8936004638672,94.42671203613281,114.58999633789062,53.87797927856445,36.959259033203125,60.893890380859375,26.846885681152344,34.04994583129883
2018-08-08,252.74008178710938,172.9843292236328,151.75778198242188,94.52217864990234,114.91000366210938,53.830684661865234,36.90922546386719,60.540950775146484,26.652793884277344,34.14274215698242
2018-08-09,252.3947296142578,172.87977600097656,152.14723205566406,95.31790924072266,114.73999786376953,53.67304229736328,36.80080795288086,60.57038497924805,26.40578269958496,34.156654357910156
2018-08-10,250.70370483398438,171.5587615966797,151.72157287597656,96.01020812988281,114.69000244140625,52.60116958618164,36.016929626464844,60.10717010498047,26.56810760498047,33.8829231262207
2018-08-13,249.7651824951172,171.36871337890625,150.8340301513672,95.81126403808594,112.95999908447266,52.412010192871094,35.42485046386719,59.989505767822266,26.229347229003906,33.8365364074707
2018-08-14,251.3588409423828,172.442626953125,152.3283233642578,95.59640502929688,113.06999969482422,52.40413284301758,35.641666412353516,60.28362274169922,26.292865753173828,34.04531478881836
2018-08-15,249.48182678222656,170.33279418945312,150.41744995117188,96.15337371826172,111.19000244140625,51.64751434326172,34.615943908691406,60.7468376159668,25.375385284423828,33.73908996582031
2018-08-16,251.50054931640625,170.8935546875,151.81214904785156,96.14543151855469,111.0999984741211,52.01005935668945,34.832759857177734,61.23946762084961,25.558883666992188,33.887569427490234
2018-08-17,252.38584899902344,170.93150329589844,152.46417236328125,96.2647933959961,112.12999725341797,52.31743240356445,35.19968795776367,61.80561828613281,25.622400283813477,33.9385986328125
2018-08-20,252.92596435546875,170.7794952392578,152.88987731933594,96.90935516357422,112.69000244140625,52.60116958618164,35.3581428527832,61.84973907470703,25.795305252075195,33.887569427490234
2018-08-21,253.51914978027344,171.40675354003906,154.64674377441406,96.58307647705078,113.0199966430664,52.9243278503418,35.80845260620117,61.474754333496094,25.925874710083008,33.94324493408203
2018-08-22,253.3686065673828,172.07199096679688,155.02713012695312,96.96501159667969,113.2699966430664,53.12923812866211,36.091983795166016,61.12916564941406,26.236400604248047,34.04531478881836
2018-08-23,253.03219604492188,171.8249053955078,154.5561981201172,97.11620330810547,112.19999694824219,52.750919342041016,35.50823974609375,60.97476577758789,26.112897872924805,34.119544982910156
2018-08-24,254.55503845214844,173.4214630126953,155.39846801757812,97.30714416503906,114.16000366210938,53.058292388916016,36.16703414916992,61.33504104614258,26.303455352783203,34.462886810302734
2018-08-27,256.5648498535156,175.18919372558594,155.62484741210938,96.75020599365234,114.58999633789062,53.767635345458984,36.6840705871582,61.11445236206055,26.497528076171875,34.778358459472656
2018-08-28,256.6889343261719,175.44573974609375,155.76976013183594,96.16930389404297,113.68000030517578,53.7203483581543,36.550636291503906,61.93796157836914,26.384614944458008,34.83868408203125
2018-08-29,258.0700378417969,177.47003173828125,156.22256469726562,96.29663848876953,114.19999694824219,54.01195526123047,36.77579116821289,61.952674865722656,26.546934127807617,35.15418243408203
2018-08-30,257.0252380371094,177.15640258789062,156.09579467773438,96.50347137451172,113.63999938964844,53.49966812133789,35.81678771972656,61.55561828613281,26.472829818725586,35.04746627807617
2018-08-31,257.0342102050781,177.3844757080078,156.69354248046875,96.28073120117188,113.51000213623047,53.07405471801758,36.000247955322266,61.798240661621094,26.26816749572754,35.07529830932617
2018-09-04,256.5914306640625,176.62423706054688,155.99615478515625,95.7240982055664,112.93000030517578,52.62480926513672,35.299766540527344,61.06298828125,26.21170425415039,34.94076919555664
2018-09-05,255.90086364746094,174.3433074951172,155.57958984375,95.4688491821289,113.31999969482422,52.144046783447266,34.79106903076172,61.415916442871094,26.176414489746094,34.5046272277832
2018-09-06,255.13052368164062,172.7847442626953,154.52903747558594,95.81974792480469,113.54000091552734,51.986419677734375,34.824424743652344,61.59238815307617,25.692977905273438,34.25410842895508
2018-09-07,254.63475036621094,172.11949157714844,154.44752502441406,95.00629425048828,113.2300033569336,51.568695068359375,34.649295806884766,60.92332458496094,25.6894474029541,34.138099670410156
2018-09-10,255.0774383544922,172.69921875,154.63772583007812,95.35719299316406,113.1500015258789,51.88395690917969,34.307403564453125,61.19533920288086,25.678848266601562,34.24480438232422
2018-09-11,255.91851806640625,174.0297088623047,154.89125061035156,94.63152313232422,113.22000122070312,51.93124771118164,34.382450103759766,61.18798828125,25.922346115112305,34.537109375
2018-09-12,255.9805908203125,173.51654052734375,154.51995849609375,94.85478973388672,114.16999816894531,52.15193176269531,34.55757522583008,61.21739196777344,26.05643653869629,34.39328384399414
2018-09-13,257.49444580078125,175.36973571777344,154.5561981201172,94.99832916259766,113.76000213623047,52.538124084472656,35.02457809448242,61.518836975097656,26.067028045654297,34.79692840576172
2018-09-14,257.5388488769531,174.85653686523438,155.208251953125,94.54375457763672,113.0199966430664,52.616947174072266,34.991207122802734,61.12916564941406,26.20464324951172,34.769100189208984
2018-09-17,256.17529296875,172.33810424804688,153.5599822998047,94.54375457763672,113.61000061035156,52.664215087890625,34.674320220947266,61.32770919799805,26.246992111206055,34.332969665527344
2018-09-18,257.56536865234375,173.7636260986328,154.20303344726562,93.55484771728516,113.44000244140625,53.215919494628906,35.00788879394531,61.03359603881836,26.419897079467773,34.5510139465332
2018-09-19,257.8398742675781,173.63059997558594,153.64151000976562,92.99658203125,113.87999725341797,53.40507888793945,35.49156188964844,60.32040023803711,26.50106430053711,34.462886810302734
2018-09-20,259.9292907714844,175.55032348632812,155.0633544921875,93.42724609375,114.2699966430664,54.067134857177734,35.88350296020508,60.886531829833984,26.508121490478516,34.87116241455078
2018-09-21,259.6918640136719,174.59042358398438,154.3207550048828,93.38736724853516,113.48999786376953,54.09078598022461,36.050289154052734,60.86445999145508,26.68328857421875,34.73336410522461
2018-09-24,258.8291015625,175.07598876953125,153.75018310546875,93.14813995361328,113.47000122070312,53.84644317626953,35.641666412353516,59.7714958190918,27.074111938476562,34.90561294555664
2018-09-25,258.5889892578125,175.3140411376953,153.98568725585938,93.05241394042969,113.6500015258789,54.11442184448242,35.783424377441406,59.77892303466797,27.248214721679688,34.863712310791016
2018-09-26,257.8152770996094,175.437744140625,152.57815551757812,93.70638275146484,113.05000305175781,54.138065338134766,35.858482360839844,59.06320571899414,26.985286712646484,34.73336410522461
2018-09-27,258.5356140136719,176.9229736328125,152.58724975585938,93.77018737792969,112.05000305175781,54.02772903442383,36.03361129760742,59.34652328491211,26.985286712646484,34.93818664550781
2018-09-28,258.56231689453125,176.88490295410156,153.05038452148438,93.52295684814453,112.76000213623047,53.58635330200195,35.79177474975586,60.151695251464844,26.910680770874023,35.06854248046875
2018-10-01,259.4606628417969,177.2467498779297,151.03451538085938,92.83636474609375,112.56999969482422,53.649410247802734,35.80012130737305,59.59254837036133,27.283750534057617,35.23613357543945
2018-10-02,259.3094177246094,176.84686279296875,149.40003967285156,93.40386199951172,113.87000274658203,53.373558044433594,35.349796295166016,59.45834732055664,27.312175750732422,35.240787506103516
2018-10-03,259.4516906738281,177.0372314453125,150.70762634277344,91.78134155273438,113.41999816894531,53.27898025512695,35.05792236328125,58.82463073730469,27.5324649810791,35.34786605834961
2018-10-04,257.42388916015625,173.63836669921875,148.59188842773438,91.1339111328125,113.4800033569336,52.65634536743164,34.18230438232422,58.33256149291992,27.41875648498535,34.71009063720703
2018-10-05,255.9831085205078,171.51524353027344,147.24798583984375,90.3506088256836,113.80000305175781,52.34108352661133,34.05722427368164,58.30274200439453,27.41521453857422,34.27248001098633
2018-10-08,255.9831085205078,170.46798706054688,146.93922424316406,90.046875,112.54000091552734,52.08887481689453,34.107261657714844,59.14522933959961,27.393884658813477,33.8860969543457
2018-10-09,255.60952758789062,171.02020263671875,146.36717224121094,90.95805358886719,112.5999984741211,51.95489501953125,33.98216247558594,59.22722244262695,27.639047622680664,34.00712585449219
2018-10-10,247.5160675048828,163.49880981445312,142.16294860839844,90.71027374267578,112.87999725341797,50.851478576660156,32.97312545776367,58.34749221801758,26.772106170654297,32.35914611816406
2018-10-11,242.06414794921875,161.47093200683594,139.44789123535156,91.81327819824219,115.77999877929688,50.14214324951172,32.639564514160156,56.677398681640625,25.8660888671875,31.949474334716797
2018-10-12,245.426025390625,165.96469116210938,139.47511291503906,91.49359893798828,115.2300033569336,50.32341384887695,33.59855651855469,56.52830505371094,25.937149047851562,32.97364044189453
2018-10-15,244.0474853515625,163.95582580566406,139.99276733398438,91.45364379882812,116.0,50.20519256591797,33.239986419677734,56.908546447753906,25.720417022705078,32.433631896972656
2018-10-16,249.38381958007812,168.72567749023438,144.05165100097656,91.66143035888672,115.80000305175781,51.06427764892578,34.07390213012695,58.079063415527344,25.9335880279541,33.411251068115234
2018-10-17,249.42831420898438,168.7923126220703,143.43418884277344,91.117919921875,115.79000091552734,50.77265930175781,33.656951904296875,57.855403900146484,25.77014923095703,33.25761795043945
2018-10-18,245.82632446289062,164.8793182373047,140.7464141845703,91.08594512939453,115.91999816894531,49.95298767089844,32.772987365722656,57.74357223510742,25.642242431640625,32.60588455200195
2018-10-19,245.6929473876953,164.7269744873047,139.25723266601562,90.88615417480469,116.01000213623047,50.23672103881836,33.0815315246582,58.24310302734375,25.414852142333984,32.59191131591797
2018-10-22,244.59002685546875,165.57437133789062,138.9575653076172,90.7662353515625,115.70999908447266,50.01603317260742,33.44012451171875,57.430419921875,25.134157180786133,32.86191940307617
2018-10-23,243.3449249267578,164.96502685546875,137.7135772705078,91.05393981933594,116.38999938964844,49.543148040771484,33.073204040527344,57.68394088745117,24.476852416992188,32.73623275756836
2018-10-24,235.97190856933594,157.4150848388672,132.52865600585938,91.74134826660156,116.66000366210938,48.14023971557617,32.00578689575195,58.22816467285156,23.51042366027832,31.269798278808594
2018-10-25,240.2053680419922,162.86097717285156,135.3980255126953,91.35770416259766,116.4000015258789,48.74711227416992,32.62289047241211,58.97372817993164,23.798219680786133,32.34518051147461
2018-10-26,235.9807891845703,158.67184448242188,133.91795349121094,91.9091796875,116.7699966430664,48.41609573364258,32.24761199951172,57.55717468261719,23.62057113647461,31.698095321655273
2018-10-29,234.67340087890625,155.40621948242188,133.18238830566406,91.70140838623047,116.30999755859375,48.2821044921875,31.68889045715332,58.28780746459961,23.17999267578125,31.16273307800293
2018-10-30,238.15090942382812,157.96730041503906,135.96104431152344,91.24579620361328,115.80000305175781,48.86533737182617,32.30598831176758,59.0855598449707,23.716501235961914,31.511878967285156
2018-10-31,240.694580078125,161.6803741455078,136.2333984375,90.78219604492188,115.1500015258789,49.22789001464844,32.656246185302734,58.3922119140625,23.8621826171875,32.26137924194336
2018-11-01,243.25596618652344,163.81298828125,139.37525939941406,90.86637115478516,116.62999725341797,49.85841369628906,33.82372283935547,58.66805648803711,24.064697265625,32.638450622558594
2018-11-02,241.8152313232422,161.26141357421875,139.83837890625,89.73661041259766,116.6500015258789,49.92934036254883,34.04054641723633,58.18345260620117,24.004297256469727,32.00069046020508
2018-11-05,243.14930725097656,160.8616485595703,139.7294464111328,90.08917999267578,116.37000274658203,49.92934036254883,34.13227081298828,59.04829406738281,24.40578842163086,31.968088150024414
2018-11-06,244.68789672851562,162.08030700683594,140.4194793701172,90.0330810546875,116.04000091552734,50.13426208496094,34.07390213012695,59.34652328491211,24.51949119567871,32.16828155517578
2018-11-07,249.9263916015625,167.16427612304688,142.93479919433594,90.15323638916016,116.02999877929688,50.804195404052734,34.71601104736328,60.054805755615234,24.920976638793945,33.11330032348633
2018-11-08,249.47271728515625,166.09796142578125,142.5534210205078,90.14527130126953,115.77999877929688,50.30765914916992,33.81538391113281,60.09952163696289,24.38092041015625,33.08537292480469
2018-11-09,247.03582763671875,163.29888916015625,139.91107177734375,90.81824493408203,114.4800033569336,49.97663116455078,33.18994903564453,60.09209060668945,24.338279724121094,32.512760162353516
2018-11-12,242.41993713378906,158.357666015625,137.14151000976562,91.41114044189453,113.66000366210938,49.15695571899414,32.722957611083984,60.21137237548828,23.8337459564209,31.36756134033203
2018-11-13,241.96636962890625,158.49095153808594,136.70565795898438,91.3551025390625,113.69999694824219,49.3697509765625,33.09821319580078,60.151695251464844,23.28658676147461,31.404804229736328
2018-11-14,240.31211853027344,157.2818145751953,135.70680236816406,91.41114044189453,114.63999938964844,49.409156799316406,33.29835891723633,60.00261306762695,23.247499465942383,31.02772331237793
2018-11-15,242.82017517089844,160.03326416015625,137.6409149169922,91.37110137939453,114.7699966430664,49.5667839050293,34.04054641723633,59.59254837036133,23.588592529296875,31.805171966552734
2018-11-16,243.45164489746094,159.4716033935547,137.96778869628906,91.89995574951172,115.62000274658203,49.6219596862793,34.107261657714844,60.233734130859375,23.869277954101562,31.753957748413086
2018-11-19,239.33377075195312,154.2923126220703,135.17103576660156,92.15628051757812,115.66999816894531,49.188480377197266,33.64860916137695,60.31575012207031,23.8621826171875,30.54356575012207
2018-11-20,234.9045867919922,151.53134155273438,132.56495666503906,92.18833923339844,115.66999816894531,48.337276458740234,32.92308807373047,59.69692611694336,23.080507278442383,29.88716697692871
2018-11-21,235.705078125,152.6832733154297,134.41737365722656,92.15628051757812,115.86000061035156,49.01508331298828,33.53185272216797,59.74911880493164,23.442920684814453,30.105968475341797
2018-11-23,234.13088989257812,151.57896423339844,134.29022216796875,92.2524642944336,115.7699966430664,48.69194412231445,33.139923095703125,59.62982940673828,22.70743751525879,29.831308364868164
2018-11-26,237.9107208251953,155.08255004882812,136.03367614746094,92.04411315917969,115.63999938964844,49.4249153137207,33.54853057861328,59.74165725708008,23.048532485961914,30.506322860717773
2018-11-27,238.7112579345703,155.60617065429688,134.90773010253906,92.14832305908203,114.94999694824219,49.235774993896484,33.78202438354492,59.99515914916992,22.984580993652344,30.566850662231445
2018-11-28,244.20755004882812,160.61404418945312,138.240234375,91.69959259033203,115.37999725341797,49.93722152709961,34.59092330932617,60.53195571899414,23.378957748413086,31.637571334838867
2018-11-29,243.67401123046875,160.09043884277344,137.86790466308594,92.0601806640625,115.73999786376953,49.685020446777344,34.29071044921875,60.546871185302734,23.531742095947266,31.330318450927734
2018-11-30,245.15928649902344,161.25196838378906,138.58529663085938,92.40467071533203,115.54000091552734,49.47221374511719,34.25736999511719,61.120948791503906,23.489107131958008,31.628271102905273
2018-12-03,248.4054718017578,164.070068359375,139.91107177734375,93.06079864501953,116.41000366210938,50.12636947631836,34.94951629638672,61.44898223876953,24.011404037475586,32.32656478881836
2018-12-04,240.35658264160156,157.77691650390625,133.95425415039062,94.61878967285156,117.12000274658203,48.82593536376953,34.20732879638672,60.5394172668457,23.32211685180664,31.102209091186523
2018-12-06,239.991943359375,158.89080810546875,133.66371154785156,94.91592407226562,117.13999938964844,48.36880111694336,33.89043426513672,62.03798294067383,22.89219856262207,31.172046661376953
2018-12-07,234.4154815673828,153.6448974609375,130.77610778808594,95.09259796142578,118.08999633789062,47.88015365600586,33.25666046142578,61.2253303527832,22.76428985595703,30.073381423950195
2018-12-10,234.8602294921875,155.2539520263672,130.3947296142578,95.4861068725586,117.68000030517578,47.50971603393555,32.90640640258789,60.83016586303711,22.40898323059082,30.487707138061523
2018-12-11,234.91354370117188,155.76808166503906,130.25852966308594,95.47000885009766,117.54000091552734,47.65946960449219,33.156585693359375,60.860008239746094,22.416091918945312,30.524944305419922
2018-12-12,236.09640502929688,157.13900756835938,131.50257873535156,95.04444885253906,117.79000091552734,48.36092758178711,33.698631286621094,59.92060089111328,22.50491714477539,30.76236915588379
2018-12-13,236.01638793945312,157.18661499023438,129.64111328125,94.81957244873047,117.52999877929688,48.27421951293945,33.6903076171875,60.26688766479492,22.575977325439453,30.81358528137207
2018-12-14,231.65841674804688,153.3592529296875,127.67969512939453,95.14885711669922,117.05999755859375,47.65158462524414,33.214962005615234,60.09337615966797,22.060791015625,30.059412002563477
2018-12-17,227.11363220214844,149.88424682617188,124.83625030517578,95.7029800415039,117.87000274658203,47.27326965332031,32.90640640258789,57.829959869384766,21.6592960357666,29.421632766723633
2018-12-18,226.86460876464844,150.8267822265625,124.68132781982422,96.2761001586914,118.1500015258789,47.31150436401367,33.12987518310547,58.425994873046875,21.147655487060547,29.654399871826172
2018-12-19,223.46714782714844,147.12326049804688,122.08478546142578,97.54798126220703,117.43000030517578,46.8574333190918,32.579689025878906,57.78469467163086,20.898944854736328,29.06783103942871
2018-12-20,219.82958984375,144.9906005859375,120.07127380371094,97.19376373291016,119.23999786376953,46.66625213623047,32.83362579345703,56.91706848144531,20.319799423217773,28.54644203186035
2018-12-21,215.32533264160156,140.4968719482422,116.95537567138672,97.17766571044922,118.72000122070312,45.85368347167969,32.60508346557617,56.1248664855957,20.122554779052734,27.679128646850586
2018-12-24,209.6358642578125,137.0128173828125,114.68678283691406,97.6606674194336,120.0199966430664,45.3199462890625,32.300357818603516,54.125526428222656,19.3084716796875,26.94039535522461
2018-12-26,220.22763061523438,145.5677490234375,120.19881439208984,96.61418914794922,119.66000366210938,46.37149429321289,32.94365310668945,55.93624496459961,20.509876251220703,28.567476272583008
2018-12-27,221.91839599609375,146.1310577392578,120.69986724853516,96.6302490234375,120.56999969482422,46.50691604614258,32.901336669921875,55.928707122802734,20.617460250854492,28.7731990814209
2018-12-28,221.63209533691406,146.0546875,121.04613494873047,97.44329833984375,121.05999755859375,46.75387954711914,33.21451950073242,56.109771728515625,20.459665298461914,28.707744598388672
2018-12-31,223.5733642578125,147.28636169433594,121.99365234375,97.81361389160156,121.25,46.825565338134766,33.06216049194336,56.26067352294922,20.567251205444336,28.978919982910156
2019-01-02,223.8059539794922,147.87835693359375,122.68609619140625,98.32880401611328,121.33000183105469,46.72997283935547,33.14680480957031,55.0384407043457,20.972496032714844,28.99762725830078
2019-01-03,218.46533203125,143.04708862304688,120.4903564453125,99.44773864746094,122.43000030517578,46.307769775390625,32.54582595825195,55.42322540283203,20.764497756958008,27.534181594848633
2019-01-04,225.782958984375,149.1672821044922,124.9911117553711,98.29654693603516,121.44000244140625,47.72576141357422,33.595420837402344,56.0720329284668,21.470991134643555,28.754493713378906
2019-01-07,227.56320190429688,150.94322204589844,127.17770385742188,98.00675964355469,121.86000061035156,47.90898132324219,33.67159652709961,56.62282943725586,21.7901668548584,29.011653900146484
2019-01-08,229.7012176513672,152.30857849121094,129.12738037109375,97.74922180175781,121.52999877929688,48.21966552734375,33.79856872558594,57.792240142822266,21.95872688293457,29.254770278930664
2019-01-09,230.7747344970703,153.54983520507812,130.19334411621094,97.59627532958984,122.30999755859375,48.76137161254883,34.3995475769043,57.70924758911133,22.30659294128418,29.63349723815918
2019-01-10,231.5888214111328,153.98898315429688,130.86756896972656,96.96839141845703,121.58999633789062,48.95255661010742,34.64501190185547,58.493892669677734,22.371143341064453,29.764413833618164
2019-01-11,231.67825317382812,153.42568969726562,130.9040069580078,97.34667205810547,121.80000305175781,48.61796569824219,34.47572326660156,58.65988540649414,22.238454818725586,29.70830535888672
2019-01-14,230.2648162841797,152.0699005126953,129.60118103027344,96.98445129394531,122.08999633789062,48.39492416381836,34.187923431396484,58.463722229003906,22.184654235839844,29.432443618774414
2019-01-15,232.90383911132812,155.039306640625,130.6944580078125,96.6302490234375,121.87999725341797,48.64982986450195,34.4249382019043,59.02202224731445,22.26355743408203,29.876625061035156
2019-01-16,233.46742248535156,155.0106201171875,131.66928100585938,96.72685241699219,122.2699966430664,48.78527069091797,34.848167419433594,59.43698501586914,22.234867095947266,29.904682159423828
2019-01-17,235.23867797851562,156.23277282714844,132.86282348632812,96.75103759765625,122.11000061035156,48.96052551269531,35.00052261352539,59.723663330078125,22.439289093017578,30.096376419067383
2019-01-18,238.36972045898438,157.77955627441406,134.22947692871094,96.24388122558594,121.0199966430664,49.454437255859375,35.1697998046875,59.927391052246094,22.894742965698242,30.55457305908203
2019-01-22,235.14923095703125,154.61917114257812,132.1066131591797,96.89593505859375,121.44999694824219,48.689674377441406,34.560367584228516,59.74631881713867,22.396249771118164,30.040271759033203
2019-01-23,235.64125061035156,154.8196563720703,131.74220275878906,96.85565948486328,121.27999877929688,48.912723541259766,34.9158821105957,59.75385665893555,22.16672706604004,30.14313507080078
2019-01-24,235.76644897460938,155.82220458984375,132.5348358154297,97.49163818359375,121.08999633789062,48.96849060058594,35.254451751708984,59.95756912231445,22.285072326660156,30.395610809326172
2019-01-25,237.76141357421875,157.68408203125,134.2385711669922,97.02470397949219,122.86000061035156,49.526123046875,35.720001220703125,60.70449447631836,22.568389892578125,30.82575798034668
2019-01-28,235.9543914794922,155.73626708984375,133.518798828125,96.9281005859375,123.29000091552734,49.255271911621094,35.34756088256836,61.30052185058594,22.342456817626953,30.414308547973633
2019-01-29,235.64125061035156,154.26589965820312,133.199951171875,97.4191665649414,123.9800033569336,49.366798400878906,35.406822204589844,61.78337860107422,22.410598754882812,30.087020874023438
2019-01-30,239.37164306640625,158.19007873535156,134.6576385498047,97.34667205810547,124.69000244140625,49.908504486083984,36.17707061767578,62.28133010864258,22.726186752319336,31.022127151489258
2019-01-31,241.47393798828125,160.55799865722656,135.8056640625,98.18389892578125,124.75,49.93240737915039,36.4818000793457,62.93019104003906,22.873226165771484,30.989398956298828
2019-02-01,241.5901641845703,159.88011169433594,135.9149627685547,97.59088897705078,124.5,49.916473388671875,36.194007873535156,62.53030776977539,23.271297454833984,31.17174530029297
2019-02-04,243.28988647460938,161.86605834960938,137.53668212890625,97.1552505493164,123.95999908447266,50.09968948364258,36.253257751464844,62.998077392578125,23.325092315673828,31.672027587890625
2019-02-05,244.30972290039062,163.29823303222656,137.68247985839844,97.5989761352539,124.27999877929688,50.49004364013672,36.75265884399414,63.36021423339844,23.360958099365234,31.938528060913086
2019-02-06,243.98764038085938,162.8113250732422,137.50933837890625,97.64739227294922,123.44000244140625,50.2351188659668,36.253257751464844,62.945255279541016,23.188814163208008,32.04607009887695
2019-02-07,241.6618194580078,160.62484741210938,136.379638671875,98.29281616210938,123.73999786376953,49.565956115722656,35.88929748535156,63.465850830078125,22.675979614257812,31.606571197509766
2019-02-08,241.9569854736328,160.93988037109375,136.52536010742188,98.71234893798828,124.20999908447266,49.40663528442383,35.68613815307617,63.465850830078125,22.571979522705078,31.788902282714844
2019-02-11,242.09117126464844,160.78712463378906,137.664306640625,98.32510375976562,123.5999984741211,49.35883712768555,35.56764221191406,63.63936233520508,22.679567337036133,31.774892807006836
2019-02-12,245.20436096191406,163.16453552246094,139.38613891601562,98.07498168945312,123.86000061035156,49.93240737915039,35.863887786865234,63.23951721191406,22.96647071838379,32.19568634033203
2019-02-13,246.00047302246094,163.2791748046875,139.77796936035156,97.70384216308594,123.37000274658203,49.94036865234375,35.60995864868164,63.563907623291016,23.253360748291016,32.237770080566406
2019-02-14,245.45481872558594,163.47967529296875,140.09686279296875,98.26052856445312,124.05999755859375,49.956295013427734,35.677669525146484,63.76763153076172,23.335857391357422,32.29386901855469
2019-02-15,248.12953186035156,164.16712951660156,142.32896423339844,98.41385650634766,124.80000305175781,50.681236267089844,35.62689208984375,64.19766235351562,23.712411880493164,32.55103302001953
2019-02-19,248.5590362548828,164.49172973632812,142.720703125,98.66392517089844,126.69999694824219,50.87242126464844,35.90620803833008,64.18257904052734,23.784137725830078,32.56037139892578
2019-02-20,249.05996704101562,164.463134765625,143.39492797851562,98.3815689086914,126.4800033569336,51.015811920166016,36.10935974121094,63.78272247314453,23.884552001953125,32.5977783203125
2019-02-21,248.17430114746094,163.86160278320312,142.84825134277344,97.50215148925781,125.05000305175781,50.91225051879883,36.0331916809082,63.84306716918945,23.51516342163086,32.611812591552734
2019-02-22,249.71302795410156,165.07415771484375,144.08731079101562,98.08302307128906,125.5,51.07954788208008,36.43101501464844,64.22030639648438,23.583303451538086,33.0279426574707
2019-02-25,250.05294799804688,165.67567443847656,144.12374877929688,97.79258728027344,125.37000274658203,51.23089599609375,36.83729934692383,63.714805603027344,23.622756958007812,33.18690872192383
2019-02-26,249.87399291992188,165.84751892089844,143.13072204589844,98.27667999267578,125.58000183105469,51.47785949707031,36.7103385925293,63.51863479614258,23.54744529724121,33.25703048706055
2019-02-27,249.7666473388672,165.7425079345703,143.33114624023438,97.1633071899414,124.69000244140625,51.270729064941406,36.39714813232422,63.2017707824707,23.63709831237793,33.224308013916016
2019-02-28,249.30145263671875,165.36061096191406,142.8391876220703,96.83251953125,123.98999786376953,51.19903564453125,35.92313766479492,63.367767333984375,23.400402069091797,33.13079833984375
2019-03-01,250.85806274414062,166.50628662109375,144.16934204101562,95.9375228881836,121.87999725341797,51.47785949707031,35.96546936035156,63.17159652709961,23.830760955810547,33.355220794677734
2019-03-04,249.94557189941406,166.5349884033203,142.86647033691406,96.68939971923828,121.55999755859375,51.28666687011719,36.01625442504883,63.45829772949219,23.87379264831543,33.22898483276367
2019-03-05,249.6056365966797,166.65911865234375,142.20144653320312,96.89153289794922,121.72000122070312,51.33446502685547,36.371761322021484,63.631832122802734,23.79489517211914,33.13079833984375
2019-03-06,248.09376525878906,165.71388244628906,139.4135284423828,97.24725341796875,121.61000061035156,51.20700454711914,36.168609619140625,63.33757019042969,23.4936466217041,32.957794189453125
2019-03-07,246.01834106445312,163.68017578125,138.19264221191406,97.87788391113281,121.51000213623047,50.553768157958984,35.49992370605469,63.2017707824707,23.353782653808594,32.64454650878906
2019-03-08,245.5263214111328,163.43191528320312,138.1562042236328,98.29022216796875,122.83999633789062,50.561737060546875,35.24599838256836,63.26969909667969,22.916257858276367,32.639869689941406
2019-03-11,249.08676147460938,166.83096313476562,140.570556640625,97.9991455078125,122.23999786376953,50.999881744384766,35.90620803833008,64.19766235351562,23.274883270263672,33.34119415283203
2019-03-12,250.026123046875,167.74757385253906,140.6434326171875,98.6864013671875,122.9800033569336,50.968013763427734,36.09244155883789,64.4919204711914,23.425506591796875,33.53755187988281
2019-03-13,251.68101501464844,169.0078887939453,141.19918823242188,98.50048828125,123.83999633789062,51.406158447265625,36.1347541809082,64.8088150024414,23.662202835083008,33.75730895996094
2019-03-14,251.5199737548828,168.72145080566406,140.62527465820312,97.78898620605469,122.41000366210938,51.398193359375,35.94007873535156,64.9068603515625,23.687299728393555,33.827449798583984
2019-03-15,252.76263427734375,170.28732299804688,140.998779296875,98.4357681274414,122.97000122070312,51.95582962036133,36.464874267578125,64.7031478881836,23.67790985107422,34.2369384765625
2019-03-18,253.67910766601562,170.69288635253906,141.9007110595703,98.37918090820312,123.04000091552734,52.13905334472656,36.87116622924805,64.37873840332031,24.006824493408203,34.38234329223633
2019-03-19,253.74208068847656,171.2667999267578,141.1810302734375,98.160888671875,123.37999725341797,52.24261474609375,36.888092041015625,64.18257904052734,23.94175910949707,34.45271301269531
2019-03-20,252.9783477783203,171.94593811035156,140.00436401367188,99.18769836425781,124.18000030517578,52.266517639160156,36.947349548339844,64.37873840332031,24.151395797729492,34.35890197753906
2019-03-21,255.83566284179688,174.63380432128906,141.84054565429688,99.40597534179688,123.68000030517578,52.234649658203125,36.99812698364258,65.52552032470703,24.321273803710938,35.22196960449219
2019-03-22,250.91180419921875,170.79806518554688,136.6792449951172,100.95022583007812,123.97000122070312,51.23089599609375,35.91468048095703,65.05022430419922,23.663450241088867,34.39173126220703
2019-03-25,250.72303771972656,170.47288513183594,137.28213500976562,101.11190032958984,124.91999816894531,51.30259323120117,35.99932098388672,65.13320922851562,23.674293518066406,34.24162673950195
2019-03-26,252.59194946289062,171.2667999267578,138.72547912597656,101.03914642333984,124.30000305175781,51.557525634765625,36.10935974121094,65.65379333496094,24.014049530029297,34.429256439208984
2019-03-27,251.27110290527344,170.16677856445312,138.18650817871094,101.96896362304688,123.6500015258789,51.581424713134766,35.720001220703125,65.46517944335938,23.844173431396484,34.23224639892578
2019-03-28,252.22349548339844,170.55899047851562,139.4197540283203,102.3247299194336,121.9000015258789,51.45396041870117,35.957008361816406,66.10042572021484,23.93453025817871,34.37295913696289
2019-03-29,253.81399536132812,171.85032653808594,139.84910583496094,102.22765350341797,122.01000213623047,51.66904830932617,36.329444885253906,66.03964233398438,23.898387908935547,34.710689544677734
2019-04-01,256.8240051269531,174.1268310546875,141.37469482421875,100.77568817138672,121.52999877929688,52.33024978637695,36.930419921875,66.00162506103516,24.21283721923828,35.18444061279297
2019-04-02,256.9498291015625,174.7868194580078,141.00921630859375,100.96199798583984,121.9800033569336,52.34617233276367,36.811912536621094,66.46515655517578,24.046573638916016,35.306400299072266
2019-04-03,257.3541564941406,175.79119873046875,141.74008178710938,100.0869140625,121.80000305175781,52.75245666503906,37.06585693359375,66.3891830444336,23.81525421142578,35.592533111572266
2019-04-04,258.0368957519531,175.72425842285156,142.43434143066406,100.37052917480469,122.11000061035156,52.640926361083984,37.29438781738281,66.28279876708984,24.014049530029297,35.44242477416992
2019-04-05,259.285888671875,176.63294982910156,143.76805114746094,100.50015258789062,121.9800033569336,52.7763557434082,37.58218002319336,66.74630737304688,24.436933517456055,35.611289978027344
2019-04-08,259.4836120605469,177.08255004882812,143.530517578125,100.14360809326172,122.51000213623047,52.80821990966797,37.58218002319336,66.37397003173828,24.545366287231445,35.74732208251953
2019-04-09,258.1537170410156,176.46080017089844,141.77659606933594,100.45964050292969,123.1500015258789,52.4736442565918,37.50599670410156,66.0244369506836,24.245365142822266,35.57846450805664
2019-04-10,259.0343322753906,177.40771484375,143.70407104492188,100.7027359008789,123.52999877929688,52.672794342041016,37.683753967285156,66.63231658935547,24.33573341369629,35.827056884765625
2019-04-11,258.9624328613281,176.98690795898438,143.52142333984375,100.1112289428711,121.94999694824219,52.5612678527832,37.277462005615234,66.58671569824219,24.353801727294922,35.780147552490234
2019-04-12,260.714599609375,177.75209045410156,144.0421142578125,99.39814758300781,121.83000183105469,52.927711486816406,37.548316955566406,66.90587615966797,24.418859481811523,36.028751373291016
2019-04-15,260.5439453125,177.7808380126953,143.5762176513672,99.64932250976562,121.5999984741211,52.95161056518555,37.3536376953125,66.5639419555664,24.274288177490234,36.01469039916992
2019-04-16,260.714599609375,178.39292907714844,143.91424560546875,99.02542114257812,120.51000213623047,52.99143600463867,37.632965087890625,65.05941772460938,24.43331527709961,36.19761657714844
2019-04-17,260.07659912109375,179.0147247314453,142.5988006591797,99.06593322753906,120.27999877929688,53.14280319213867,37.743003845214844,64.46671295166016,24.400789260864258,36.399314880371094
2019-04-18,260.5888366699219,179.24427795410156,142.17852783203125,99.58451843261719,120.37000274658203,53.110931396484375,37.71761703491211,64.96063232421875,24.28512954711914,36.50251388549805
2019-04-22,260.8134765625,179.75125122070312,141.8040008544922,99.10645294189453,120.37000274658203,53.0233039855957,37.47214889526367,64.24636840820312,24.798370361328125,36.58694839477539
2019-04-23,263.15863037109375,182.03732299804688,143.94161987304688,99.3171157836914,120.12000274658203,53.126869201660156,37.55678939819336,65.09742736816406,24.758604049682617,36.98564529418945
2019-04-24,262.57464599609375,181.46343994140625,144.38926696777344,100.12740325927734,120.47000122070312,52.76042175292969,37.048919677734375,65.57613372802734,24.324888229370117,36.99971008300781
2019-04-25,262.4128112792969,182.19993591308594,143.1925048828125,99.98155975341797,120.56999969482422,52.72058868408203,36.99812698364258,65.43936157226562,24.248979568481445,36.99033737182617
2019-04-26,263.63482666015625,182.36253356933594,144.5810546875,100.32186126708984,121.37000274658203,52.93567657470703,37.14202880859375,65.95606231689453,23.93453025817871,36.84961700439453
2019-04-29,264.0480651855469,182.7165069580078,145.27537536621094,99.6817626953125,120.83000183105469,53.15077209472656,37.218196868896484,65.31017303466797,23.912843704223633,36.8590202331543
2019-04-30,264.182861328125,181.30087280273438,144.59934997558594,100.19221496582031,121.19999694824219,53.18264389038086,37.184349060058594,65.9332504272461,23.894771575927734,36.919979095458984
2019-05-01,262.19720458984375,180.7173309326172,143.22901916503906,100.60552978515625,120.4000015258789,52.879913330078125,36.90501403808594,65.9864501953125,23.41766929626465,36.82615661621094
2019-05-02,261.631103515625,179.93295288085938,143.89596557617188,100.12645721435547,119.94000244140625,52.80024337768555,36.98966979980469,66.05482482910156,23.009246826171875,36.63383865356445
2019-05-03,264.1919250488281,182.8025665283203,146.64564514160156,100.41065979003906,120.6500015258789,53.36585235595703,37.42982482910156,66.61713409423828,23.222490310668945,36.98096466064453
2019-05-06,263.10467529296875,181.68344116210938,146.81002807617188,100.686767578125,120.80999755859375,52.76042175292969,36.6595458984375,66.40437316894531,23.244178771972656,36.694828033447266
2019-05-07,258.71075439453125,178.144287109375,143.90509033203125,101.4581069946289,121.20999908447266,51.83633804321289,35.94007873535156,65.20378112792969,23.041772842407227,35.906803131103516
2019-05-08,258.3514099121094,177.69467163085938,143.20167541503906,101.0196533203125,120.91000366210938,51.90007019042969,35.88929748535156,65.13540649414062,23.041772842407227,35.86458969116211
2019-05-09,257.5697326660156,176.7382049560547,142.68101501464844,101.43376159667969,121.19999694824219,51.66108322143555,35.322166442871094,65.30256652832031,23.041772842407227,35.62067794799805
2019-05-10,258.8636169433594,176.95819091796875,143.0737762451172,101.29572296142578,121.43000030517578,52.04346466064453,35.533775329589844,66.00162506103516,23.150205612182617,35.73325729370117
2019-05-13,252.35830688476562,170.81729125976562,138.51539611816406,102.09146118164062,122.66999816894531,50.83258819580078,34.3487548828125,65.9332504272461,22.752622604370117,34.38703918457031
2019-05-14,254.64060974121094,172.69203186035156,140.26016235351562,101.7910385131836,122.45999908447266,51.342430114746094,34.83122634887695,66.1764144897461,23.030929565429688,34.94053268432617
2019-05-15,256.132080078125,175.13121032714844,140.7169189453125,102.41629791259766,122.38999938964844,51.52565002441406,34.89894485473633,66.62474060058594,23.150205612182617,35.32047653198242
2019-05-16,258.5041809082031,176.8911895751953,141.59390258789062,102.07522583007812,121.51000213623047,51.93989944458008,34.72966003417969,66.89068603515625,23.276710510253906,35.64413070678711
2019-05-17,256.83294677734375,175.0833740234375,139.6207275390625,102.30256652832031,120.6500015258789,51.59734344482422,34.10327911376953,66.76150512695312,23.041772842407227,35.35799026489258
2019-05-20,255.13473510742188,172.127685546875,138.6524200439453,102.09146118164062,120.63999938964844,51.39023208618164,33.95939254760742,65.7964859008789,23.052621841430664,34.743526458740234
2019-05-21,257.4349365234375,173.9259796142578,140.51596069335938,101.9290771484375,120.36000061035156,51.73278045654297,34.391075134277344,66.35877227783203,23.320085525512695,35.17037582397461
2019-05-22,256.644287109375,173.15121459960938,139.3375701904297,102.51371765136719,120.23999786376953,51.52565002441406,34.22179412841797,66.55634307861328,22.958642959594727,34.9874382019043
2019-05-23,253.5084686279297,170.5015869140625,136.46910095214844,103.66674041748047,121.16999816894531,51.05564498901367,33.78163528442383,66.70830535888672,22.188777923583984,34.37295913696289
2019-05-24,254.0835418701172,170.41551208496094,137.748046875,103.75605010986328,121.30000305175781,51.60531234741211,33.81549835205078,66.9134750366211,22.27190589904785,34.38234329223633
2019-05-28,251.72035217285156,169.77462768554688,136.65182495117188,104.50305938720703,120.83000183105469,51.10344314575195,33.93400573730469,66.25239562988281,22.040590286254883,34.283843994140625
2019-05-29,250.0311737060547,168.37806701660156,135.50991821289062,104.81975555419922,120.87000274658203,50.77682876586914,34.15407943725586,65.37094116210938,21.899625778198242,34.0821533203125
2019-05-30,250.7139892578125,169.0859375,135.13536071777344,105.72106170654297,121.69000244140625,50.968013763427734,34.340293884277344,65.64451599121094,21.62131690979004,34.29322814941406
2019-05-31,247.33567810058594,166.38853454589844,133.2444610595703,107.04461669921875,123.33000183105469,50.50597381591797,34.458797454833984,66.0244369506836,21.241806030273438,33.720970153808594
2019-06-03,246.70669555664062,162.7249755859375,133.71029663085938,107.76068115234375,125.11000061035156,50.800724029541016,34.7719841003418,66.18400573730469,21.512887954711914,33.129947662353516
2019-06-04,252.0618133544922,167.3067626953125,137.17251586914062,106.53201293945312,125.1500015258789,51.382266998291016,34.848167419433594,65.88766479492188,21.88517189025879,34.2369384765625
2019-06-05,254.24520874023438,168.55027770996094,137.1999053955078,105.92992401123047,125.47000122070312,51.36632537841797,34.56882858276367,67.26300048828125,21.643003463745117,34.68254470825195
2019-06-06,255.89846801757812,169.88938903808594,136.84365844726562,106.27161407470703,125.87999725341797,51.57344436645508,34.58576583862305,67.39218139648438,22.04420280456543,35.0859489440918
2019-06-07,258.459228515625,173.17031860351562,137.8119659423828,107.19104766845703,126.58999633789062,52.22667694091797,34.85662841796875,67.64295196533203,22.145404815673828,35.73794174194336
2019-06-10,259.6453552246094,175.18856811523438,138.62501525878906,106.18212127685547,125.33000183105469,52.37007522583008,35.22060012817383,67.42259216308594,22.210460662841797,36.10382080078125
2019-06-11,259.5824890136719,175.427734375,138.21389770507812,106.2471923828125,125.18000030517578,52.63296890258789,35.61842727661133,67.6049575805664,22.253835678100586,36.10382080078125
2019-06-12,259.1242370605469,174.41378784179688,138.36920166015625,106.32858276367188,125.83000183105469,52.24261474609375,35.237525939941406,67.83289337158203,21.93937873840332,35.902122497558594
2019-06-13,260.1934509277344,175.44679260253906,139.83079528808594,106.69477081298828,126.5999984741211,52.29041290283203,35.17826843261719,68.12165832519531,22.196008682250977,36.01000213623047
2019-06-14,259.906005859375,174.7007293701172,138.60670471191406,106.96324157714844,126.55999755859375,51.90803909301758,34.788909912109375,68.15965270996094,22.051427841186523,35.69572448730469
2019-06-17,260.0047607421875,175.75294494628906,139.56289672851562,107.15039825439453,126.4800033569336,51.945472717285156,34.92622375488281,68.88911437988281,22.23576545715332,35.723873138427734
2019-06-18,262.7272644042969,178.306884765625,141.18545532226562,107.6874008178711,127.12000274658203,52.637210845947266,35.77059555053711,68.82072448730469,22.542985916137695,36.371185302734375
2019-06-19,263.32037353515625,178.9764862060547,141.68966674804688,107.84195709228516,127.88999938964844,52.96272659301758,36.06910705566406,69.19305419921875,22.517690658569336,36.50251388549805
2019-06-20,265.8362121582031,180.6408233642578,142.35888671875,108.1267318725586,131.11000061035156,53.426605224609375,36.5979118347168,69.5425796508789,23.01647186279297,37.03723907470703
2019-06-21,265.4497375488281,180.37301635742188,141.13050842285156,106.9388198852539,131.97999572753906,53.198734283447266,36.478511810302734,68.56237030029297,23.18279457092285,36.862144470214844
2019-06-24,265.1246643066406,180.3787384033203,139.4162139892578,107.7362289428711,133.94000244140625,53.31267166137695,36.42732620239258,68.32681274414062,22.974897384643555,36.9327507019043
2019-06-25,262.5243835449219,177.28231811523438,138.56361389160156,108.06983947753906,134.1999969482422,52.99528121948242,36.05205154418945,67.31621551513672,22.792526245117188,36.254913330078125
2019-06-26,262.2625732421875,178.10678100585938,138.2427520751953,107.37821960449219,132.97000122070312,53.06037902832031,36.393211364746094,65.97123718261719,23.14267349243164,36.645606994628906
2019-06-27,263.1924743652344,178.78736877441406,140.83712768554688,108.13487243652344,132.83999633789062,53.19059753417969,36.64908218383789,66.82050323486328,22.97124671936035,36.73975372314453
2019-06-28,264.54681396484375,179.01744079589844,142.55142211914062,108.06170654296875,133.1999969482422,53.4917106628418,36.5979118347168,67.05066680908203,23.237504959106445,36.73504638671875
2019-07-01,266.948486328125,181.43325805664062,143.10147094726562,107.80896759033203,130.6199951171875,53.74398422241211,37.03288269042969,67.01997375488281,23.2593936920166,37.31874465942383
2019-07-02,267.64373779296875,182.15223693847656,142.23056030273438,108.64051818847656,133.41000366210938,53.89861297607422,36.93906021118164,68.18607330322266,22.887353897094727,37.41758728027344
2019-07-03,269.78363037109375,183.52310180664062,143.2481231689453,109.41499328613281,133.6300048828125,54.264827728271484,36.87084197998047,68.99927520751953,22.97854232788086,37.7047233581543
2019-07-05,269.4766540527344,183.14920043945312,143.63314819335938,107.96382904052734,132.13999938964844,53.84978485107422,36.61497497558594,68.7537612915039,23.011362075805664,37.634117126464844
2019-07-08,267.9958801269531,181.86465454101562,142.26724243164062,108.11058044433594,131.2899932861328,53.5405387878418,36.393211364746094,68.99927520751953,23.0441951751709,37.34697341918945
2019-07-09,268.3299560546875,182.77536010742188,142.45973205566406,108.0698471069336,131.75,53.31267166137695,36.28234100341797,69.22941589355469,23.062437057495117,37.4787712097168
2019-07-10,269.6119689941406,184.59678649902344,142.707275390625,107.47468566894531,133.8300018310547,53.49984359741211,36.589378356933594,69.62835693359375,23.357872009277344,37.77534484863281
2019-07-11,270.2440185546875,184.46255493164062,142.0105743408203,106.03984069824219,132.6999969482422,53.48356628417969,36.521141052246094,68.72309875488281,23.40528678894043,37.91655731201172
2019-07-12,271.45391845703125,185.52664184570312,143.11061096191406,106.16214752197266,133.52999877929688,53.548667907714844,36.54673385620117,68.63104248046875,23.503768920898438,38.19426345825195
2019-07-15,271.5442199707031,186.1210479736328,142.35888671875,106.77360534667969,133.52999877929688,53.59750747680664,36.683197021484375,68.57731628417969,23.292217254638672,38.32137680053711
2019-07-16,270.6684875488281,185.1623992919922,142.31304931640625,106.45561981201172,132.39999389648438,53.37777328491211,36.63202667236328,68.41622924804688,23.0441951751709,37.963619232177734
2019-07-17,268.8265075683594,184.25164794921875,141.29550170898438,107.6051254272461,134.5800018310547,53.30453109741211,36.521141052246094,68.18607330322266,22.781587600708008,37.86477279663086
2019-07-18,269.81072998046875,184.46255493164062,141.8271942138672,107.61331939697266,136.47999572753906,53.467288970947266,36.74290466308594,68.18607330322266,22.78523063659668,38.14720153808594
2019-07-19,268.3118896484375,183.11087036132812,141.01132202148438,107.36055755615234,134.47000122070312,53.31267166137695,36.55526351928711,67.07369232177734,22.891000747680664,37.982460021972656
2019-07-22,268.97100830078125,184.5680389404297,140.88294982910156,107.56439208984375,134.4499969482422,53.36963653564453,36.563785552978516,67.01228332519531,22.996780395507812,38.42021560668945
2019-07-23,270.89410400390625,185.77589416503906,141.81802368164062,106.97736358642578,133.69000244140625,53.70329284667969,36.606441497802734,67.77179718017578,23.05878448486328,38.632049560546875
2019-07-24,272.16729736328125,187.07969665527344,144.1648712158203,107.4421157836914,134.3699951171875,53.74398422241211,36.6661376953125,67.82551574707031,23.157262802124023,38.95214080810547
2019-07-25,270.8669738769531,185.3061981201172,142.423095703125,106.92847442626953,133.4199981689453,53.198734283447266,36.342041015625,67.42656707763672,22.894649505615234,38.792091369628906
2019-07-26,272.68194580078125,187.21385192871094,144.1098175048828,107.18121337890625,133.63999938964844,53.30453109741211,36.418800354003906,67.73345947265625,22.777936935424805,38.87682342529297
2019-07-29,272.1853942871094,186.57159423828125,143.1472625732422,107.21379852294922,134.52999877929688,53.418460845947266,36.3505744934082,67.91754913330078,22.686750411987305,38.85327911376953
2019-07-30,271.5171203613281,185.76632690429688,144.69656372070312,107.47468566894531,134.97999572753906,52.79996109008789,36.06910705566406,68.46224212646484,22.942068099975586,38.60380554199219
2019-07-31,268.546630859375,183.19715881347656,143.52317810058594,108.3388671875,133.2100067138672,52.45002746582031,35.62560272216797,68.1937484741211,22.869123458862305,38.02012634277344
2019-08-01,266.2081604003906,182.28643798828125,141.442138671875,110.49052429199219,136.41000366210938,52.30353546142578,34.92622375488281,68.1937484741211,22.35118865966797,37.827110290527344
2019-08-02,264.2037353515625,179.6022491455078,139.87451171875,111.5115966796875,135.88999938964844,51.83967590332031,34.58506393432617,68.52363586425781,22.030223846435547,37.210479736328125
2019-08-05,256.25830078125,173.25599670410156,135.67596435546875,113.43943786621094,137.7899932861328,50.54571533203125,33.30571746826172,67.17340087890625,21.373693466186523,35.65709686279297
2019-08-06,259.851806640625,175.68136596679688,136.92269897460938,114.34620666503906,138.91000366210938,50.88751983642578,33.78334045410156,67.91754913330078,21.34815788269043,36.25019454956055
2019-08-07,260.0052185058594,176.6304168701172,136.8860321044922,114.38697814941406,141.02000427246094,51.08283615112305,33.936866760253906,68.57731628417969,21.187671661376953,36.47615051269531
2019-08-08,265.106689453125,180.47459411621094,139.83790588378906,114.63204956054688,141.72999572753906,51.579254150390625,34.35478591918945,69.78177642822266,21.796785354614258,37.37051010131836
2019-08-09,263.3008728027344,178.77781677246094,138.07777404785156,114.40333557128906,141.25999450683594,51.22117614746094,34.00510025024414,69.6973876953125,21.556055068969727,36.94688415527344
2019-08-12,260.09564208984375,176.726318359375,136.2901153564453,116.7885971069336,142.6300048828125,50.814273834228516,33.595703125,69.5132827758789,21.30074691772461,36.46201705932617
2019-08-13,264.1405029296875,180.5992431640625,137.7569580078125,116.38833618164062,141.77999877929688,51.2944221496582,34.022151947021484,69.61302185058594,21.49770164489746,37.37522888183594
2019-08-14,256.3304748535156,175.20205688476562,133.90663146972656,119.01050567626953,142.75,49.886531829833984,33.04132080078125,68.55428314208984,20.6551570892334,36.22666931152344
2019-08-15,257.00762939453125,175.00079345703125,133.3749542236328,120.33385467529297,143.6999969482422,50.05742645263672,33.263065338134766,69.23709106445312,20.52750015258789,36.160770416259766
2019-08-16,260.79986572265625,177.80955505371094,136.25347900390625,119.36994171142578,142.77999877929688,50.65965270996094,33.723636627197266,69.9505615234375,20.797401428222656,36.8480110168457
2019-08-19,263.9419250488281,180.63755798339844,137.62860107421875,117.66267395019531,141.11000061035156,50.968894958496094,33.86009979248047,70.45689392089844,21.256973266601562,37.40817642211914
2019-08-20,261.9195251464844,179.2379150390625,136.73019409179688,118.87982177734375,142.2100067138672,50.798004150390625,33.92832946777344,69.9582290649414,21.07825469970703,37.219879150390625
2019-08-21,264.0502014160156,180.8292999267578,137.8577423095703,118.08744049072266,141.75999450683594,51.156070709228516,34.25243377685547,70.24974822998047,21.213199615478516,37.657649993896484
2019-08-22,263.9690246582031,180.24456787109375,137.53689575195312,117.30322265625,141.39999389648438,51.05841827392578,33.80892562866211,70.57195281982422,21.11837387084961,37.5682258605957
2019-08-23,257.18829345703125,174.5406036376953,133.31993103027344,119.2310562133789,144.1699981689453,50.423648834228516,33.30571746826172,69.58232116699219,20.410776138305664,36.325523376464844
2019-08-26,260.0323486328125,177.17691040039062,134.78672790527344,118.74908447265625,144.19000244140625,50.83869552612305,33.48482131958008,70.11934661865234,20.49831771850586,36.82918167114258
2019-08-27,259.0120544433594,176.802978515625,132.7882843017578,120.57891082763672,145.57000732421875,50.798004150390625,33.54453659057617,69.91986083984375,20.37065887451172,36.77271270751953
2019-08-28,260.8359680175781,177.43569946289062,134.33750915527344,120.73407745361328,145.16000366210938,50.798004150390625,33.63834762573242,70.15000915527344,20.662446975708008,36.80564880371094
2019-08-29,264.1675720214844,180.14869689941406,136.6935272216797,120.27671813964844,144.1199951171875,51.23745346069336,34.01362228393555,70.69471740722656,20.965185165405273,37.44582748413086
2019-08-30,264.0502014160156,179.71726989746094,136.44598388671875,120.30935668945312,143.75,51.44091033935547,34.27802276611328,70.74840545654297,20.965185165405273,37.43642807006836
2019-09-03,262.50628662109375,177.9725341796875,134.44752502441406,120.46489715576172,145.75,51.34324645996094,34.06480407714844,71.45420837402344,20.863056182861328,36.979820251464844
2019-09-04,265.4857482910156,180.54171752929688,135.52920532226562,120.64485168457031,146.66000366210938,52.067535400390625,34.63624572753906,72.05260467529297,21.154848098754883,37.61058044433594
2019-09-05,268.8988342285156,183.84901428222656,138.05026245117188,118.45994567871094,143.13999938964844,52.34423828125,35.0285758972168,71.53092193603516,21.41745948791504,38.39669418334961
2019-09-06,269.10638427734375,183.66690063476562,137.417724609375,119.30286407470703,141.9199981689453,52.51513671875,35.18210220336914,71.69203186035156,21.53053092956543,38.363739013671875
2019-09-09,269.24188232421875,183.28343200683594,139.2603759765625,117.18338012695312,141.38999938964844,52.66976547241211,35.29297637939453,71.34679412841797,21.96092414855957,38.076602935791016
2019-09-10,269.1787109375,182.75619506835938,141.038818359375,115.12940216064453,140.17999267578125,52.75928497314453,35.318565368652344,70.6103286743164,22.219886779785156,37.883609771728516
2019-09-11,271.0928039550781,184.47213745117188,143.92648315429688,114.9248275756836,141.02999877929688,53.05225372314453,35.56589889526367,70.68704223632812,22.241769790649414,38.27901840209961
2019-09-12,272.03179931640625,185.23904418945312,143.9631805419922,114.1719741821289,141.32000732421875,53.36149597167969,35.821773529052734,71.0629653930664,22.103166580200195,38.48613357543945
2019-09-13,271.8512268066406,184.5775909423828,144.21067810058594,111.7333755493164,140.14999389648438,53.66261291503906,36.026466369628906,70.30345916748047,22.27824592590332,38.20369338989258
2019-09-16,271.0115661621094,183.75315856933594,144.75152587890625,113.15727996826172,141.32000732421875,53.182456970214844,35.7450065612793,70.91722106933594,23.025957107543945,38.10954666137695
2019-09-17,271.6977844238281,184.63510131835938,144.375732421875,113.7709732055664,141.60000610351562,53.36149597167969,35.7450065612793,71.68437194824219,22.704992294311523,38.264892578125
2019-09-18,271.8602294921875,184.55845642089844,143.48646545410156,114.25379943847656,140.7100067138672,53.2963981628418,35.60001754760742,71.43888092041016,22.595563888549805,38.260162353515625
2019-09-19,271.84222412109375,184.86520385742188,142.7897491455078,114.59747314453125,141.27999877929688,53.47542953491211,35.455020904541016,71.69203186035156,22.537206649780273,38.344905853271484
2019-09-20,270.55780029296875,182.9095458984375,142.48721313476562,116.11140441894531,142.9499969482422,53.35335922241211,35.48914337158203,71.69203186035156,22.555606842041016,37.89775466918945
2019-09-23,270.4942932128906,182.99026489257812,142.37722778320312,116.08683013916016,143.75,53.21500778198242,35.52325439453125,71.80712890625,22.562973022460938,38.01579666137695
2019-09-24,268.371826171875,180.55999755859375,140.22824096679688,117.48612213134766,144.50999450683594,53.011558532714844,35.14797592163086,71.64781188964844,22.205947875976562,37.64749526977539
2019-09-25,269.9591979980469,182.58676147460938,141.76454162597656,115.76774597167969,141.8300018310547,52.856929779052734,35.122398376464844,71.7869873046875,22.24275016784668,38.09605407714844
2019-09-26,269.3967590332031,181.91436767578125,140.1822509765625,116.51236724853516,141.7899932861328,53.05225372314453,35.11387252807617,72.39019775390625,21.951969146728516,38.13856506347656
2019-09-27,267.9454650878906,179.656982421875,139.05987548828125,116.79878234863281,141.05999755859375,52.87321472167969,34.66183090209961,71.98806762695312,21.94828987121582,37.62860107421875
2019-09-30,269.18817138671875,181.36683654785156,139.22547912597656,117.08519744873047,138.8699951171875,53.06852340698242,34.857994079589844,72.11180114746094,21.790016174316406,38.025238037109375
2019-10-01,265.9862365722656,179.8875732421875,136.49319458007812,117.43767547607422,139.6300048828125,52.54768753051758,34.610652923583984,71.43128204345703,21.285751342773438,37.67109680175781
2019-10-02,261.2875671386719,176.7945098876953,135.46286010742188,117.7245864868164,141.25999450683594,51.47346115112305,34.346256256103516,71.12969207763672,20.763092041015625,36.96281433105469
2019-10-03,263.4283752441406,178.7349090576172,135.9136505126953,118.79850006103516,141.89999389648438,51.81525802612305,34.789764404296875,71.81793975830078,20.987613677978516,37.41611099243164
2019-10-04,266.9930419921875,181.36683654785156,137.2015838623047,119.67558288574219,141.89999389648438,52.222164154052734,34.94327926635742,72.25100708007812,21.12012481689453,38.034690856933594
2019-10-07,265.8410949707031,180.8193359375,136.96241760253906,118.68370056152344,140.69000244140625,52.15705490112305,34.65329360961914,72.0963363647461,20.932403564453125,37.87413787841797
2019-10-08,261.7139587402344,178.11050415039062,134.7361297607422,119.00342559814453,141.9199981689453,51.66877746582031,34.40595626831055,71.71741485595703,20.57537078857422,37.180015563964844
2019-10-09,264.19927978515625,179.84913635253906,135.35247802734375,118.33116912841797,142.0500030517578,52.04312515258789,34.67036056518555,71.8565902709961,20.763092041015625,37.732479095458984
2019-10-10,265.9862365722656,181.2419891357422,135.895263671875,116.56867980957031,140.80999755859375,52.409339904785156,35.0285758972168,71.97260284423828,21.024423599243164,37.9921875
2019-10-11,268.74371337890625,183.5762176513672,138.1951446533203,115.1259765625,140.02999877929688,53.34523010253906,35.59148406982422,71.94165802001953,21.30783462524414,38.51632308959961
2019-10-14,268.4443359375,183.5570068359375,137.68914794921875,115.96212768554688,140.58999633789062,53.12549591064453,35.437957763671875,71.97260284423828,21.296798706054688,38.49270248413086
2019-10-15,271.10205078125,185.89117431640625,139.271484375,114.56033325195312,139.61000061035156,53.74398422241211,35.753536224365234,72.06539154052734,21.3851318359375,38.91767120361328
2019-10-16,270.66656494140625,185.4300994873047,139.41868591308594,114.69974517822266,140.41000366210938,53.82536697387695,35.85588836669922,72.07313537597656,21.08699607849121,38.648529052734375
2019-10-17,271.4649658203125,185.9200439453125,141.0653533935547,114.42101287841797,140.61000061035156,53.95558547973633,35.99235153198242,72.54486083984375,21.101722717285156,38.57297897338867
2019-10-18,270.2764892578125,184.1333770751953,140.39381408691406,114.42101287841797,140.4600067138672,53.93115234375,35.80470657348633,73.10165405273438,20.991294860839844,38.20467758178711
2019-10-21,272.1088562011719,185.76632690429688,141.70933532714844,113.56023406982422,139.7899932861328,54.224124908447266,36.12881851196289,73.65843200683594,21.366731643676758,38.615474700927734
2019-10-22,271.2200012207031,184.2870635986328,141.86575317382812,114.2242431640625,140.1999969482422,54.093929290771484,36.15439987182617,73.44188690185547,21.64278793334961,38.09605407714844
2019-10-23,272.0090637207031,184.64244079589844,142.04051208496094,114.33899688720703,140.52999877929688,54.386898040771484,36.162940979003906,73.60430908203125,21.823143005371094,38.12911605834961
2019-10-24,272.4535217285156,186.43875122070312,141.83815002441406,114.1094970703125,141.52999877929688,54.48454666137695,36.162940979003906,73.418701171875,21.731122970581055,38.686302185058594
2019-10-25,273.5693054199219,187.92759704589844,142.59246826171875,113.55207061767578,141.86000061035156,54.54151916503906,36.418800354003906,72.7923355102539,21.907800674438477,39.153770446777344
2019-10-28,275.111328125,189.78152465820312,143.82522583007812,112.51915740966797,140.63999938964844,54.78565979003906,36.63202667236328,72.35151672363281,21.782655715942383,39.64957046508789
2019-10-29,275.02960205078125,188.31182861328125,144.29441833496094,112.59292602539062,140.25,54.769386291503906,36.44438171386719,72.7923355102539,21.870986938476562,39.29069519042969
2019-10-30,275.87322998046875,189.22439575195312,143.81602478027344,114.2406234741211,141.02000427246094,54.99726104736328,36.606441497802734,73.05525207519531,21.425622940063477,39.53150939941406
2019-10-31,275.138427734375,189.31085205078125,143.0064697265625,115.78174591064453,142.42999267578125,54.86703872680664,36.31645202636719,72.92378234863281,21.33360481262207,39.50790786743164
2019-11-01,277.6872863769531,191.03028869628906,145.44435119628906,115.42538452148438,142.55999755859375,55.35532760620117,36.86231231689453,72.90830993652344,21.819461822509766,39.98009490966797
2019-11-04,278.8029479980469,192.2118377685547,146.22628784179688,113.90612030029297,142.14999389648438,55.640174865722656,37.22905731201172,72.39793395996094,22.529850006103516,40.187862396240234
2019-11-05,278.49462890625,192.3174591064453,146.41030883789062,112.62513732910156,139.85000610351562,55.53437042236328,37.44227600097656,71.1683578491211,22.559289932250977,40.14064025878906
2019-11-06,278.5580139160156,191.8852081298828,145.56396484375,113.30667877197266,140.4499969482422,55.50994873046875,37.32286834716797,71.32300567626953,22.099197387695312,40.12174606323242
2019-11-07,279.5377502441406,192.52877807617188,145.9502716064453,111.25379943847656,138.27000427246094,55.68085861206055,37.59580612182617,70.611572265625,22.430463790893555,40.4381103515625
2019-11-08,280.2272033691406,193.29722595214844,146.345947265625,110.7856674194336,137.38999938964844,55.64829635620117,37.254638671875,70.4414291381836,22.338449478149414,40.664772033691406
2019-11-11,279.6918640136719,193.03787231445312,146.06991577148438,110.85958099365234,137.05999755859375,55.57506561279297,36.99024200439453,70.59610748291016,22.213298797607422,40.683650970458984
2019-11-12,280.2815246582031,193.5950469970703,146.11590576171875,111.36875915527344,137.42999267578125,55.59946823120117,36.751434326171875,70.06250762939453,22.099197387695312,40.82059097290039
2019-11-13,280.3722839355469,193.64300537109375,145.4903564453125,112.09134674072266,137.97999572753906,55.40415954589844,36.469974517822266,70.70436096191406,22.003494262695312,40.91030502319336
2019-11-14,280.7803039550781,193.48934936523438,145.44435119628906,113.24922943115234,138.55999755859375,55.24953079223633,36.49555587768555,71.25341033935547,21.944608688354492,40.86308670043945
2019-11-15,282.8122253417969,194.9110107421875,146.19871520996094,113.12606811523438,138.2100067138672,55.59946823120117,36.785545349121094,71.64008331298828,22.113922119140625,41.1936149597168
2019-11-18,283.0207824707031,195.0647430419922,145.83070373535156,113.33136749267578,138.6199951171875,55.664573669433594,36.72584915161133,71.98806762695312,21.84522819519043,41.31637954711914
2019-11-19,282.9392395019531,195.35289001464844,146.37350463867188,114.27571105957031,138.69000244140625,55.591331481933594,36.80260467529297,72.11180114746094,21.521324157714844,41.396644592285156
2019-11-20,281.8869323730469,194.18096923828125,145.82156372070312,115.458251953125,138.75999450683594,55.241397857666016,36.64055633544922,72.07313537597656,21.738483428955078,41.14639663696289
2019-11-21,281.4334411621094,193.74868774414062,145.10397338867188,114.735595703125,138.0,55.168155670166016,36.563785552978516,71.06008911132812,22.09552001953125,40.938629150390625
2019-11-22,282.0592956542969,193.8736114501953,145.5547637939453,114.88333892822266,137.74000549316406,55.32278060913086,36.563785552978516,70.79716491699219,22.021900177001953,40.88669204711914
2019-11-25,284.24530029296875,196.16934204101562,148.64578247070312,115.22010803222656,137.0800018310547,55.76223373413086,36.9305419921875,71.02142333984375,22.043987274169922,41.48163986206055
2019-11-26,284.8892822265625,196.54397583007812,148.74697875976562,115.89347076416016,137.74000549316406,55.72969055175781,36.81965637207031,71.96488952636719,21.84154510498047,41.5194206237793
2019-11-27,286.15924072265625,197.91766357421875,149.7957305908203,115.55677032470703,137.00999450683594,55.87616729736328,36.86231231689453,72.30513000488281,21.896759033203125,41.750789642333984
2019-11-29,285.0979309082031,197.0146942138672,148.820556640625,115.31040954589844,137.86000061035156,55.48553466796875,36.28234100341797,71.97260284423828,21.675912857055664,41.628028869628906
2019-12-02,282.6761474609375,194.99752807617188,147.3670196533203,113.77300262451172,137.7899932861328,55.20071029663086,36.2738037109375,70.8822250366211,21.675912857055664,41.03306579589844
2019-12-03,280.7803039550781,193.47018432617188,146.8978729248047,116.15850830078125,139.11000061035156,54.99726104736328,36.08617401123047,71.33847045898438,21.352008819580078,40.66947555541992
2019-12-04,282.51287841796875,194.449951171875,147.90985107421875,114.99869537353516,138.9199981689453,55.501808166503906,36.35909652709961,71.6323471069336,21.672237396240234,40.834754943847656
2019-12-05,283.0207824707031,194.83419799804688,148.0570068359375,114.43928527832031,139.0,55.396026611328125,36.521141052246094,71.67101287841797,21.569169998168945,40.98585510253906
2019-12-06,285.60589599609375,196.9186248779297,149.7865447998047,113.80585479736328,137.6199951171875,55.90058898925781,36.734375,71.81793975830078,21.98141860961914,41.43914794921875
2019-12-09,284.7078857421875,196.0253143310547,149.5013427734375,114.05262756347656,137.5800018310547,55.60762023925781,36.589378356933594,71.95714569091797,21.95564842224121,41.221946716308594
2019-12-10,284.39044189453125,195.86204528808594,149.5933380126953,114.06087493896484,137.97000122070312,55.63202667236328,36.71731185913086,71.53955078125,21.99981689453125,41.2550048828125
2019-12-11,285.1977233886719,196.89939880371094,149.5473175048828,114.95751953125,138.9199981689453,55.92499542236328,37.254638671875,70.8126220703125,21.963008880615234,41.533592224121094
2019-12-12,287.6558837890625,198.36907958984375,150.8352813720703,113.0655517578125,138.42999267578125,56.29935836791992,37.9028434753418,69.85370635986328,22.367895126342773,41.97744369506836
2019-12-13,287.8282165527344,199.02232360839844,150.2556915283203,114.37342834472656,139.0500030517578,56.689971923828125,37.88579177856445,69.86917114257812,22.19858169555664,42.256038665771484
2019-12-16,289.80560302734375,201.0203094482422,151.3147735595703,113.34519958496094,139.0399932861328,57.29570007324219,38.20723342895508,70.371826171875,22.496719360351562,42.63380432128906
2019-12-17,289.869140625,201.13560485839844,152.07188415527344,113.18897247314453,139.00999450683594,56.966495513916016,38.5556755065918,69.70677947998047,22.511444091796875,42.53463363647461
2019-12-18,289.8872375488281,201.28929138183594,152.3673553466797,112.25941467285156,139.02000427246094,56.89242935180664,38.764747619628906,70.55638885498047,22.596099853515625,42.529911041259766
2019-12-19,291.07537841796875,202.547607421875,153.02288818359375,112.43905639648438,139.3800048828125,56.89242935180664,38.78217697143555,71.18167877197266,22.588735580444336,42.83681869506836
2019-12-20,292.35162353515625,203.36412048339844,153.24452209472656,112.58731079101562,139.52000427246094,56.93358612060547,38.860572814941406,71.5724868774414,22.805416107177734,43.08554458618164
2019-12-23,292.7982177734375,203.90130615234375,153.54917907714844,112.42252349853516,139.9499969482422,57.02410888671875,38.9128303527832,71.21297454833984,23.039567947387695,43.20869827270508
2019-12-24,292.807373046875,204.0071563720703,153.9000701904297,112.74384307861328,141.27000427246094,56.966495513916016,38.82572555541992,71.4005355834961,23.028419494628906,43.22291564941406
2019-12-26,294.3660583496094,205.807373046875,153.9000701904297,113.01569366455078,142.3800048828125,57.21339416503906,39.1044807434082,71.71318817138672,23.02098274230957,43.545047760009766
2019-12-27,294.2930908203125,205.634033203125,153.1429443359375,113.13936614990234,142.3300018310547,57.3121452331543,39.26128005981445,71.93985748291016,22.92435073852539,43.54030990600586
2019-12-30,292.6706237792969,204.28631591796875,152.75515747070312,112.72736358642578,142.6300048828125,56.88419723510742,38.99995040893555,72.01018524169922,22.85200309753418,43.28923034667969
2019-12-31,293.381591796875,204.67138671875,152.96749877929688,111.62335968017578,142.89999389648438,57.14755630493164,39.08705520629883,72.52605438232422,22.98215103149414,43.42662048339844
2020-01-02,296.1253662109375,208.08888244628906,153.069091796875,112.88392639160156,143.9499969482422,57.72364807128906,39.87977600097656,71.67411804199219,23.188854217529297,44.24142837524414
2020-01-03,293.8829345703125,206.1827850341797,152.4689178466797,114.62236785888672,145.86000061035156,57.00764465332031,39.13932418823242,72.11962127685547,23.119953155517578,43.74400329589844
2020-01-06,295.004150390625,207.51129150390625,152.67202758789062,113.97147369384766,147.38999938964844,57.229862213134766,39.04349899291992,72.20561981201172,23.299854278564453,43.848228454589844
2020-01-07,294.1746826171875,207.48233032226562,152.16421508789062,113.41124725341797,147.97000122070312,57.073482513427734,39.01736831665039,71.4005355834961,23.238615036010742,43.82927703857422
2020-01-08,295.7424621582031,209.04188537597656,152.63510131835938,112.66149139404297,146.86000061035156,57.23807907104492,39.243858337402344,71.61939239501953,22.855831146240234,44.298282623291016
2020-01-09,297.74774169921875,210.813232421875,152.8197479248047,113.056884765625,146.02999877929688,57.369754791259766,39.505191802978516,71.58030700683594,23.02425765991211,44.80042266845703
2020-01-10,296.89105224609375,210.27413940429688,152.247314453125,114.06210327148438,146.91000366210938,57.15577697753906,39.714271545410156,72.1274642944336,22.894113540649414,44.69622039794922
2020-01-13,298.9328308105469,212.7000274658203,153.23526000976562,113.71610260009766,145.82000732421875,57.452049255371094,40.332759857177734,72.99504852294922,22.901771545410156,45.25520324707031
2020-01-14,298.4770202636719,211.86253356933594,153.7985076904297,114.30104064941406,145.69000244140625,57.50966262817383,40.10626983642578,72.7214584350586,22.905590057373047,45.042030334472656
2020-01-15,299.1514892578125,211.9491424560547,154.5371551513672,115.05906677246094,146.5399932861328,57.50966262817383,39.79266357421875,73.37801361083984,22.737171173095703,45.09413528442383
2020-01-16,301.63995361328125,213.98040771484375,156.53155517578125,114.69656372070312,146.30999755859375,57.748321533203125,40.0452880859375,73.9642333984375,22.775455474853516,45.70050811767578
2020-01-17,302.5788879394531,215.03927612304688,156.10682678222656,113.71610260009766,146.5800018310547,57.92115020751953,40.27177810668945,74.03457641601562,22.629993438720703,46.0084342956543
2020-01-21,301.9863586425781,214.9430389404297,154.81417846679688,114.9107666015625,146.74000549316406,57.46028137207031,39.2525749206543,74.73805236816406,22.2242431640625,45.98948669433594
2020-01-22,302.02276611328125,215.51100158691406,154.71258544921875,115.31448364257812,146.7899932861328,57.57550811767578,39.57489013671875,74.23782348632812,22.009885787963867,46.15528106689453
2020-01-23,302.36920166015625,216.20408630371094,154.61102294921875,116.12186431884766,147.1199951171875,57.43559646606445,39.165462493896484,74.86310577392578,21.92568016052246,46.37320327758789
2020-01-24,299.68017578125,214.38465881347656,152.70896911621094,117.0611572265625,147.97999572753906,57.1887092590332,38.85185241699219,74.60517120361328,21.673046112060547,46.15528106689453
2020-01-27,294.87646484375,209.95643615722656,150.97312927246094,118.88201141357422,148.99000549316406,56.003623962402344,37.510337829589844,74.2456283569336,21.072080612182617,45.05624771118164
2020-01-28,297.966552734375,213.1813507080078,152.22886657714844,117.95096588134766,147.66000366210938,56.53032302856445,37.82393264770508,74.54263305664062,21.16777229309082,45.918434143066406
2020-01-29,297.72039794921875,213.52789306640625,151.36087036132812,119.10442352294922,148.4600067138672,56.538543701171875,38.006874084472656,74.26907348632812,20.945758819580078,46.03685760498047
2020-01-30,298.6866760253906,214.28843688964844,151.36087036132812,119.12091064453125,148.47000122070312,56.489173889160156,37.44064712524414,74.32379150390625,21.114181518554688,46.434783935546875
2020-01-31,293.26318359375,210.89019775390625,148.22161865234375,120.20848083496094,149.3300018310547,55.53451156616211,36.682777404785156,73.4170913696289,20.45579719543457,45.160457611083984
2020-02-03,295.44171142578125,214.07662963867188,149.87435913085938,120.11109924316406,148.36000061035156,55.66618728637695,37.092201232910156,73.659423828125,20.187850952148438,45.75735855102539
2020-02-04,299.9445495605469,218.97659301757812,152.1365509033203,118.49357604980469,146.42999267578125,56.596160888671875,38.05043029785156,74.41758728027344,20.260583877563477,46.95589065551758
2020-02-05,303.4083251953125,219.69854736328125,154.48175048828125,117.19781494140625,146.61000061035156,57.13932800292969,38.26820755004883,74.46446228027344,21.02231216430664,47.23064041137695
2020-02-06,304.42919921875,221.59495544433594,154.13092041015625,117.72604370117188,147.39999389648438,57.29570007324219,38.303043365478516,74.71458435058594,20.807958602905273,47.66173553466797
2020-02-07,302.80670166015625,220.6419677734375,152.23809814453125,119.19506072998047,147.7899932861328,56.75251770019531,37.77166748046875,74.69895935058594,20.66250228881836,47.22591018676758
2020-02-10,305.0672912597656,223.3085479736328,153.0967559814453,119.52522277832031,148.1699981689453,56.86773681640625,37.98073959350586,75.53529357910156,20.559154510498047,47.86545181274414
2020-02-11,305.59600830078125,223.3470458984375,154.15863037109375,118.92271423339844,147.66000366210938,57.254539489746094,38.47727584838867,76.10584259033203,20.788816452026367,47.70438003540039
2020-02-12,307.56488037109375,225.5226593017578,155.22042846679688,118.32024383544922,147.5399932861328,57.452049255371094,38.99995040893555,76.55921173095703,21.068248748779297,48.220741271972656
2020-02-13,307.23663330078125,225.2338409423828,155.62669372558594,118.7741470336914,148.3800048828125,57.04879379272461,38.48598861694336,77.0203628540039,21.003175735473633,48.092830657958984
2020-02-14,307.72894287109375,225.8788299560547,155.02650451660156,119.29412841796875,149.0,56.95003890991211,38.50341033935547,77.81761169433594,20.892168045043945,48.30127716064453
2020-02-18,306.93597412109375,225.96548461914062,154.69410705566406,120.11109924316406,150.91000366210938,56.58792495727539,38.25079345703125,77.73162078857422,20.719921112060547,48.12125778198242
2020-02-19,308.40350341796875,228.13145446777344,155.48817443847656,120.10284423828125,151.7899932861328,56.7772102355957,38.529544830322266,76.68427276611328,20.99551773071289,48.69447708129883
2020-02-20,307.1364440917969,226.01365661621094,155.86672973632812,121.04368591308594,152.41000366210938,56.439788818359375,37.928470611572266,77.59876251220703,20.972551345825195,48.18757629394531
2020-02-21,303.97344970703125,221.67205810546875,154.287841796875,122.17430877685547,154.6999969482422,56.17643737792969,37.710697174072266,77.82542419433594,20.723745346069336,47.10748291015625
2020-02-24,293.8920593261719,213.1236114501953,149.6435089111328,123.99815368652344,156.08999633789062,53.929718017578125,36.299476623535156,76.76243591308594,19.766794204711914,45.160457611083984
2020-02-25,284.9864807128906,207.32838439941406,144.32518005371094,124.65841674804688,153.3000030517578,53.0408935546875,36.01200866699219,74.68331909179688,18.894052505493164,43.71559143066406
2020-02-26,283.9382629394531,208.39686584472656,142.65394592285156,123.99815368652344,153.97000122070312,53.10673522949219,36.299476623535156,73.87825775146484,18.32370948791504,43.914554595947266
2020-02-27,271.1861572265625,197.96165466308594,137.6310577392578,125.3433837890625,154.0,51.53485107421875,35.42836380004883,69.94673156738281,17.343793869018555,41.54592514038086
2020-02-28,270.0467834472656,198.11570739746094,135.11041259765625,128.17405700683594,148.3800048828125,51.22211837768555,35.29769515991211,68.2584457397461,17.328479766845703,41.86330795288086
2020-03-02,281.7415771484375,208.3391571044922,139.44998168945312,127.2309799194336,149.1999969482422,51.8805046081543,36.06428146362305,71.17386627197266,18.02897071838379,44.28406524658203
2020-03-03,273.674560546875,201.65829467773438,136.60618591308594,129.2063751220703,153.88999938964844,51.460784912109375,35.82036209106445,71.0097427368164,17.477766036987305,42.60234069824219
2020-03-04,285.1779479980469,210.07192993164062,140.49337768554688,127.83442687988281,154.16000366210938,52.9997444152832,36.45628356933594,73.69066619873047,17.891172409057617,44.430931091308594
2020-03-05,275.6981506347656,203.6894989013672,136.0244903564453,131.0164031982422,157.49000549316406,51.59245300292969,35.689697265625,72.11180877685547,17.236614227294922,43.028682708740234
2020-03-06,271.1405334472656,200.25282287597656,133.3283233642578,137.83493041992188,157.5500030517578,50.81884765625,34.95796203613281,70.8690414428711,16.268178939819336,42.1191291809082
2020-03-09,249.96591186523438,186.34234619140625,120.3648452758789,141.57078552246094,157.80999755859375,46.876792907714844,32.57109451293945,65.40554809570312,12.991575241088867,38.921470642089844
2020-03-10,262.90045166015625,196.4888153076172,124.12277221679688,134.31411743164062,154.47999572753906,48.605045318603516,34.226226806640625,68.16886138916016,13.607851028442383,41.517494201660156
2020-03-11,250.0844268798828,187.9307861328125,116.22834014892578,129.3717041015625,153.92999267578125,46.127891540527344,32.63207244873047,64.07273864746094,12.888224601745605,39.55625534057617
2020-03-12,226.1570587158203,170.69911193847656,103.38487243652344,130.1733856201172,147.7899932861328,41.05834197998047,29.365386962890625,57.581974029541016,11.280545234680176,35.69538497924805
2020-03-13,245.4904327392578,185.1582794189453,110.30982208251953,127.2309799194336,143.27999877929688,43.543739318847656,31.48219871520996,62.60757827758789,12.321708679199219,39.88314437866211
2020-03-16,218.62791442871094,162.97853088378906,95.67509460449219,135.4712371826172,141.63999938964844,39.05028533935547,27.553455352783203,51.5086784362793,10.645127296447754,34.373680114746094
2020-03-17,230.43206787109375,175.33914184570312,100.06089782714844,126.43759155273438,143.55999755859375,40.95135498046875,29.452495574951172,54.48624038696289,10.717859268188477,36.71389389038086
2020-03-18,218.7646484375,170.0060272216797,92.30496978759766,119.30491638183594,140.6999969482422,38.60587692260742,26.908832550048828,49.30308532714844,9.17908000946045,35.33060836791992
2020-03-19,219.22952270507812,171.02639770507812,95.90592956542969,122.5531005859375,138.0399932861328,39.20664978027344,27.117897033691406,49.476383209228516,9.803011894226074,35.45851516723633
2020-03-20,209.781982421875,164.32627868652344,93.62531280517578,131.7685089111328,140.11000061035156,38.72108840942383,27.318260192871094,47.010833740234375,9.898707389831543,33.83363723754883
2020-03-23,204.41824340820312,164.4449462890625,92.2403335571289,137.19857788085938,146.3000030517578,38.26844787597656,26.664920806884766,44.828853607177734,9.224027633666992,33.524566650390625
2020-03-24,222.93923950195312,177.17916870117188,100.67951202392578,134.64476013183594,153.39999389648438,41.510982513427734,28.668487548828125,48.861961364746094,10.703315734863281,36.95798873901367
2020-03-25,226.27664184570312,175.86712646484375,101.93083953857422,134.33897399902344,151.3000030517578,42.86066818237305,29.678985595703125,51.4929313659668,11.208152770996094,36.91038513183594
2020-03-26,239.48890686035156,185.1283721923828,108.27081298828125,135.00015258789062,153.24000549316406,44.7782096862793,30.80272674560547,55.124290466308594,11.89300537109375,39.196144104003906
2020-03-27,232.35556030273438,178.76124572753906,104.33148956298828,138.60366821289062,152.25,43.502586364746094,29.051774978637695,55.1794319152832,11.086832046508789,37.42466735839844
2020-03-30,239.90150451660156,185.2634735107422,106.63021850585938,137.46304321289062,152.9199981689453,44.38317108154297,29.530900955200195,56.38462829589844,11.200326919555664,39.00089645385742
2020-03-31,236.3256378173828,183.6813201904297,106.09259033203125,136.3473358154297,148.0500030517578,43.996376037597656,29.73125648498535,55.021888732910156,11.372516632080078,38.27231216430664
2020-04-01,225.68984985351562,175.87681579589844,98.86280822753906,138.25762939453125,149.4499969482422,42.045921325683594,28.459421157836914,51.406280517578125,10.808978080749512,36.44845199584961
2020-04-02,230.89772033691406,179.44622802734375,99.79895782470703,139.13502502441406,151.89999389648438,42.868896484375,29.41765022277832,51.57958984375,11.79908561706543,37.30086135864258
2020-04-03,227.56031799316406,176.89938354492188,96.97195434570312,139.4661102294922,152.64999389648438,41.88955307006836,28.860136032104492,50.83125686645508,11.673853874206543,36.72465515136719
2020-04-06,242.84461975097656,189.54673767089844,104.39639282226562,139.1018829345703,156.8800048828125,44.111595153808594,30.436851501464844,54.596534729003906,12.292180061340332,39.858062744140625
2020-04-07,243.09226989746094,189.4695587158203,104.6651840209961,137.6450958251953,156.0399932861328,44.358482360839844,30.593660354614258,55.10067367553711,12.55438232421875,39.50090408325195
2020-04-08,251.2523956298828,193.49246215820312,109.4386978149414,136.6436004638672,154.64999389648438,44.72059631347656,30.907264709472656,58.85805892944336,13.391860961914062,40.562835693359375
2020-04-09,255.07586669921875,193.772216796875,114.67566680908203,136.89195251464844,158.69000244140625,45.732852935791016,30.79401397705078,62.15858840942383,13.270549774169922,40.572349548339844
2020-04-13,252.74693298339844,195.86563110351562,111.57056427001953,135.64210510253906,161.41000366210938,45.29668045043945,30.83757209777832,59.543373107910156,13.227496147155762,40.662837982177734
2020-04-14,260.20111083984375,204.3840789794922,113.83218383789062,135.6090087890625,162.67999267578125,46.10319900512695,31.54317283630371,61.21333694458008,13.164883613586426,42.367637634277344
2020-04-15,254.67242431640625,202.03977966308594,109.18842315673828,139.20118713378906,161.85000610351562,44.66298294067383,30.733036041259766,58.78717041015625,12.54655647277832,41.443817138671875
2020-04-16,255.90098571777344,205.72500610351562,108.3635025024414,140.78204345703125,161.7100067138672,44.68767547607422,30.898548126220703,58.11761474609375,12.01041030883789,41.948577880859375
2020-04-17,262.8143310546875,207.6929931640625,113.13701629638672,138.89500427246094,158.57000732421875,45.872764587402344,31.586727142333984,59.9529914855957,13.286197662353516,42.5057373046875
2020-04-20,258.18408203125,205.23301696777344,111.80229187011719,140.01235961914062,159.6999969482422,45.18968963623047,31.186019897460938,57.7237548828125,12.871376037597656,41.82477569580078
2020-04-21,250.3447723388672,197.65997314453125,109.13282012939453,141.77537536621094,158.61000061035156,44.309104919433594,30.3236141204834,56.67609786987305,12.644392967224121,40.072349548339844
2020-04-22,255.90098571777344,203.5254364013672,110.4582748413086,140.32684326171875,161.72999572753906,45.05801010131836,31.151168823242188,57.542598724365234,13.094438552856445,41.615238189697266
2020-04-23,255.8826446533203,203.0913543701172,111.5427474975586,141.07180786132812,163.33999633789062,44.91810607910156,31.037935256958008,57.062076568603516,13.517094612121582,41.32951736450195
2020-04-24,259.4493408203125,206.294189453125,113.46142578125,141.40284729003906,162.63999938964844,45.43659210205078,30.994373321533203,57.30626678466797,13.548401832580566,42.20571517944336
2020-04-27,263.1902160644531,207.95352172851562,117.95687866210938,138.77078247070312,161.55999755859375,46.03736114501953,31.62156867980957,59.26768112182617,13.841909408569336,42.5676383972168
2020-04-28,261.97991943359375,204.0367431640625,119.671630859375,140.36817932128906,160.83999633789062,46.38300704956055,31.68255043029785,59.756065368652344,14.158899307250977,42.00096130371094
2020-04-29,268.83819580078125,211.27212524414062,125.55745697021484,139.63986206054688,161.72999572753906,47.54341506958008,32.60593795776367,60.65403747558594,15.207703590393066,43.72480773925781
2020-04-30,266.3351135253906,211.18527221679688,120.78392028808594,138.0093536376953,158.8000030517578,46.55583572387695,31.917760848999023,59.9529914855957,14.8711519241333,43.529563903808594
2020-05-01,259.2843017578125,205.23301696777344,115.9918441772461,139.191162109375,159.77999877929688,45.5435676574707,30.767879486083984,57.92857360839844,14.029755592346191,42.33431625366211
2020-05-04,259.99957275390625,207.62545776367188,116.4924087524414,138.5364532470703,160.33999633789062,45.52711868286133,31.098913192749023,57.644989013671875,14.515027046203613,42.89623260498047
2020-05-05,262.4016418457031,209.97940063476562,117.3914794921875,137.64956665039062,161.02000427246094,45.60940933227539,31.27312660217285,57.92857360839844,14.526765823364258,43.48671340942383
2020-05-06,260.6228942871094,211.27212524414062,116.52945709228516,135.42855834960938,158.9499969482422,45.313140869140625,31.177316665649414,56.888771057128906,14.147160530090332,43.82480239868164
2020-05-07,263.7677307128906,213.99258422851562,118.12371826171875,137.69105529785156,161.38999938964844,45.99620819091797,31.429931640625,57.70012283325195,14.515027046203613,44.48197555541992
2020-05-08,268.1322021484375,216.92530822753906,122.6840591430664,135.90097045898438,160.4199981689453,46.778038024902344,32.091983795166016,59.070743560791016,15.176401138305664,45.134368896484375
2020-05-11,268.187255859375,218.86441040039062,122.07230377197266,134.8402099609375,159.4199981689453,46.73688888549805,31.882919311523438,58.2121467590332,14.910283088684082,45.43437957763672
2020-05-12,262.84173583984375,214.281982421875,117.68807983398438,136.22413635253906,160.0399932861328,46.144351959228516,31.760955810546875,55.56541442871094,14.648085594177246,44.496253967285156
2020-05-13,258.1932373046875,211.60009765625,113.74878692626953,137.17730712890625,161.5800018310547,45.790470123291016,31.699974060058594,54.218421936035156,13.982794761657715,43.729576110839844
2020-05-14,261.2831115722656,214.002197265625,114.11953735351562,138.5198516845703,163.00999450683594,45.354286193847656,31.82193374633789,54.40747833251953,14.139333724975586,44.28672409057617
2020-05-15,262.48419189453125,215.39141845703125,115.93624114990234,138.1635284423828,163.92999267578125,45.39543533325195,31.386371612548828,54.19480514526367,14.084542274475098,44.510555267333984
2020-05-18,270.47943115234375,219.40464782714844,122.98067474365234,135.13023376464844,162.69000244140625,47.230674743652344,32.614646911621094,57.40079116821289,15.235098838806152,45.601043701171875
2020-05-19,267.7013244628906,218.85472106933594,120.55217742919922,135.6357421875,164.25999450683594,46.580528259277344,32.35331726074219,56.62883758544922,14.80853271484375,45.43437957763672
2020-05-20,272.24896240234375,223.2248992919922,124.20415496826172,136.04177856445312,164.64999389648438,47.551631927490234,32.78016662597656,57.13298034667969,15.399467468261719,46.429630279541016
2020-05-21,270.36932373046875,220.79379272460938,124.42660522460938,136.38162231445312,162.25,47.000244140625,32.40558624267578,57.18022918701172,15.152923583984375,45.78200149536133
2020-05-22,270.88287353515625,221.55593872070312,125.02912139892578,137.20213317871094,163.2100067138672,46.86856460571289,31.734825134277344,57.952205657958984,15.05899715423584,45.948673248291016
2020-05-26,274.2201843261719,220.95782470703125,128.63473510742188,135.3623046875,160.88999938964844,48.210025787353516,32.43171310424805,60.11841583251953,15.477737426757812,45.90105438232422
2020-05-27,278.30035400390625,222.16371154785156,132.62962341308594,135.1136016845703,161.17999267578125,48.794334411621094,32.536251068115234,61.315738677978516,15.677326202392578,46.162960052490234
2020-05-28,277.7870178222656,221.87429809570312,129.4874725341797,134.61634826660156,161.72000122070312,49.25519943237305,32.30976104736328,61.60718536376953,15.239015579223633,46.072471618652344
2020-05-29,279.02471923828125,225.12538146972656,128.74595642089844,135.5777587890625,162.91000366210938,49.08237838745117,32.86727523803711,60.992774963378906,15.168575286865234,46.6534538269043
2020-06-01,280.1524658203125,225.8006591796875,129.9787139892578,134.6648712158203,163.66000366210938,50.17693328857422,33.625144958496094,62.40279006958008,15.434690475463867,46.639156341552734
2020-06-02,282.47216796875,227.3152618408203,131.05393981933594,134.17527770996094,162.60000610351562,50.646034240722656,34.42658233642578,62.90692138671875,15.865168571472168,47.07726287841797
2020-06-03,286.2314758300781,228.33787536621094,134.2146453857422,132.3911590576172,159.60000610351562,51.855804443359375,35.22800827026367,64.92346954345703,16.330873489379883,47.44394302368164
2020-06-04,285.4795837402344,226.7364501953125,134.01995849609375,130.4742431640625,161.27999877929688,51.63360595703125,34.73147201538086,64.27754974365234,16.33478355407715,47.053466796875
2020-06-05,292.7962341308594,231.2320098876953,139.20132446289062,129.54489135742188,158.00999450683594,52.52241516113281,35.646141052246094,66.71160125732422,17.54796028137207,48.29157638549805
2020-06-08,296.3353576660156,233.0264129638672,141.89859008789062,130.04275512695312,159.72000122070312,53.20549392700195,35.863922119140625,68.36578369140625,18.338481903076172,48.53444290161133
2020-06-09,294.1257019042969,234.7146453857422,139.27548217773438,131.5198516845703,161.25999450683594,52.51418685913086,35.62001037597656,67.23147583007812,17.64970588684082,48.76302719116211
2020-06-10,292.4844055175781,237.53155517578125,135.4937286376953,133.469970703125,163.57000732421875,52.39897155761719,35.881343841552734,65.52214813232422,16.780921936035156,49.577327728271484
2020-06-11,275.6230773925781,225.7620849609375,125.15885162353516,135.9926300048828,162.38999938964844,49.59261703491211,34.00844192504883,61.315738677978516,15.19987964630127,46.734397888183594
2020-06-12,278.9239501953125,227.55645751953125,128.16200256347656,134.6815185546875,162.6199951171875,50.448516845703125,34.73147201538086,63.513450622558594,15.583404541015625,47.339176177978516
2020-06-15,281.52777099609375,230.32518005371094,131.12513732910156,134.7561798095703,162.3300018310547,50.655517578125,34.416053771972656,64.41144561767578,15.630359649658203,47.79633331298828
2020-06-16,286.946533203125,234.2804718017578,134.27789306640625,132.6898651123047,162.25,51.28150177001953,34.63508987426758,65.67967987060547,16.080411911010742,48.815406799316406
2020-06-17,285.7546081542969,235.02333068847656,131.85049438476562,133.23764038085938,162.55999755859375,51.47347640991211,34.96803665161133,64.72652435302734,15.532525062561035,48.805877685546875
2020-06-18,285.8645935058594,235.6600341796875,131.80401611328125,134.64830017089844,162.24000549316406,51.19804000854492,34.98556137084961,64.0176010131836,15.724284172058105,49.024940490722656
2020-06-19,284.23095703125,235.6214599609375,131.12513732910156,134.7561798095703,164.02999877929688,50.9476432800293,34.9767951965332,63.088096618652344,15.485564231872559,48.686824798583984
2020-06-22,286.0542907714844,238.44717407226562,132.4364471435547,134.77281188964844,165.08999633789062,51.556941986083984,35.406124114990234,63.02505874633789,15.557307243347168,49.604129791259766
2020-06-23,287.37127685546875,240.47659301757812,132.99444580078125,133.85162353515625,166.47999572753906,51.84073257446289,35.747833251953125,62.76512145996094,15.573160171508789,49.9622688293457
2020-06-24,280.0407409667969,235.51902770996094,128.67913818359375,135.2872772216797,165.89999389648438,50.51362228393555,35.27469253540039,60.977020263671875,14.709087371826172,48.83534240722656
2020-06-25,283.0429992675781,237.76104736328125,130.6228485107422,135.67724609375,165.8000030517578,51.23142623901367,35.423648834228516,61.75584411621094,14.990504264831543,49.460872650146484
2020-06-26,276.3202819824219,232.1463165283203,127.10734558105469,137.12957763671875,166.5399932861328,50.48857498168945,34.99432373046875,60.57050704956055,14.471268653869629,48.486751556396484
2020-06-29,280.3814697265625,234.67823791503906,131.26461791992188,136.69796752929688,166.6300048828125,50.89756393432617,35.15203094482422,61.739933013916016,14.665487289428711,49.01678466796875
2020-06-30,283.9731140136719,239.27825927734375,133.1618194580078,136.0341033935547,167.3699951171875,50.805755615234375,35.03813171386719,62.47178268432617,15.002397537231445,49.895408630371094
2020-07-01,285.9622497558594,242.07113647460938,131.8970184326172,135.77000427246094,166.6199951171875,50.99772262573242,35.43240737915039,63.91167068481445,14.637740135192871,49.976600646972656
2020-07-02,287.5370178222656,243.71400451660156,132.4364471435547,135.91114807128906,166.97999572753906,51.556941986083984,36.23848342895508,63.72871780395508,14.800251007080078,50.267887115478516
2020-07-06,291.9758605957031,249.7056427001953,133.3943328857422,135.3545379638672,167.97999572753906,52.39994812011719,37.79807662963867,63.696895599365234,14.843851089477539,51.14650344848633
2020-07-07,288.9645080566406,247.98545837402344,131.03207397460938,137.25706481933594,169.0399932861328,51.6320686340332,37.16722869873047,62.43202209472656,14.372174263000488,50.6116828918457
2020-07-08,291.1745910644531,251.25184631347656,132.00860595703125,136.7087860107422,170.08999633789062,52.06608200073242,38.131019592285156,62.344520568847656,14.360285758972168,51.43778991699219
2020-07-09,289.5169982910156,253.36827087402344,129.3394317626953,138.88540649414062,169.6300048828125,51.47347640991211,38.131019592285156,61.95469284057617,13.650792121887207,51.6240119934082
2020-07-10,292.4731140136719,255.0980987548828,131.42266845703125,138.18759155273438,169.19000244140625,52.024356842041016,37.88569259643555,62.14563751220703,14.086792945861816,51.60969161987305
2020-07-13,289.94061279296875,249.85060119628906,129.7579803466797,138.64453125,169.39999389648438,51.69049072265625,37.6316032409668,61.405799865722656,14.011481285095215,50.54005432128906
2020-07-14,293.6979675292969,251.61911010742188,131.9062957763672,138.84393310546875,170.19000244140625,52.450035095214844,37.68416976928711,61.92290496826172,14.50297737121582,51.12261962890625
2020-07-15,296.3962707519531,252.13128662109375,136.74249267578125,138.19586181640625,170.33999633789062,53.042640686035156,37.79807662963867,62.527496337890625,14.8161039352417,51.39958190917969
2020-07-16,295.4200439453125,250.4111328125,135.933349609375,138.8522491455078,168.72999572753906,52.70042419433594,37.263607025146484,61.77970886230469,14.748720169067383,50.76449203491211
2020-07-17,296.2765808105469,250.7010040283203,136.33326721191406,138.56149291992188,170.1199951171875,53.00925064086914,37.4738883972168,62.583160400390625,14.542610168457031,51.0128059387207
2020-07-20,298.6708984375,257.81365966796875,135.74737548828125,138.90208435058594,170.94000244140625,53.26799392700195,37.95578384399414,61.835391998291016,14.30083179473877,52.316402435302734
2020-07-21,299.3063049316406,255.1270294189453,137.67250061035156,138.98519897460938,173.0,53.37650680541992,38.30625915527344,61.98652267456055,15.164908409118652,51.79115676879883
2020-07-22,301.010009765625,256.0257263183594,137.74691772460938,139.4005584716797,175.6300048828125,53.518394470214844,38.139774322509766,62.933189392089844,14.97861385345459,52.20656967163086
2020-07-23,297.41845703125,249.33840942382812,137.8863983154297,141.02894592285156,177.17999267578125,53.09272384643555,37.83311462402344,62.67067337036133,14.9508695602417,50.85043716430664
2020-07-24,295.5028076171875,246.97073364257812,135.8589324951172,141.02059936523438,178.6999969482422,52.80058670043945,37.79807662963867,62.20927047729492,14.867632865905762,50.23444747924805
2020-07-27,297.65789794921875,251.37742614746094,137.2726287841797,140.49717712402344,182.22999572753906,53.49335861206055,38.385108947753906,62.7979621887207,14.883482933044434,51.027122497558594
2020-07-28,295.76995849609375,248.1787872314453,135.9054412841797,141.46925354003906,183.75,53.15114974975586,38.0696907043457,64.04692077636719,14.629812240600586,50.43022918701172
2020-07-29,299.4076232910156,251.03921508789062,138.90011596679688,141.22836303710938,185.1300048828125,53.71036148071289,38.68301010131836,65.28793334960938,14.935011863708496,51.16083526611328
2020-07-30,298.33935546875,252.35353088378906,138.35140991210938,142.15887451171875,183.75999450683594,52.91743469238281,38.192352294921875,64.86627960205078,14.348390579223633,51.44732666015625
2020-07-31,300.6968688964844,256.8569030761719,137.0493927001953,142.0674591064453,185.42999267578125,51.7906494140625,37.929508209228516,64.74697875976562,14.281015396118164,52.73185729980469
2020-08-03,302.78741455078125,260.32623291015625,139.28146362304688,141.3521270751953,185.63999938964844,52.80058670043945,38.192352294921875,63.88780975341797,14.332542419433594,54.030677795410156
2020-08-04,303.9569396972656,261.2927551269531,140.23939514160156,142.69956970214844,189.58999633789062,53.09272384643555,38.700531005859375,64.84242248535156,14.681344032287598,54.16916275024414
2020-08-05,305.8448181152344,261.9400939941406,143.0294647216797,141.45191955566406,191.35000610351562,53.26799392700195,39.12109375,64.5162582397461,14.83592414855957,54.369728088378906
2020-08-06,307.8891906738281,265.4094543457031,142.97372436523438,142.24212646484375,193.88999938964844,53.3264274597168,39.24375534057617,64.61969757080078,14.717012405395508,55.13373947143555
2020-08-07,308.1102600097656,262.3460388183594,145.24293518066406,141.29391479492188,190.80999755859375,53.10940933227539,38.43768310546875,65.54248809814453,14.736831665039062,54.31241989135742
2020-08-10,309.0311584472656,261.2249755859375,146.74961853027344,140.66184997558594,190.14999389648438,53.284690856933594,38.5340576171875,65.64588928222656,15.192652702331543,54.15961837768555
2020-08-11,306.48028564453125,256.2770690917969,145.9033203125,138.99002075195312,179.94000244140625,53.476661682128906,38.42892074584961,64.69923400878906,15.141127586364746,53.185489654541016
2020-08-12,310.75323486328125,262.7229309082031,146.49850463867188,137.725830078125,179.10000610351562,54.66188049316406,38.94585418701172,65.35155487060547,15.291748046875,54.39360427856445
2020-08-13,310.1915283203125,263.32208251953125,146.19161987304688,136.25367736816406,183.3300018310547,54.419822692871094,38.83195495605469,64.548095703125,14.99446964263916,54.4174690246582
2020-08-14,310.20074462890625,263.01287841796875,146.0985870361328,135.7213592529297,182.5399932861328,54.08597183227539,38.761863708496094,64.55606079101562,15.137161254882812,54.379268646240234
2020-08-17,311.1861267089844,266.0665588378906,146.8519287109375,136.0623779296875,186.5,54.49494552612305,39.252525329589844,65.0810775756836,15.04996109008789,54.742183685302734
2020-08-18,311.8583679199219,268.62750244140625,145.4475555419922,137.0354766845703,188.17999267578125,54.4615592956543,39.208709716796875,64.77082061767578,14.85970687866211,54.94750213623047
2020-08-19,310.5599365234375,266.82037353515625,145.45684814453125,136.1788330078125,182.24000549316406,54.21950912475586,38.72682189941406,63.633235931396484,14.689271926879883,54.88066864013672
2020-08-20,311.52691650390625,270.5216979980469,144.86166381835938,137.4097900390625,183.5,54.04423141479492,38.604148864746094,64.23782348632812,14.372174263000488,55.61125946044922
2020-08-21,312.6318664550781,272.3964538574219,143.79212951660156,138.23313903808594,182.02999877929688,53.768795013427734,38.796905517578125,64.34125518798828,14.281015396118164,56.3179817199707
2020-08-24,315.7998352050781,274.0973205566406,145.2987518310547,138.00860595703125,181.0,54.47825241088867,39.22623825073242,64.75491333007812,14.673412322998047,56.805049896240234
2020-08-25,316.9049987792969,276.2522888183594,145.45684814453125,136.95225524902344,181.22000122070312,54.51163864135742,39.620506286621094,64.92198181152344,14.467304229736328,57.09154510498047
2020-08-26,320.0821228027344,282.1473388671875,144.54542541503906,136.42832946777344,183.36000061035156,54.828819274902344,39.72565460205078,64.32534790039062,14.162102699279785,58.25190734863281
2020-08-27,320.78204345703125,281.2678527832031,144.89883422851562,134.1077423095703,181.24000549316406,54.269588470458984,39.39270782470703,65.27201080322266,14.18984603881836,58.29965591430664
2020-08-28,322.8541259765625,282.6982727050781,146.12646484375,134.0079803466797,184.38999938964844,54.653533935546875,39.90965270996094,65.70156860351562,14.443519592285156,58.81060028076172
2020-08-31,321.68450927734375,284.9692077636719,144.5547332763672,134.8979034423828,184.8300018310547,54.2362060546875,39.02470779418945,65.03335571289062,14.130395889282227,58.996829986572266
2020-09-01,324.7143249511719,289.8398132324219,146.210205078125,136.44088745117188,185.0500030517578,54.29462814331055,39.69060134887695,65.0810775756836,14.035266876220703,60.12376022338867
2020-09-02,329.4110107421875,292.58441162109375,147.37277221679688,137.7397918701172,182.6199951171875,55.02078628540039,39.5854606628418,66.29027557373047,13.967888832092285,60.65857696533203
2020-09-03,318.0745544433594,277.75030517578125,143.02020263671875,138.13119506835938,181.13999938964844,53.777137756347656,38.83195495605469,65.49475860595703,13.864826202392578,57.20137405395508
2020-09-04,315.4776611328125,274.0490417480469,142.10873413085938,135.5082550048828,181.63999938964844,53.85226058959961,38.84947967529297,65.1526870727539,13.821231842041016,56.403926849365234
2020-09-08,306.8578186035156,260.8771057128906,139.3744354248047,136.3409423828125,181.2899932861328,53.1928825378418,38.174827575683594,64.357177734375,13.317845344543457,53.85401153564453
2020-09-09,312.9174499511719,268.5405578613281,141.4856414794922,135.97457885742188,183.0500030517578,54.18612289428711,38.744346618652344,64.99358367919922,13.409014701843262,55.61125946044922
2020-09-10,307.4840087890625,263.186767578125,139.6441650390625,136.665771484375,182.4600067138672,53.551780700683594,38.122257232666016,64.19806671142578,12.917519569396973,54.35540771484375
2020-09-11,307.6405944824219,261.3602294921875,138.71417236328125,136.95712280273438,182.4499969482422,54.08597183227539,38.49024963378906,63.840057373046875,12.92940902709961,53.939964294433594
2020-09-14,311.6926574707031,265.9119873046875,142.36915588378906,136.94879150390625,183.88999938964844,54.37809753417969,39.11233139038086,65.39929962158203,13.028498649597168,55.071651458740234
2020-09-15,313.2674560546875,269.6807861328125,142.63888549804688,136.61575317382812,183.4499969482422,54.72865676879883,39.52413558959961,66.18682861328125,12.933374404907227,55.616031646728516
2020-09-16,312.024169921875,265.3804626464844,143.98741149902344,136.2076873779297,183.97000122070312,54.72865676879883,39.471561431884766,66.53687286376953,13.452611923217773,54.756507873535156
2020-09-17,309.27984619140625,261.234619140625,142.9364471435547,136.6241455078125,182.9600067138672,54.80377960205078,39.31385040283203,65.24018859863281,13.472430229187012,54.3028678894043
2020-09-18,305.7191467285156,257.9006042480469,142.56446838378906,136.1994171142578,183.1999969482422,54.36140441894531,39.00718688964844,63.768470764160156,13.321812629699707,53.366943359375
2020-09-21,302.316650390625,258.51910400390625,137.5702362060547,136.89047241210938,179.52000427246094,52.98421096801758,38.6479606628418,61.851295471191406,12.880248069763184,53.81058883666992
2020-09-22,305.3954772949219,263.32208251953125,138.63043212890625,136.7822265625,178.64999389648438,52.967525482177734,38.358821868896484,62.591129302978516,12.747296333312988,54.66243362426758
2020-09-23,298.3130798339844,255.2816925048828,134.50030517578125,136.96551513671875,174.7899932861328,52.525150299072266,37.76302719116211,60.705745697021484,12.171168327331543,52.95872116088867
2020-09-24,299.1083068847656,256.4703674316406,134.50030517578125,137.49000549316406,175.44000244140625,52.47507095336914,37.58779525756836,61.03190231323242,12.167140007019043,53.255428314208984
2020-09-25,303.9439392089844,262.4329833984375,136.6848602294922,137.49000549316406,174.94000244140625,52.65034484863281,37.62283706665039,62.29054641723633,12.159080505371094,54.52843475341797
2020-09-28,308.99224853515625,267.8833923339844,140.0550994873047,137.0986785888672,176.6999969482422,53.44327163696289,38.043399810791016,63.565216064453125,12.445133209228516,55.571712493896484
2020-09-29,307.3094787597656,266.6753845214844,139.4202117919922,137.2568359375,178.19000244140625,53.38484573364258,38.017120361328125,63.108253479003906,12.102681159973145,55.38508224487305
2020-09-30,309.6395568847656,268.50201416015625,139.84034729003906,135.9412384033203,177.1199951171875,53.1261100769043,38.630428314208984,63.3006706237793,12.06641960144043,55.84928512573242
2020-10-01,311.62738037109375,272.763671875,142.0715789794922,136.1654815673828,178.6999969482422,53.43492889404297,38.98966979980469,64.56732177734375,11.695764541625977,56.437931060791016
2020-10-02,308.66864013671875,265.0905456542969,142.69712829589844,135.65701293945312,178.5399932861328,53.3264274597168,38.54281997680664,65.6816635131836,11.808571815490723,55.00700378417969
2020-10-05,314.142333984375,270.7439270019531,146.63681030273438,133.0064239501953,179.41000366210938,54.136043548583984,39.05976867675781,66.05844116210938,12.16311264038086,56.21300506591797
2020-10-06,309.6764831542969,265.9119873046875,146.2166748046875,133.72325134277344,177.3000030517578,53.56012725830078,39.12985610961914,65.62554931640625,11.981813430786133,55.34199523925781
2020-10-07,315.0669250488281,270.51202392578125,149.40948486328125,132.7479705810547,177.22000122070312,54.019195556640625,39.559181213378906,65.72174072265625,12.151026725769043,56.356590270996094
2020-10-08,317.8592224121094,271.951904296875,151.10862731933594,133.4649200439453,177.85000610351562,54.3947868347168,39.883365631103516,66.82005310058594,12.606287956237793,56.648494720458984
2020-10-09,320.69775390625,276.107421875,151.89283752441406,133.43983459472656,181.0800018310547,54.820465087890625,40.15498352050781,66.55548858642578,12.4048433303833,57.51472091674805
2020-10-12,325.8569641113281,284.6309509277344,152.9104461669922,133.86495971679688,180.55999755859375,55.13763427734375,40.50543975830078,66.8681640625,12.437073707580566,59.08443832397461
2020-10-13,323.7304382324219,284.6212463378906,151.89283752441406,134.823486328125,177.72000122070312,54.51999282836914,40.33897399902344,65.72174072265625,12.243688583374023,58.706363677978516
2020-10-14,321.69622802734375,282.24395751953125,150.3897705078125,135.13189697265625,178.27000427246094,54.42817687988281,40.067359924316406,64.92007446289062,12.296064376831055,58.395286560058594
2020-10-15,321.29864501953125,280.3498840332031,151.9395294189453,134.89852905273438,178.9199981689453,53.785484313964844,39.778221130371094,65.25675964355469,12.445133209228516,58.13207244873047
2020-10-16,321.1045227050781,278.81329345703125,151.56607055664062,134.5234375,178.3000030517578,54.0358772277832,39.918418884277344,64.79178619384766,12.16311264038086,57.964576721191406
2020-10-19,316.22265625,274.26153564453125,149.75498962402344,134.01495361328125,178.38999938964844,53.835567474365234,39.80450439453125,63.78167724609375,11.905266761779785,56.90215301513672
2020-10-20,317.4893493652344,274.8511047363281,150.08168029785156,132.73968505859375,179.25,54.1026611328125,40.24259567260742,64.23863983154297,12.04627513885498,57.098358154296875
2020-10-21,316.88836669921875,274.6385192871094,148.79330444335938,132.28128051757812,180.60000610351562,53.84391784667969,40.356502532958984,64.04622650146484,11.816630363464355,57.012210845947266
2020-10-22,318.62664794921875,274.6288146972656,151.36068725585938,130.90589904785156,178.8300018310547,53.88563919067383,40.34773254394531,64.0382080078125,12.304121971130371,56.74421691894531
2020-10-23,319.7083740234375,275.16998291015625,152.23826599121094,131.7060546875,178.63999938964844,54.2362060546875,40.58430099487305,64.42303466796875,12.243688583374023,56.6820068359375
2020-10-26,313.80023193359375,271.04351806640625,148.95208740234375,132.9313507080078,178.5500030517578,53.259647369384766,40.05859375,63.501102447509766,11.804544448852539,55.45207977294922
2020-10-27,312.7183532714844,273.159912109375,147.6730194091797,133.82322692871094,179.02000427246094,52.84231948852539,40.23383712768555,62.482948303222656,11.651447296142578,55.72964096069336
2020-10-28,302.0299987792969,262.5103454589844,143.12657165527344,133.94827270507812,176.1300048828125,51.26481246948242,39.22623825073242,60.99183654785156,11.163955688476562,53.36551284790039
2020-10-29,305.0997619628906,267.1006774902344,144.83499145507812,132.6479949951172,175.39999389648438,51.50687026977539,39.620506286621094,61.809539794921875,11.506407737731934,54.25564956665039
2020-10-30,301.9190673828125,260.32623291015625,142.92112731933594,131.33929443359375,176.1999969482422,51.239768981933594,39.17366409301758,61.40068054199219,11.570870399475098,53.05443572998047
2020-11-02,305.3031311035156,260.90606689453125,145.4698486328125,132.32313537597656,177.91000366210938,51.90750503540039,39.67308044433594,62.86777877807617,11.965697288513184,53.18843460083008
2020-11-03,310.69354248046875,265.4190979003906,149.59620666503906,131.5554656982422,178.9199981689453,53.26799392700195,39.84831237792969,64.07830047607422,11.897208213806152,54.12643814086914
2020-11-04,317.6372375488281,277.26702880859375,149.7642822265625,134.40916442871094,178.82000732421875,53.85226058959961,41.10124206542969,64.19053649902344,11.913321495056152,56.23215103149414
2020-11-05,323.8321838378906,284.4956970214844,153.95602416992188,134.64280700683594,182.92999267578125,55.14598846435547,41.80217361450195,64.49515533447266,11.913321495056152,57.97893142700195
2020-11-06,323.7580871582031,284.7082824707031,152.75173950195312,133.01573181152344,183.19000244140625,55.26283264160156,41.99493408203125,64.05425262451172,11.655473709106445,58.184715270996094
2020-11-09,327.8264465332031,278.8906555175781,158.28782653808594,130.22030639648438,175.0800018310547,56.87372970581055,42.2840690612793,66.3230209350586,13.319392204284668,57.763572692871094
2020-11-10,327.345458984375,273.8943786621094,161.2285919189453,129.46945190429688,175.66000366210938,57.38288116455078,41.80217361450195,67.29303741455078,13.750480651855469,56.68680191040039
2020-11-11,329.77728271484375,280.0212707519531,161.16323852539062,129.93670654296875,174.89999389648438,57.86697769165039,42.07379913330078,67.54959106445312,13.609469413757324,58.031578063964844
2020-11-12,326.57806396484375,278.7070617675781,158.68923950195312,132.14793395996094,175.9600067138672,57.02396774291992,41.75837326049805,66.667724609375,13.170324325561523,57.51472091674805
2020-11-13,331.0994873046875,281.1519775390625,161.97543334960938,131.97267150878906,177.16000366210938,57.90037155151367,42.34541320800781,68.44746398925781,13.649758338928223,58.00286102294922
2020-11-16,335.232421875,283.34564208984375,165.8311004638672,131.65560913085938,177.14999389648438,58.501312255859375,42.87111282348633,69.21707153320312,14.548194885253906,58.56278991699219
2020-11-17,333.42938232421875,282.44696044921875,166.60601806640625,132.5150909423828,176.5,58.44287872314453,42.827308654785156,69.28120422363281,14.697259902954102,58.23736572265625
2020-11-18,329.4166564941406,280.3595275878906,164.27207946777344,132.89889526367188,175.49000549316406,58.134063720703125,42.67835235595703,67.93437194824219,14.27020263671875,57.61521911621094
2020-11-19,330.8036193847656,282.55322265625,165.53237915039062,133.5830841064453,175.16000366210938,58.543052673339844,42.748451232910156,68.19892883300781,14.50387954711914,58.079444885253906
2020-11-20,328.5383605957031,280.6204528808594,165.709716796875,134.76800537109375,175.69000244140625,58.71833038330078,42.98501968383789,67.8301773071289,14.427330017089844,57.481224060058594
2020-11-23,330.5076904296875,280.63018798828125,168.80923461914062,134.15057373046875,172.22999572753906,58.64321517944336,43.09891891479492,67.95843505859375,15.446626663208008,57.46686553955078
2020-11-24,335.8333740234375,284.5729675292969,171.98342895507812,132.81546020507812,169.58999633789062,59.51959991455078,43.677188873291016,68.3191909790039,16.240312576293945,58.26607131958008
2020-11-25,335.3156433105469,286.3221130371094,171.39520263671875,132.40660095214844,169.50999450683594,59.444480895996094,43.43186569213867,68.35926818847656,15.861601829528809,58.390499114990234
2020-11-27,336.24945068359375,288.96038818359375,172.12342834472656,133.6915740966797,167.7899932861328,59.85347366333008,43.84366226196289,68.05461120605469,15.676271438598633,58.70158004760742
2020-11-30,334.7609558105469,289.54986572265625,168.99594116210938,133.52468872070312,166.6699981689453,58.5514030456543,42.69588088989258,67.34112548828125,14.810070991516113,59.093997955322266
2020-12-01,338.42230224609375,293.2608642578125,170.5643768310547,131.55601501464844,170.17999267578125,59.9285888671875,43.53700637817383,68.20696258544922,14.878560066223145,59.85014343261719
2020-12-02,339.13421630859375,293.6377868652344,170.7417449951172,130.51185607910156,171.4600067138672,59.93693542480469,43.59833526611328,67.6698226928711,15.36202335357666,59.75921630859375
2020-12-03,339.04180908203125,294.05328369140625,171.7032928466797,131.56431579589844,172.80999755859375,60.03709411621094,44.09775161743164,68.239013671875,15.523172378540039,59.72093200683594
2020-12-04,341.9635314941406,295.25164794921875,175.69900512695312,129.6348114013672,172.32000732421875,60.546226501464844,44.5533561706543,69.28120422363281,16.36923599243164,60.31913757324219
2020-12-07,341.2608947753906,296.9234619140625,175.86705017089844,130.80419921875,174.88999938964844,60.05378341674805,44.5533561706543,68.67994689941406,15.986494064331055,60.49142837524414
2020-12-08,342.2594299316406,297.9284973144531,178.12632751464844,131.42233276367188,175.5,60.262447357177734,44.57088088989258,68.439453125,16.224199295043945,60.68763732910156
2020-12-09,339.1897277832031,291.1831359863281,176.82862854003906,130.9879608154297,172.5,60.345916748046875,44.18537139892578,68.0145492553711,16.260454177856445,59.52471923828125
2020-12-10,339.0787353515625,292.3523864746094,178.53709411621094,132.1490020751953,172.1699981689453,60.42938995361328,44.75489044189453,67.71792602539062,16.760038375854492,59.6108512878418
2020-12-11,338.6811218261719,291.7049255371094,177.6595001220703,132.6167449951172,172.49000549316406,60.245758056640625,44.43946075439453,67.65377807617188,16.566650390625,59.48643112182617
2020-12-14,337.16485595703125,293.8214111328125,177.86740112304688,132.2493133544922,171.5399932861328,60.2828254699707,44.208412170410156,67.357177734375,15.986494064331055,59.7017822265625
2020-12-15,341.72308349609375,296.9620666503906,182.31576538085938,131.8065643310547,173.94000244140625,60.898048400878906,44.686439514160156,68.73606872558594,16.30074691772461,60.697227478027344
2020-12-16,342.2594299316406,298.5953369140625,181.66018676757812,131.45574951171875,174.89999389648438,61.13402557373047,44.898887634277344,68.81621551513672,16.22016716003418,61.10878372192383
2020-12-17,344.1732482910156,300.5474548339844,183.82347106933594,131.10784912109375,176.74000549316406,61.563838958740234,45.19102096557617,69.48162841796875,16.143617630004883,61.592140197753906
2020-12-18,342.79901123046875,299.6390380859375,182.93385314941406,130.7148895263672,176.44000244140625,61.24357986450195,45.137908935546875,68.08670806884766,15.873686790466309,61.376800537109375
2020-12-21,341.5733947753906,299.0783996582031,182.84014892578125,131.2333221435547,175.8800048828125,60.45980453491211,44.47399139404297,67.70189666748047,15.567481994628906,61.43819808959961
2020-12-22,340.9976806640625,299.89166259765625,184.919189453125,131.91062927246094,174.49000549316406,60.3081169128418,44.1198844909668,68.17488098144531,15.30618667602539,61.970645904541016
2020-12-23,341.3040771484375,298.38140869140625,186.49246215820312,130.99917602539062,175.64999389648438,60.95704650878906,44.57135772705078,67.73396301269531,15.645054817199707,61.50054931640625
2020-12-24,342.6319580078125,299.6980285644531,186.37071228027344,131.51759338378906,176.35000610351562,60.982330322265625,44.376609802246094,68.32696533203125,15.563398361206055,61.90828323364258
2020-12-28,345.57537841796875,302.7186584472656,185.67771911621094,131.57614135742188,175.7100067138672,61.479557037353516,44.50054168701172,68.73426818847656,15.465414047241211,62.60862350463867
2020-12-29,344.9161071777344,302.98980712890625,182.08160400390625,131.4088592529297,176.35000610351562,61.87565994262695,45.164466857910156,68.14777374267578,15.363340377807617,62.31121826171875
2020-12-30,345.4082336425781,302.9993896484375,183.9358673095703,131.69325256347656,177.6999969482422,61.959922790527344,45.766422271728516,68.52247619628906,15.604228973388672,62.277645111083984
2020-12-31,347.1631774902344,303.7449035644531,183.60809326171875,131.88552856445312,178.36000061035156,61.48798370361328,45.73986053466797,69.18228149414062,15.473578453063965,62.36878967285156
2021-01-04,342.4369812011719,299.4560241699219,181.2107391357422,131.7266387939453,182.3300018310547,61.80823516845703,46.03199005126953,66.93401336669922,15.498072624206543,61.351844787597656
2021-01-05,344.79541015625,301.9248046875,184.0107879638672,130.7483673095703,182.8699951171875,62.44874572753906,47.138526916503906,67.03179168701172,16.192142486572266,61.74998474121094
2021-01-06,346.8567810058594,297.742431640625,191.5401611328125,128.06431579589844,179.89999389648438,63.16508102416992,46.74017333984375,67.14583587646484,16.686155319213867,60.68508529663086
2021-01-07,352.01019287109375,304.9454040527344,194.94900512695312,126.93548583984375,179.47999572753906,63.23250961303711,47.18278503417969,67.01551055908203,16.93111801147461,62.320804595947266
2021-01-08,354.015869140625,308.86639404296875,194.52760314941406,126.52584075927734,173.33999633789062,63.82242965698242,48.43096160888672,67.66716766357422,16.910701751708984,62.72372817993164
2021-01-11,351.6294860839844,304.4032287597656,194.35899353027344,126.31678009033203,173.0,62.98810577392578,47.7758903503418,66.77112579345703,17.17608070373535,62.20568084716797
2021-01-12,351.70367431640625,303.919189453125,197.8427734375,126.21636962890625,174.1199951171875,63.274654388427734,48.245059967041016,66.92589569091797,17.776241302490234,61.90828323364258
2021-01-13,352.6509704589844,305.9715576171875,196.4286651611328,127.63784790039062,173.3699951171875,63.190372467041016,48.35129165649414,67.740478515625,17.637432098388672,62.3016242980957
2021-01-14,351.41595458984375,304.33551025390625,200.35255432128906,126.44221496582031,173.27999877929688,63.69602584838867,48.802764892578125,68.1396255493164,18.160024642944336,61.75476837158203
2021-01-15,348.8531494140625,301.9248046875,197.36514282226562,126.94389343261719,171.1300048828125,62.70157241821289,48.11228561401367,68.92162322998047,17.45370864868164,61.12158966064453
2021-01-19,351.5923767089844,306.3298034667969,199.8936309814453,127.3536376953125,172.5800018310547,63.15665054321289,48.90898513793945,68.72611236572266,17.804826736450195,61.917877197265625
2021-01-20,356.4579772949219,313.4553527832031,200.7739715576172,127.47904205322266,175.38999938964844,63.586456298828125,49.767662048339844,70.03759765625,17.87014389038086,63.14586639404297
2021-01-21,356.7828674316406,315.9629211425781,199.03207397460938,126.58441162109375,175.27999877929688,63.63704299926758,49.85618209838867,69.70362091064453,17.265897750854492,63.96135330200195
2021-01-22,355.5201110839844,315.0528869628906,201.34519958496094,126.9940414428711,173.89999389648438,63.33363723754883,49.42243194580078,69.86650848388672,17.17608070373535,63.71670150756836
2021-01-25,356.9222412109375,317.6571044921875,201.14849853515625,128.49072265625,174.0500030517578,63.25778579711914,49.79421615600586,70.39600372314453,17.000518798828125,64.24913787841797
2021-01-26,356.3651123046875,318.121826171875,199.75315856933594,128.24826049804688,173.6199951171875,63.35049057006836,49.4312744140625,70.89291381835938,16.63715934753418,64.29232788085938
2021-01-27,347.6553955078125,309.2536315917969,196.0915069580078,128.5743408203125,172.52000427246094,61.900943756103516,48.059165954589844,69.63845825195312,16.412607192993164,63.07870101928711
2021-01-28,350.6451721191406,311.08349609375,195.46408081054688,127.8636474609375,172.67999267578125,62.29703140258789,48.39555358886719,70.01314544677734,16.604494094848633,63.33772659301758
2021-01-29,343.6253967285156,304.53875732421875,192.50473022460938,127.09436798095703,172.61000061035156,61.00762176513672,47.1916389465332,69.20673370361328,16.053327560424805,61.845924377441406
2021-02-01,349.3453063964844,312.1483154296875,197.2340545654297,127.24173736572266,174.22999572753906,61.732398986816406,48.46636962890625,70.78700256347656,16.16764259338379,63.39530563354492
2021-02-02,354.2851257324219,317.2407531738281,200.0435028076172,126.42137908935547,172.11000061035156,62.35603713989258,49.094879150390625,71.21060180664062,16.343202590942383,64.25394439697266
2021-02-03,354.5637512207031,315.9822998046875,200.64283752441406,125.29957580566406,171.85000610351562,62.50772476196289,49.34275436401367,71.03137969970703,17.041351318359375,64.03327178955078
2021-02-04,358.5935363769531,319.71917724609375,204.7352752685547,124.96479034423828,168.14999389648438,62.57514572143555,49.36045837402344,71.52012634277344,17.229162216186523,65.05502319335938
2021-02-05,360.0048828125,320.8035888671875,207.57284545898438,123.91837310791016,169.80999755859375,62.96281433105469,49.78536605834961,71.77263641357422,17.376136779785156,64.91114044189453
2021-02-08,362.6048889160156,322.95281982421875,212.8733673095703,124.46247100830078,171.52000427246094,63.40106201171875,49.8738899230957,72.16365051269531,18.102861404418945,65.59226989746094
2021-02-09,362.36346435546875,322.88507080078125,213.87545776367188,124.55455780029297,172.0800018310547,63.7465934753418,50.40502166748047,72.41616821289062,17.910972595214844,65.51553344726562
2021-02-10,362.20562744140625,322.1492919921875,212.47073364257812,125.38339233398438,172.7100067138672,63.52747344970703,50.58207321166992,72.80716705322266,18.253921508789062,65.41960906982422
2021-02-11,362.79058837890625,323.9210205078125,212.22723388671875,124.69686126708984,171.2100067138672,63.95728302001953,51.1220588684082,72.96194458007812,17.972211837768555,66.13911437988281
2021-02-12,364.5826721191406,325.7314453125,212.82659912109375,123.14818572998047,170.69000244140625,64.31124114990234,51.16632080078125,72.97821044921875,18.237590789794922,66.47968292236328
2021-02-16,364.26690673828125,324.8504943847656,211.48736572265625,121.27308654785156,168.24000549316406,64.77477264404297,51.29025650024414,72.41616821289062,18.694852828979492,66.26382446289062
2021-02-17,364.3504638671875,323.2916564941406,209.8297882080078,122.04320526123047,166.3300018310547,64.3955307006836,51.307960510253906,72.32655334472656,18.972488403320312,65.67860412597656
2021-02-18,362.7999267578125,321.8782043457031,206.58018493652344,121.54935455322266,166.32000732421875,64.07526397705078,50.59977722167969,72.01702880859375,18.543794631958008,65.35720825195312
2021-02-19,362.1591491699219,320.4743957519531,210.88804626464844,119.93370056152344,167.00999450683594,64.26067352294922,50.92731475830078,72.43244171142578,18.854084014892578,65.26127624511719
2021-02-22,359.37353515625,312.1676330566406,209.52076721191406,119.02127838134766,169.50999450683594,64.10054016113281,49.4312744140625,73.03524780273438,19.507322311401367,63.82222366333008
2021-02-23,359.8099670410156,311.2383117675781,207.67587280273438,118.67800903320312,169.1199951171875,64.15955352783203,49.6525764465332,73.49141693115234,19.82985496520996,63.644737243652344
2021-02-24,363.7748718261719,313.8038330078125,212.5830841064453,117.89950561523438,169.0,64.36180877685547,49.333900451660156,74.05347442626953,20.532094955444336,64.61849975585938
2021-02-25,355.00933837890625,302.86383056640625,204.7259063720703,115.97408294677734,165.82000732421875,63.26621627807617,48.209659576416016,72.63610076904297,20.136066436767578,62.35917282104492
2021-02-26,353.1800842285156,304.1322021484375,204.44497680664062,119.8080825805664,161.80999755859375,62.37288284301758,47.563438415527344,71.57715606689453,19.658382415771484,62.69016647338867
2021-03-01,361.7413635253906,313.28118896484375,211.71217346191406,118.2257080078125,161.52999877929688,63.544334411621094,48.83816146850586,71.89482879638672,20.168731689453125,64.70965576171875
2021-03-02,358.9184875488281,308.25653076171875,207.63844299316406,118.23416137695312,162.41000366210938,63.476898193359375,48.360145568847656,71.20243072509766,20.058496475219727,63.68310546875
2021-03-03,354.1643981933594,299.3108215332031,205.39085388183594,116.95179748535156,160.6199951171875,63.0892333984375,48.26276779174805,70.7951431274414,20.352447509765625,62.080963134765625
2021-03-04,349.7816467285156,294.4120178222656,199.65017700195312,116.19749450683594,159.0399932861328,62.49088668823242,47.138526916503906,69.98872375488281,20.838298797607422,60.70906448364258
2021-03-05,356.21649169921875,298.8460998535156,203.88308715820312,116.42379760742188,159.13999938964844,62.89539337158203,47.65196228027344,70.75442504882812,21.618099212646484,61.85551452636719
2021-03-08,354.4430236816406,290.3846130371094,204.84771728515625,115.51859283447266,157.49000549316406,62.6762809753418,46.368385314941406,71.3653564453125,21.65892791748047,60.358890533447266
2021-03-09,359.5035705566406,301.8377380371094,209.155517578125,117.11944580078125,160.83999633789062,63.51905059814453,47.38638687133789,71.83782196044922,21.279233932495117,62.41195297241211
2021-03-10,361.7413635253906,300.97601318359375,212.78912353515625,117.3541030883789,161.66000366210938,63.78873062133789,47.17393493652344,72.55464935302734,21.81814956665039,62.16252136230469
2021-03-11,365.4090270996094,307.90789794921875,217.47157287597656,116.50755310058594,161.52000427246094,64.12583923339844,48.661128997802734,73.40181732177734,21.82632064819336,63.4912223815918
2021-03-12,365.90118408203125,305.4101257324219,218.75453186035156,114.03515625,161.49000549316406,64.28596496582031,47.79359817504883,74.63182830810547,21.871227264404297,63.035552978515625
2021-03-15,368.08331298828125,308.6727600097656,219.53184509277344,114.70559692382812,162.1999969482422,64.33650970458984,47.90867233276367,75.73966979980469,21.622180938720703,63.70711135864258
2021-03-16,367.6190185546875,310.3669128417969,215.86077880859375,114.24463653564453,162.35000610351562,64.44607543945312,48.11228561401367,75.43009185791016,21.00568962097168,64.18678283691406
2021-03-17,368.87249755859375,311.6448974609375,217.55581665039062,113.38976287841797,163.50999450683594,64.8253173828125,48.17424392700195,75.49528503417969,21.168994903564453,64.1340103149414
2021-03-18,363.50555419921875,302.0990295410156,210.9348907470703,112.2415542602539,162.55999755859375,64.23538970947266,47.28901290893555,74.72958374023438,20.21771812438965,62.354393005371094
2021-03-19,362.8330078125,303.1640319824219,212.52685546875,112.93718719482422,163.24000549316406,64.41236877441406,47.873268127441406,73.71134185791016,20.2218017578125,62.167320251464844
2021-03-22,365.7301940917969,308.8492736816406,210.9254608154297,114.2027587890625,163.0,64.47135925292969,47.73163604736328,74.23268127441406,20.027877807617188,63.389713287353516
2021-03-23,362.8515930175781,307.5018615722656,203.2743682861328,115.23362731933594,161.80999755859375,63.578025817871094,46.81983947753906,74.12677001953125,19.73493003845215,62.99556350708008
2021-03-24,361.0070495605469,302.3157653808594,198.57318115234375,115.85386657714844,162.3699951171875,63.25778579711914,45.74871063232422,73.71134185791016,20.230052947998047,62.23125076293945
2021-03-25,363.0378723144531,301.7923278808594,203.28134155273438,114.94031524658203,161.77999877929688,63.729732513427734,45.96116256713867,74.46185302734375,20.3043270111084,62.19279861450195
2021-03-26,368.8883056640625,306.3193359375,206.9874267578125,114.53801727294922,162.24000549316406,64.55564880371094,47.156227111816406,76.06778717041016,20.80770492553711,63.77428436279297
2021-03-29,368.701904296875,306.23199462890625,201.160888671875,113.56576538085938,160.30999755859375,64.30281829833984,46.828704833984375,75.62532043457031,20.560144424438477,63.442623138427734
2021-03-30,367.7237854003906,304.69073486328125,204.5479736328125,114.16084289550781,157.57000732421875,64.21853637695312,46.979183197021484,75.72364044189453,20.382720947265625,62.84173583984375
2021-03-31,369.2142333984375,309.3533935546875,207.2970428466797,113.5239028930664,159.9600067138672,63.94042205810547,47.218204498291016,75.26483154296875,20.242435455322266,63.841590881347656
2021-04-01,373.20147705078125,314.6267395019531,209.92416381835938,115.40804290771484,161.97999572753906,64.77477264404297,47.678524017333984,76.63312530517578,20.75819206237793,65.12505340576172
2021-04-05,378.5579833984375,320.9082336425781,211.0782012939453,114.90446472167969,161.9199981689453,65.71865844726562,47.864418029785156,76.92808532714844,20.263063430786133,66.47102355957031
2021-04-06,378.33453369140625,320.68524169921875,210.45896911621094,115.6849594116211,163.22000122070312,65.0191650390625,48.12997817993164,77.12474060058594,20.209426879882812,66.1874008178711
2021-04-07,378.7723388671875,321.460693359375,207.0624542236328,114.87931060791016,162.75999450683594,65.15400695800781,47.42180252075195,77.18208312988281,20.27956771850586,66.53831481933594
2021-04-08,380.5702819824219,324.8148193359375,208.81703186035156,115.82764434814453,164.50999450683594,65.52481842041016,47.81129455566406,76.89531707763672,20.015499114990234,67.49970245361328
2021-04-09,383.33709716796875,326.7825927734375,208.8451385498047,115.40804290771484,163.27000427246094,65.72708892822266,47.404090881347656,76.80517578125,19.883466720581055,68.1486587524414
2021-04-12,383.476806640625,326.3561096191406,208.0288848876953,115.357666015625,162.27999877929688,65.36469268798828,47.120819091796875,77.25582122802734,19.726675033569336,67.82176208496094
2021-04-13,384.6133728027344,330.16571044921875,207.48472595214844,116.22210693359375,163.42999267578125,65.74394226074219,47.31557083129883,77.64090728759766,19.7473087310791,68.46111297607422
2021-04-14,383.2997741699219,326.2010192871094,209.53009033203125,115.8528060913086,162.72000122070312,65.79450988769531,47.554588317871094,77.23124694824219,20.296072006225586,67.73524475097656
2021-04-15,387.41741943359375,331.144775390625,210.440185546875,117.79157257080078,165.35000610351562,66.34228515625,47.988346099853516,78.58314514160156,20.13102912902832,68.89854431152344
2021-04-16,388.7122497558594,331.532470703125,210.77798461914062,116.87677764892578,166.35000610351562,66.82268524169922,48.11228561401367,78.75525665283203,19.97011375427246,68.88410186767578
2021-04-19,386.8025207519531,328.4983825683594,208.0382843017578,116.54107666015625,165.88999938964844,66.70469665527344,47.93523406982422,78.91090393066406,19.949480056762695,68.31208801269531
2021-04-20,383.97052001953125,326.10400390625,203.77865600585938,117.07814025878906,166.47999572753906,65.50797271728516,47.54573440551758,79.55818939208984,19.421348571777344,67.70641326904297
2021-04-21,387.6037292480469,328.89581298828125,208.7607421875,117.31319427490234,168.1300048828125,66.18216705322266,47.83785629272461,80.08255767822266,19.66891098022461,68.3890151977539
2021-04-22,384.0637512207031,324.93115234375,207.8975372314453,117.82510375976562,167.0399932861328,65.96305847167969,47.6696662902832,79.6483154296875,19.437850952148438,67.58623504638672
2021-04-23,388.2279052734375,329.0218505859375,211.81942749023438,117.5481948852539,166.39999389648438,66.63726806640625,48.360145568847656,80.1153335571289,19.61526870727539,68.59568786621094
2021-04-26,389.03839111328125,331.1641540527344,214.02430725097656,117.38031768798828,166.83999633789062,66.68782806396484,48.422119140625,80.35295104980469,19.7473087310791,68.94660186767578
2021-04-27,388.9544677734375,329.7294616699219,214.3433380126953,116.35639190673828,166.4199981689453,66.46871948242188,48.39555358886719,80.34475708007812,19.98661231994629,68.77837371826172
2021-04-28,388.8427429199219,328.6147155761719,214.70925903320312,116.43196105957031,166.91000366210938,66.63726806640625,48.75850296020508,80.17269134521484,20.675670623779297,68.13903045654297
2021-04-29,391.32073974609375,329.79736328125,213.9117431640625,116.08785247802734,166.22000122070312,66.66255950927734,48.6434211730957,80.8609390258789,20.906728744506836,68.08136749267578
2021-04-30,388.7495422363281,327.6356506347656,211.00314331054688,116.35639190673828,165.66000366210938,65.8282241821289,47.78474044799805,81.18048095703125,20.378591537475586,67.15361022949219
2021-05-03,389.5880432128906,325.89080810546875,212.03524780273438,116.42616271972656,167.80999755859375,66.55299377441406,47.78474044799805,81.02479553222656,20.939735412597656,66.96613311767578
2021-05-04,387.18450927734375,320.0261535644531,209.50192260742188,117.21624755859375,166.5800018310547,65.56695556640625,47.244754791259766,80.50041961669922,20.952117919921875,65.76438903808594
2021-05-05,387.3056640625,318.95013427734375,208.6669158935547,117.4095458984375,167.27000427246094,66.46028900146484,47.466060638427734,79.1648941040039,21.6287899017334,65.60572814941406
2021-05-06,390.3984375,321.3541564941406,208.8451385498047,117.6028823852539,170.05999755859375,67.0080795288086,47.91753005981445,79.60733795166016,21.740192413330078,66.26432037353516
2021-05-07,393.2398376464844,323.9617004394531,211.47227478027344,117.02291870117188,171.58999633789062,67.76657104492188,48.41325759887695,80.6561050415039,22.128036499023438,66.83152770996094
2021-05-10,389.3458251953125,315.7803039550781,206.09608459472656,115.83782958984375,172.11000061035156,67.4041748046875,47.54573440551758,80.63151550292969,22.136295318603516,65.14427185058594
2021-05-11,385.87103271484375,315.34405517578125,205.43934631347656,115.18223571777344,172.13999938964844,66.51927185058594,47.41294860839844,79.61552429199219,21.566896438598633,64.94718933105469
2021-05-12,377.673095703125,307.1820983886719,198.7683563232422,113.97196197509766,170.42999267578125,65.4573974609375,46.10280227661133,77.5999526977539,21.670047760009766,63.12052536010742
2021-05-13,382.20989990234375,309.5569152832031,202.42750549316406,114.14838409423828,171.1300048828125,65.94620513916016,46.040836334228516,78.60774993896484,21.405982971191406,63.956947326660156
2021-05-14,388.07879638671875,316.39093017578125,207.37210083007812,115.2158432006836,172.69000244140625,67.05022430419922,46.87296676635742,79.54178619384766,22.070276260375977,65.36540985107422
2021-05-17,387.0913391113281,314.4716796875,207.65359497070312,114.97210693359375,174.6999969482422,66.9238052368164,46.828704833984375,79.62373352050781,22.5819091796875,64.88469696044922
2021-05-18,383.7563171386719,312.3487548828125,206.0773162841797,114.677978515625,175.0399932861328,67.06708526611328,47.45721435546875,79.6401138305664,22.057899475097656,64.36552429199219
2021-05-19,382.7501525878906,312.7073974609375,204.49169921875,114.40055847167969,175.16000366210938,66.47712707519531,47.31557083129883,79.38612365722656,21.509136199951172,64.59147644042969
2021-05-20,386.8677978515625,318.7562561035156,205.85215759277344,115.34188079833984,175.9600067138672,67.35362243652344,47.58999252319336,80.27919006347656,21.476125717163086,65.82686614990234
2021-05-21,386.5510559082031,316.9920654296875,206.386962890625,115.71172332763672,176.0399932861328,67.44632720947266,47.04115295410156,80.197265625,21.521512985229492,65.4663314819336
2021-05-24,390.49163818359375,322.323486328125,207.7286376953125,116.1403579711914,176.35000610351562,67.85926055908203,47.4306526184082,81.19686889648438,21.736068725585938,66.62964630126953
2021-05-25,389.6252746582031,322.7694091796875,205.7207794189453,117.21624755859375,177.9499969482422,67.87612915039062,47.89982604980469,81.17227935791016,21.294580459594727,66.64886474609375
2021-05-26,390.3984375,323.8938903808594,209.55828857421875,117.01454162597656,177.63999938964844,67.83399200439453,48.25392150878906,81.53279113769531,21.484375,66.64407348632812
2021-05-27,390.6033935546875,322.6820983886719,211.71620178222656,116.54381561279297,177.7100067138672,67.96040344238281,48.26276779174805,81.34434509277344,21.500885009765625,66.29316711425781
2021-05-28,391.30218505859375,323.6999816894531,211.5755157470703,116.35899353027344,178.3800048828125,68.12052154541016,48.572601318359375,81.8359375,21.542142868041992,66.52870178222656
2021-06-01,390.9573669433594,322.62396240234375,213.97738647460938,116.33280944824219,177.89999389648438,68.36492919921875,49.572914123535156,83.31077575683594,22.37148094177246,66.2018051147461
2021-06-02,391.5721740722656,323.2540283203125,214.23074340820312,116.60221862792969,178.77000427246094,68.59246826171875,49.6525764465332,84.2857894897461,22.788209915161133,66.6584701538086
2021-06-03,390.11895751953125,319.89044189453125,212.43865966796875,116.16448211669922,175.27000427246094,68.25537109375,49.12144088745117,83.97443389892578,22.850101470947266,66.03839111328125
2021-06-04,393.6869812011719,325.31884765625,213.35813903808594,117.7553482055664,177.16000366210938,68.83687591552734,49.56406021118164,84.0154037475586,23.002763748168945,67.30742645263672
2021-06-07,393.3050231933594,326.2882385253906,216.2198028564453,117.39341735839844,177.8699951171875,69.06442260742188,49.31618881225586,85.00679779052734,22.90373992919922,67.29300689697266
2021-06-08,393.3888244628906,326.4433288574219,218.5091552734375,118.21831512451172,177.32000732421875,69.03070068359375,49.077178955078125,85.71142578125,23.101791381835938,67.29781341552734
2021-06-09,392.80194091796875,326.5208740234375,217.05484008789062,119.26200103759766,176.97999572753906,68.8453140258789,48.935543060302734,85.82615661621094,22.957378387451172,67.34588623046875
2021-06-10,394.6278991699219,329.92327880859375,215.4451904296875,119.97746276855469,177.74000549316406,69.03497314453125,49.327640533447266,86.4406509399414,22.928497314453125,67.84101867675781
2021-06-11,395.2799987792969,330.7860107421875,217.71922302246094,119.78389739990234,175.74000549316406,69.19728088378906,49.15871047973633,86.09652709960938,22.850101470947266,68.2447738647461
2021-06-14,396.1649475097656,333.9559326171875,217.0802459716797,118.86637878417969,174.7100067138672,69.31687927246094,49.29207229614258,86.43244934082031,22.75107765197754,68.93700408935547
2021-06-15,395.43841552734375,331.77484130859375,216.46005249023438,118.7232666015625,174.0500030517578,69.40229797363281,48.954219818115234,85.5066146850586,23.18431282043457,68.51395416259766
2021-06-16,393.2304992675781,330.5631103515625,215.9996337890625,118.62223815917969,171.11000061035156,68.97515106201172,48.287384033203125,84.949462890625,23.060529708862305,68.14384460449219
2021-06-17,393.1001281738281,334.76043701171875,213.57530212402344,120.39828491210938,165.85000610351562,68.49674224853516,48.554115295410156,84.84292602539062,22.276580810546875,68.93218994140625
2021-06-18,387.7969665527344,332.13348388671875,208.72665405273438,122.66253662109375,164.92999267578125,67.0786361694336,48.21624755859375,83.40089416503906,21.616411209106445,68.30245971679688
2021-06-21,393.3486328125,334.19775390625,213.19003295898438,120.60872650146484,166.9499969482422,67.95856475830078,48.42075729370117,85.12151336669922,22.537588119506836,69.03447723388672
2021-06-22,395.45166015625,337.31304931640625,214.1579132080078,120.9033432006836,166.25,67.96710205078125,48.19847106933594,84.6790542602539,22.68764305114746,69.6605224609375
2021-06-23,394.9749450683594,337.4779052734375,214.86260986328125,120.59191131591797,166.13999938964844,67.53141021728516,48.49188232421875,84.5315933227539,22.750167846679688,69.5834732055664
2021-06-24,397.3115539550781,339.5645751953125,217.89776611328125,120.78553009033203,166.0399932861328,68.1806640625,48.93643569946289,84.34923553466797,22.946075439453125,70.0217056274414
2021-06-25,398.7227783203125,339.1471862792969,218.2642059326172,119.53135681152344,166.58999633789062,68.32589721679688,49.34541702270508,84.91859436035156,23.066951751708984,69.93983459472656
2021-06-28,399.526611328125,343.2717590332031,216.5352325439453,120.76023864746094,166.5800018310547,67.89021301269531,49.38987350463867,84.67105102539062,22.287494659423828,70.6718521118164
2021-06-29,399.7416076660156,344.51397705078125,215.50160217285156,120.96221923828125,164.8300018310547,67.90729522705078,49.35430908203125,84.44001007080078,22.179122924804688,71.1871337890625
2021-06-30,400.0780029296875,343.9705505371094,215.52975463867188,121.50100708007812,165.6300048828125,67.38616943359375,49.034236907958984,83.9944076538086,22.4542236328125,71.11007690429688
2021-07-01,402.29315185546875,344.1064147949219,217.4279022216797,121.50765991210938,166.1999969482422,67.54850006103516,48.758609771728516,84.35749053955078,22.846036911010742,71.23047637939453
2021-07-02,405.3680419921875,348.0562744140625,215.36062622070312,122.24092864990234,167.2899932861328,67.7791519165039,48.70526123046875,84.6132583618164,22.796016693115234,72.16954803466797
2021-07-06,404.629638671875,349.5605773925781,212.2315673828125,123.6737060546875,168.1199951171875,67.33492279052734,47.85172653198242,85.23217010498047,22.054075241088867,72.44405364990234
2021-07-07,406.05963134765625,350.2981262207031,210.25828552246094,124.76935577392578,168.75999450683594,67.70226287841797,47.79837417602539,85.52921295166016,21.695606231689453,72.83895111083984
2021-07-08,402.75115966796875,348.1824035644531,208.3225860595703,125.25818634033203,168.64999389648438,66.83090209960938,46.802574157714844,85.28993225097656,21.570560455322266,72.15031433105469
2021-07-09,407.0504150390625,350.3564147949219,212.72021484375,123.49665832519531,169.2100067138672,67.96710205078125,47.61166000366211,86.69270324707031,22.029064178466797,72.81487274169922
2021-07-12,408.50836181640625,351.7247314453125,212.89871215820312,123.33654022216797,169.0,68.25755310058594,47.65612030029297,87.43537902832031,21.99571990966797,72.8726577758789
2021-07-13,407.1158142089844,351.7247314453125,208.88641357421875,122.39266967773438,169.22000122070312,67.89876556396484,47.70057678222656,86.2141342163086,21.828990936279297,73.17123413085938
2021-07-14,407.7232666015625,352.3556213378906,205.6634063720703,123.78325653076172,171.0399932861328,68.05253601074219,47.90506362915039,86.8165054321289,21.178747177124023,73.71061706542969
2021-07-15,406.3306579589844,349.8808898925781,204.4982147216797,125.14863586425781,171.07000732421875,67.40326690673828,48.02064895629883,86.95677185058594,20.882808685302734,73.10381317138672
2021-07-16,403.14361572265625,347.04693603515625,201.97988891601562,124.91265869140625,169.41000366210938,66.90777587890625,47.64722442626953,86.89900207519531,20.290916442871094,72.38145446777344
2021-07-19,397.1900634765625,344.20343017578125,198.9541778564453,127.65180969238281,169.61000061035156,65.6947021484375,46.84703063964844,85.31466674804688,19.57398223876953,71.38457489013672
2021-07-20,402.8819274902344,348.20184326171875,205.12777709960938,126.42127227783203,169.38999938964844,66.17308807373047,46.9981803894043,87.3281021118164,19.836580276489258,72.44405364990234
2021-07-21,406.1437683105469,350.8900451660156,208.66090393066406,124.81993103027344,168.75999450683594,67.18114471435547,47.30047607421875,87.31983947753906,20.528507232666016,73.14232635498047
2021-07-22,406.99432373046875,353.2095947265625,205.34388732910156,125.99982452392578,169.08999633789062,67.20677947998047,47.389381408691406,86.62670135498047,20.299253463745117,73.68170928955078
2021-07-23,411.18145751953125,357.33416748046875,206.30233764648438,125.15702819824219,168.55999755859375,67.6766357421875,46.68699264526367,87.34461212158203,20.224224090576172,74.41371154785156
2021-07-26,412.1907958984375,357.6156005859375,206.90370178222656,124.78624725341797,168.16000366210938,67.77061462402344,45.79787826538086,87.38585662841797,20.724409103393555,74.37517547607422
2021-07-27,410.3122253417969,353.6754455566406,204.48876953125,126.11788177490234,168.44000244140625,67.49724578857422,44.87321853637695,87.8809814453125,20.532670974731445,73.67207336425781
2021-07-28,410.14398193359375,355.0340881347656,207.49571228027344,126.12625885009766,169.2899932861328,67.78770446777344,46.09128952026367,87.57565307617188,20.720243453979492,73.5805892944336
2021-07-29,411.8450927734375,355.66497802734375,209.09315490722656,125.42678833007812,171.1699981689453,68.25755310058594,46.32244873046875,87.59217071533203,20.920320510864258,73.92251586914062
2021-07-30,409.8449401855469,353.811279296875,207.71185302734375,126.01678466796875,169.82000732421875,67.90729522705078,45.87790298461914,87.70768737792969,20.58686065673828,73.87433624267578
2021-08-02,408.985107421875,353.8404235839844,206.67820739746094,127.1406478881836,169.61000061035156,68.24901580810547,46.206871032714844,87.51789093017578,20.432636260986328,73.6094741821289
2021-08-03,412.3123779296875,355.9852294921875,207.5333251953125,127.20820617675781,169.49000549316406,68.73594665527344,46.4024772644043,87.62516021728516,20.782766342163086,74.0814208984375
2021-08-04,410.2841796875,356.49951171875,204.94918823242188,127.46980285644531,169.52999877929688,68.53091430664062,46.642539978027344,87.35284423828125,20.220056533813477,74.23072052001953
2021-08-05,412.882568359375,358.7607421875,208.63270568847656,126.82003784179688,168.86000061035156,68.86410522460938,46.57141876220703,88.3760757446289,20.449310302734375,74.64006042480469
2021-08-06,413.5648193359375,357.18865966796875,209.91062927246094,124.70201873779297,164.63999938964844,68.6078109741211,46.180206298828125,88.21929931640625,20.636877059936523,74.57745361328125
2021-08-09,413.2283020019531,357.8484802246094,208.7548370361328,124.2547836303711,161.72000122070312,68.57364654541016,46.33134460449219,87.74894714355469,20.345102310180664,74.33667755126953
2021-08-10,413.74237060546875,356.0142517089844,209.1683349609375,123.68095397949219,161.77000427246094,68.7274169921875,46.393585205078125,86.91552734375,20.703569412231445,73.80210876464844
2021-08-11,414.7703857421875,355.4028625488281,210.1925506591797,123.6050033569336,164.0,69.19728088378906,46.51805877685547,87.4271240234375,20.866130828857422,73.81175231933594
2021-08-12,416.01348876953125,356.6839599609375,209.6945037841797,123.4025650024414,164.0399932861328,69.13748168945312,46.10906982421875,87.61691284179688,20.84528923034668,74.23554229736328
2021-08-13,416.7705383300781,357.9359436035156,207.78701782226562,125.35173797607422,166.38999938964844,69.55606842041016,45.99348831176758,88.09552001953125,20.599363327026367,74.64006042480469
2021-08-16,417.75201416015625,358.09112548828125,205.85128784179688,125.65553283691406,167.22000122070312,69.19728088378906,45.57561111450195,87.98824310302734,20.220056533813477,74.97715759277344
2021-08-17,415.01348876953125,354.9371032714844,203.3424072265625,125.60492706298828,166.97000122070312,68.54801177978516,44.73985290527344,87.89747619628906,20.011642456054688,74.35592651367188
2021-08-18,410.47113037109375,351.5208740234375,201.56646728515625,126.02676391601562,167.10000610351562,68.28318786621094,44.810977935791016,87.09706115722656,19.594820022583008,73.33018493652344
2021-08-19,411.106689453125,353.2192687988281,199.15151977539062,126.95506286621094,166.61000061035156,67.60830688476562,44.04635238647461,87.51789093017578,19.086299896240234,74.04772186279297
2021-08-20,414.3778381347656,356.8780517578125,202.51548767089844,127.03947448730469,166.6999969482422,67.87313079833984,44.01078414916992,87.95523834228516,19.127979278564453,75.00125885009766
2021-08-23,418.02294921875,362.2157287597656,206.3681182861328,126.95506286621094,168.72999572753906,68.50530242919922,44.67761993408203,87.7901840209961,19.844919204711914,75.9692153930664
2021-08-24,418.6864929199219,363.3220520019531,208.3977813720703,125.96776580810547,168.64999389648438,68.65052795410156,45.69118881225586,87.4023666381836,20.17420768737793,75.88256072998047
2021-08-25,419.5650939941406,363.7393493652344,209.13072204589844,124.92142486572266,167.47999572753906,68.67613983154297,45.74454116821289,87.34461212158203,20.32843017578125,75.8392105102539
2021-08-26,417.08831787109375,361.4297790527344,206.91311645507812,125.26741790771484,167.6699981689453,68.3173599243164,45.308876037597656,87.37760925292969,20.01997947692871,75.36241149902344
2021-08-27,420.81744384765625,364.94281005859375,212.74838256835938,126.11968994140625,170.19000244140625,68.94097900390625,45.869014739990234,88.2935562133789,20.553512573242188,76.08960723876953
2021-08-30,422.66802978515625,369.0382995605469,211.87449645996094,126.44874572753906,169.35000610351562,68.92390441894531,45.966819763183594,89.17649841308594,20.311758041381836,76.90828704833984
2021-08-31,422.0418395996094,368.73736572265625,212.2879638671875,125.58809661865234,169.69000244140625,68.88973236083984,46.59809112548828,89.59732818603516,20.17420768737793,76.5037612915039
2021-09-01,422.2662048339844,369.3487854003906,213.7162322998047,125.79842376708984,169.6999969482422,69.51335144042969,47.19378662109375,91.03312683105469,19.878263473510742,76.52302551269531
2021-09-02,423.5653076171875,369.17413330078125,215.20091247558594,126.3476333618164,169.25,69.79527282714844,46.98039627075195,91.51173400878906,20.382614135742188,76.44117736816406
2021-09-03,423.4624328613281,370.30963134765625,214.20484924316406,125.19852447509766,171.05999755859375,70.11137390136719,47.22934341430664,91.52820587158203,20.265907287597656,76.74455261230469
2021-09-07,421.94842529296875,370.833740234375,212.72962951660156,124.14237976074219,167.7100067138672,70.1626205444336,47.50497055053711,90.49677276611328,20.145030975341797,76.76382446289062
2021-09-08,421.434326171875,369.54296875,210.40866088867188,124.98731994628906,167.2899932861328,69.60733795166016,46.81147003173828,90.95061492919922,19.8866024017334,76.47006225585938
2021-09-09,419.6305236816406,368.2716064453125,210.30528259277344,126.49968719482422,168.02999877929688,69.48773193359375,46.722557067871094,89.10223388671875,19.928279876708984,76.18110656738281
2021-09-10,416.3218994140625,365.4765319824219,208.24742126464844,125.38440704345703,167.17999267578125,69.33396911621094,46.669212341308594,87.7984619140625,19.919946670532227,75.42984771728516
2021-09-13,417.3873596191406,365.2242736816406,209.43141174316406,126.14476776123047,167.74000549316406,69.88069152832031,46.79368591308594,88.392578125,20.490991592407227,75.45391082763672
2021-09-14,415.1349182128906,364.1858215332031,206.7627716064453,127.67413330078125,168.82000732421875,69.59024810791016,46.4024772644043,88.23580169677734,20.195049285888672,75.35761260986328
2021-09-15,418.60235595703125,366.8934631347656,208.63270568847656,127.22628021240234,167.8300018310547,69.79527282714844,46.393585205078125,88.51634216308594,20.949495315551758,76.01737976074219
2021-09-16,417.9388427734375,367.1458740234375,208.78302001953125,126.64332580566406,164.02999877929688,69.68421936035156,45.869014739990234,88.59062194824219,20.711912155151367,76.06073760986328
2021-09-17,413.86767578125,362.7980041503906,209.0555419921875,126.03498077392578,163.77000427246094,68.77012634277344,45.67341232299805,87.7984619140625,20.55768585205078,74.87602996826172
2021-09-20,406.9667663574219,355.30145263671875,204.08474731445312,127.59806060791016,164.94000244140625,67.49724578857422,44.44644546508789,87.26206970214844,19.92991828918457,73.51221466064453
2021-09-21,406.5823059082031,355.7386474609375,204.3948211669922,127.48822021484375,166.0399932861328,68.16358947753906,44.775413513183594,87.3033447265625,19.976322174072266,73.54115295410156
2021-09-22,410.5484924316406,359.0614013671875,207.57089233398438,128.2486572265625,165.4199981689453,68.50530242919922,45.33555221557617,88.15328216552734,20.592275619506836,74.54942321777344
2021-09-23,415.5367126464844,362.3744812011719,211.24493408203125,125.35066223144531,163.50999450683594,69.24852752685547,45.69118881225586,87.97998809814453,21.313703536987305,75.54805755615234
2021-09-24,416.2210693359375,362.7143859863281,210.22608947753906,124.12547302246094,163.3000030517578,68.59927368164062,45.14883041381836,87.03926849365234,21.47402000427246,75.60112762451172
2021-09-27,415.0303649902344,359.8192138671875,213.4212188720703,123.66921997070312,163.63999938964844,68.55655670166016,45.442237854003906,85.86856842041016,22.237628936767578,74.86783599853516
2021-09-28,406.66668701171875,349.6371765136719,208.56724548339844,121.74286651611328,162.0500030517578,67.06156158447266,44.855430603027344,85.28736114501953,22.313575744628906,72.64866638183594
2021-09-29,407.3512268066406,349.0639953613281,208.12429809570312,121.95405578613281,161.32000732421875,66.90777587890625,44.43754959106445,85.92668151855469,22.313575744628906,72.55699920654297
2021-09-30,402.3724670410156,347.7814636230469,206.17330932617188,121.93719482421875,164.22000122070312,66.64295196533203,44.7932014465332,84.50688934326172,21.976064682006836,72.03599548339844
2021-10-01,407.1543273925781,349.9383239746094,209.50039672851562,122.96336364746094,164.58999633789062,66.80526733398438,44.74874496459961,85.70250701904297,22.714366912841797,73.12145233154297
2021-10-04,401.90362548828125,342.59332275390625,207.5965118408203,122.65034484863281,165.36000061035156,66.10476684570312,44.090797424316406,85.71910095214844,23.08562469482422,71.4281234741211
2021-10-05,406.0854187011719,347.2179870605469,208.3127899169922,121.46603393554688,164.58999633789062,66.55753326416016,44.40198516845703,85.12960052490234,23.220630645751953,72.44606018066406
2021-10-06,407.7731018066406,349.44287109375,207.2289276123047,122.15125274658203,165.02999877929688,66.11328887939453,44.153038024902344,85.94329071044922,22.97593879699707,72.9188232421875
2021-10-07,411.2985534667969,352.6490783691406,210.4240264892578,120.873779296875,164.16000366210938,66.62586975097656,45.01546859741211,86.17575073242188,23.153127670288086,73.5845718383789
2021-10-08,410.5484924316406,350.8904724121094,208.8406219482422,120.0278549194336,164.22999572753906,66.61732482910156,45.18440628051758,85.36207580566406,23.866113662719727,73.30960083007812
2021-10-11,407.5762023925781,348.1993408203125,207.6436004638672,119.72328186035156,163.9199981689453,66.40375518798828,45.09548568725586,85.57794952392578,23.77751922607422,72.90435028076172
2021-10-12,406.57293701171875,346.9848327636719,208.78404235839844,121.77057647705078,164.66000366210938,66.43792724609375,44.86432647705078,86.69886016845703,23.798614501953125,72.5280532836914
2021-10-13,408.03564453125,349.7635192871094,209.77366638183594,122.95491790771484,167.58999633789062,67.0957260131836,45.4866943359375,87.32987213134766,23.77751922607422,72.9719009399414
2021-10-14,414.8990173339844,356.2049560546875,212.8839569091797,123.41175842285156,168.0,67.76207733154297,45.62894821166992,88.39263916015625,24.06861686706543,74.61697387695312
2021-10-15,418.0588684082031,358.4492492675781,212.21478271484375,122.69268798828125,165.3300018310547,68.32589721679688,46.180206298828125,88.32623291015625,24.186750411987305,75.2151870727539
2021-10-18,419.2966003417969,362.0538024902344,212.09228515625,123.26795196533203,164.9199981689453,68.03543090820312,46.06462478637695,88.55039978027344,24.203624725341797,75.85198211669922
2021-10-19,422.5313415527344,364.7935485839844,212.8839569091797,121.5675277709961,165.4499969482422,68.44550323486328,46.6781005859375,88.59191131591797,24.47784996032715,76.60456848144531
2021-10-20,424.19091796875,364.3175048828125,214.2977294921875,120.74689483642578,166.89999389648438,68.68470764160156,46.669212341308594,89.9867935180664,24.676136016845703,76.39230346679688
2021-10-21,425.29736328125,366.5423889160156,214.8443603515625,120.60309600830078,166.75,68.36006927490234,46.36691665649414,90.11134338378906,24.220502853393555,76.68658447265625
2021-10-22,424.8565979003906,363.46258544921875,214.33541870117188,121.93123626708984,167.77000427246094,68.77012634277344,46.26911544799805,90.5347900390625,24.448318481445312,76.4212417602539
2021-10-25,427.13507080078125,367.18365478515625,216.37127685546875,121.74514770507812,168.92999267578125,68.6334457397461,46.5091667175293,90.82540130615234,24.806921005249023,76.67210388183594
2021-10-26,427.5195007324219,368.3398132324219,214.74070739746094,122.75188446044922,167.67999267578125,68.77012634277344,46.26911544799805,91.07447052001953,24.950363159179688,76.88921356201172
2021-10-27,425.6255187988281,369.1947937011719,210.79159545898438,124.98529052734375,168.1199951171875,68.49674224853516,45.895687103271484,90.30229187011719,24.233158111572266,76.8216552734375
2021-10-28,429.73236083984375,373.2947692871094,214.9951934814453,124.56229400634766,168.0800018310547,69.16309356689453,45.94013977050781,91.56433868408203,24.4061279296875,77.59354400634766
2021-10-29,430.6042785644531,375.1310729980469,214.93861389160156,124.94298553466797,166.64999389648438,68.76158142089844,45.27330780029297,90.5347900390625,24.245813369750977,77.92639923095703
2021-11-01,431.3450012207031,376.4135437011719,220.5088653564453,124.04336547851562,167.52000427246094,69.42793273925781,45.62894821166992,90.983154296875,24.663475036621094,77.81063842773438
2021-11-02,433.08892822265625,377.9874572753906,220.9706573486328,124.5939712524414,167.16000366210938,69.28270721435547,45.219970703125,91.41488647460938,24.43144416809082,78.49568176269531
2021-11-03,435.73309326171875,381.9999694824219,224.91976928710938,123.3064956665039,165.77000427246094,69.8465347290039,45.433353424072266,91.72209930419922,24.22893714904785,78.95397186279297
2021-11-04,437.78643798828125,386.8966979980469,224.83494567871094,124.60244750976562,167.64999389648438,69.80381774902344,45.326656341552734,90.85030364990234,24.26268768310547,80.18899536132812
2021-11-05,439.3054504394531,387.265869140625,227.9075164794922,126.4659194946289,169.83999633789062,69.90634155273438,45.27330780029297,91.31524658203125,24.5791015625,80.60388946533203
2021-11-08,439.6805114746094,386.74127197265625,228.6144256591797,126.22885131835938,170.4499969482422,69.89778900146484,45.69118881225586,91.24053955078125,24.802703857421875,81.03807067871094
2021-11-09,438.2271423339844,384.0791931152344,227.2854766845703,127.8720932006836,171.2899932861328,69.74400329589844,45.513370513916016,91.39828491210938,24.903955459594727,80.70518493652344
2021-11-10,434.7016906738281,378.43438720703125,223.70391845703125,125.53418731689453,173.14999389648438,68.89826965332031,45.326656341552734,90.97484588623047,24.245813369750977,79.37369537353516
2021-11-11,434.84228515625,379.4836730957031,225.504150390625,125.34786224365234,174.1199951171875,69.14602661132812,46.10906982421875,91.1242904663086,24.33863067626953,79.74517059326172
2021-11-12,438.1240539550781,383.47674560546875,225.73031616210938,124.79720306396484,174.4499969482422,69.52190399169922,46.23354721069336,91.05787658691406,24.279565811157227,80.71483612060547
2021-11-15,438.2740783691406,383.389404296875,224.83494567871094,123.23023223876953,174.17999267578125,69.39376068115234,46.082401275634766,91.69719696044922,24.482070922851562,80.63282775878906
2021-11-16,440.0086364746094,386.11944580078125,225.24964904785156,122.91679382324219,172.9199981689453,69.24000549316406,46.1446418762207,91.0910873413086,24.520042419433594,81.48190307617188
2021-11-17,438.93975830078125,386.3235778808594,222.29962158203125,123.89089965820312,174.5,69.15455627441406,45.90458679199219,91.37336730957031,24.14455795288086,81.23585510253906
2021-11-18,440.4306335449219,390.32635498046875,221.35707092285156,124.35680389404297,173.94000244140625,69.22289276123047,45.34444046020508,91.38997650146484,24.001121520996094,82.04634857177734
2021-11-19,439.64306640625,392.502685546875,219.3401336669922,125.66976928710938,172.61000061035156,68.6334457397461,45.27330780029297,90.85030364990234,23.064529418945312,82.6445541381836
2021-11-22,438.4053649902344,387.946044921875,218.4070587158203,124.19586944580078,168.74000549316406,68.23193359375,44.90877914428711,90.40191650390625,23.473758697509766,81.72311401367188
2021-11-23,438.98663330078125,386.1777648925781,218.030029296875,122.4001235961914,167.27999877929688,68.16358947753906,44.86432647705078,91.1325912475586,24.195180892944336,81.53495788574219
2021-11-24,440.1587219238281,387.4214782714844,218.2657012939453,124.36526489257812,167.1199951171875,67.71080780029297,44.80208206176758,92.23687744140625,24.43144416809082,82.12836456298828
2021-11-26,430.3416748046875,380.0763244628906,210.03759765625,127.50782775878906,166.85000610351562,65.89118194580078,43.299503326416016,89.6712875366211,23.448448181152344,80.07807159423828
2021-11-29,435.6205749511719,388.324951171875,209.90567016601562,126.48294067382812,166.6199951171875,66.22434997558594,43.46842956542969,90.33552551269531,23.583450317382812,82.08010864257812
2021-11-30,427.14447021484375,382.6218566894531,205.62664794921875,128.40576171875,165.5,65.6434326171875,43.423973083496094,88.62510681152344,23.030780792236328,81.39506530761719
2021-12-01,422.4000244140625,376.1123962402344,200.99896240234375,129.19784545898438,166.16000366210938,65.26753997802734,43.584014892578125,87.163818359375,22.78608512878418,80.28067016601562
2021-12-02,428.86968994140625,378.8230895996094,206.6068878173828,129.35903930664062,165.24000549316406,66.07911682128906,44.11747741699219,89.77922821044922,23.448448181152344,81.01879119873047
2021-12-03,425.13787841796875,372.23577880859375,202.36557006835938,130.90249633789062,166.6300048828125,65.80575561523438,43.49509811401367,89.48033142089844,23.262821197509766,79.66316223144531
2021-12-06,430.1729736328125,375.21856689453125,206.4278106689453,129.10458374023438,166.22000122070312,66.43792724609375,43.83295822143555,91.04956817626953,23.608760833740234,80.42056274414062
2021-12-07,439.0710754394531,386.5177307128906,211.21575927734375,128.0613555908203,166.80999755859375,67.83895874023438,44.52646255493164,92.36141967773438,24.161436080932617,83.22827911376953
2021-12-08,440.2336730957031,388.2471618652344,212.65777587890625,125.84786224365234,166.89999389648438,67.96710205078125,44.704280853271484,93.02567291259766,24.157217025756836,83.60939025878906
2021-12-09,437.2613525390625,382.53448486328125,207.84156799316406,126.55181884765625,165.8800048828125,67.40326690673828,44.490901947021484,91.68058013916016,23.971586227416992,82.70726776123047
2021-12-10,441.3775329589844,386.6927185058594,207.26661682128906,126.2464599609375,166.5800018310547,67.54850006103516,44.52646255493164,91.96290588378906,24.14878273010254,84.36682891845703
2021-12-13,437.4676208496094,381.1062316894531,204.23768615722656,128.11231994628906,167.0,66.91575622558594,43.8203239440918,92.82638549804688,23.47797966003418,83.11249542236328
2021-12-14,434.4578552246094,377.16168212890625,202.479248046875,127.8070068359375,165.44000244140625,66.55941009521484,43.72112274169922,91.63908386230469,23.380945205688477,81.74725341796875
2021-12-15,441.246337890625,385.75994873046875,205.6935577392578,126.57723999023438,166.14999389648438,67.46331787109375,43.59486389160156,92.92603302001953,23.26703453063965,83.91333770751953
2021-12-16,437.3551940917969,375.84033203125,201.53392028808594,126.62653350830078,168.16000366210938,67.47200012207031,43.64897918701172,92.8927993774414,23.414695739746094,81.53495788574219
2021-12-17,432.70037841796875,373.9651794433594,203.38682556152344,128.06137084960938,167.8000030517578,66.62024688720703,43.43253707885742,92.77657318115234,22.93796157836914,80.98980712890625
2021-12-20,428.0993957519531,370.33758544921875,200.53179931640625,127.10195922851562,167.08999633789062,66.47249603271484,42.783206939697266,92.0542221069336,22.653778076171875,80.02654266357422
2021-12-21,435.7019958496094,378.6258850097656,206.2607421875,126.61802673339844,167.02000427246094,67.2112808227539,43.50468063354492,93.09207916259766,23.299076080322266,82.05171966552734
2021-12-22,440.0585021972656,383.2369689941406,208.2460174560547,127.20389556884766,168.58999633789062,67.8370590209961,43.71210861206055,94.04691314697266,23.44864845275879,83.12472534179688
2021-12-23,442.7965393066406,386.1262512207031,209.90988159179688,126.10009765625,168.97000122070312,68.23687744140625,43.93756103515625,93.94728088378906,23.461469650268555,83.5887451171875
2021-12-27,449.0630187988281,392.50787353515625,211.87623596191406,126.40575408935547,169.3699951171875,68.76703643798828,44.13597106933594,95.54216003417969,23.974287033081055,85.38191986083984
2021-12-28,448.69610595703125,390.688720703125,210.5811309814453,125.90485382080078,168.63999938964844,68.79312133789062,43.991668701171875,95.89414978027344,23.957195281982422,84.93727111816406
2021-12-29,449.27008056640625,390.63031005859375,210.80799865722656,124.52934265136719,168.58999633789062,68.76703643798828,43.793277740478516,96.53948974609375,23.803348541259766,85.00975799560547
2021-12-30,448.028076171875,389.4629211425781,210.75125122070312,125.5737075805664,169.8000030517578,68.5867691040039,44.29496383666992,96.95852661132812,23.658048629760742,84.4490966796875
2021-12-31,446.8988952636719,387.03094482421875,210.2975311279297,125.81988525390625,170.9600067138672,68.52579498291016,44.078399658203125,97.22673034667969,23.717876434326172,84.03824615478516
2022-01-03,449.4864196777344,390.7568054199219,213.01071166992188,122.51718139648438,168.3300018310547,68.96997833251953,44.39421081542969,96.46405029296875,24.45292091369629,84.83576965332031
2022-01-04,449.3359069824219,385.6884460449219,212.68927001953125,122.00775909423828,169.57000732421875,69.36190032958984,44.240821838378906,96.34671020507812,25.299070358276367,83.9367446899414
2022-01-05,440.70770263671875,373.8396911621094,205.48553466796875,121.34547424316406,169.05999755859375,68.75224304199219,43.51896286010742,93.58942413330078,25.294797897338867,81.355712890625
2022-01-06,440.293701171875,373.5769958496094,206.6577911376953,121.65957641601562,166.99000549316406,68.40386199951172,43.717472076416016,93.6732177734375,25.858898162841797,80.94487762451172
2022-01-07,438.5529479980469,369.5301818847656,204.2659912109375,120.78506469726562,167.75,68.60416412353516,44.11449432373047,93.05304718017578,26.21359634399414,80.20052337646484
2022-01-10,438.00726318359375,369.7733154296875,203.55699157714844,121.0822525024414,168.25999450683594,67.9683837890625,44.11449432373047,92.51665496826172,26.132400512695312,80.21503448486328
2022-01-11,441.9967346191406,375.328125,205.72190856933594,121.8888168334961,170.2899932861328,68.70869445800781,45.134117126464844,92.65914916992188,27.02128791809082,81.17688751220703
2022-01-12,443.1916809082031,376.8164978027344,204.1903839111328,121.4218978881836,170.74000549316406,69.37932586669922,45.8830451965332,92.76809692382812,27.07257080078125,81.55873107910156
2022-01-13,437.0851135253906,367.3900451660156,202.31854248046875,122.5001449584961,170.16000366210938,68.87417602539062,45.233375549316406,92.58370208740234,26.935815811157227,79.44651794433594
2022-01-14,437.2639465332031,369.67608642578125,202.6021728515625,120.6492691040039,169.6699981689453,68.80450439453125,45.215328216552734,91.7456283569336,27.568294525146484,80.11834716796875
2022-01-18,429.5201110839844,360.47332763671875,196.47616577148438,118.95111083984375,169.38999938964844,67.79419708251953,44.41225814819336,90.78181457519531,27.67940330505371,78.1946792602539
2022-01-19,425.0602111816406,356.5140075683594,193.28082275390625,119.7747573852539,172.0800018310547,67.7332534790039,44.60174560546875,89.5582046508789,27.478553771972656,77.10233306884766
2022-01-20,420.3555908203125,351.8834533691406,189.78294372558594,120.51342010498047,171.64999389648438,67.40227508544922,44.863426208496094,88.41002655029297,27.226415634155273,76.10664367675781
2022-01-21,412.1037292480469,342.1261291503906,186.22837829589844,121.94831085205078,171.08999633789062,66.48777770996094,44.213748931884766,88.19212341308594,26.68795394897461,74.59379577636719
2022-01-24,413.8538513183594,343.69244384765625,190.5203094482422,120.94640350341797,172.02999877929688,65.82586669921875,43.59115219116211,88.3597640991211,26.867441177368164,74.98046875
2022-01-25,408.8011169433594,335.72509765625,187.97731018066406,120.75115966796875,172.5800018310547,65.42525482177734,43.50994873046875,88.00775146484375,27.910175323486328,73.24528503417969
2022-01-26,407.7754821777344,335.1997985839844,185.2640838623047,119.29078674316406,169.7899932861328,65.17266845703125,42.959529876708984,86.6332778930664,27.863162994384766,73.67544555664062
2022-01-27,405.761962890625,331.82415771484375,181.0572052001953,121.48125457763672,167.60000610351562,64.86782836914062,42.46324920654297,85.20015716552734,28.166582107543945,73.1679458618164
2022-01-28,415.83917236328125,342.233154296875,184.5834197998047,121.52375030517578,167.10000610351562,65.0855712890625,42.6707763671875,87.95745849609375,28.046916961669922,76.3676528930664
2022-01-31,423.3288879394531,353.1772155761719,190.24620056152344,120.89545440673828,168.08999633789062,66.03490447998047,44.06937789916992,89.03858947753906,28.17085075378418,78.2865219116211
2022-02-01,426.1892395019531,355.58013916015625,192.25038146972656,120.49422454833984,168.22999572753906,66.66197204589844,44.34008026123047,88.72012329101562,29.175121307373047,78.4895248413086
2022-02-02,430.3293151855469,358.4693603515625,190.34072875976562,120.90225219726562,168.83999633789062,67.15840911865234,44.26789474487305,89.8515396118164,29.269145965576172,79.12751770019531
2022-02-03,420.2144470214844,343.9356384277344,186.7388458251953,119.95849609375,168.60000610351562,66.09587097167969,43.798683166503906,88.89610290527344,28.99136734008789,76.83165740966797
2022-02-04,422.1903991699219,348.2743835449219,187.5424346923828,118.1900405883789,168.86000061035156,66.25263214111328,43.906959533691406,88.0161361694336,29.444351196289062,77.14099884033203
2022-02-07,420.83551025390625,345.47265625,188.4689178466797,118.26654052734375,170.11000061035156,66.36585998535156,43.816734313964844,87.89041137695312,29.8204288482666,76.6286392211914
2022-02-08,424.2980651855469,349.3541564941406,191.68316650390625,117.47579193115234,170.6300048828125,66.70552825927734,44.240821838378906,87.47974395751953,29.179399490356445,77.57599639892578
2022-02-09,430.5080871582031,356.75726318359375,195.3228302001953,117.6968994140625,171.2100067138672,67.7854995727539,44.93560791015625,89.45764923095703,29.422990798950195,79.29670715332031
2022-02-10,422.77374267578125,348.6828918457031,192.32598876953125,115.82640075683594,170.55999755859375,66.92325592041016,44.637840270996094,87.34564208984375,29.23923110961914,77.2231674194336
2022-02-11,414.4371643066406,337.6221008300781,190.37852478027344,117.54389190673828,173.80999755859375,65.91297149658203,43.961097717285156,86.5494613647461,30.089656829833984,74.86445617675781
2022-02-14,413.0823059082031,338.0403747558594,189.716796875,116.08146667480469,174.74000549316406,65.48621368408203,43.65431213378906,85.76166534423828,29.3802547454834,74.84028625488281
2022-02-15,419.7439880371094,346.4454650878906,194.80288696289062,114.76362609863281,173.0800018310547,66.68810272216797,44.60174560546875,86.53270721435547,29.072555541992188,76.80748748779297
2022-02-16,420.2144470214844,346.35797119140625,195.20941162109375,115.44377136230469,174.86000061035156,66.940673828125,44.926578521728516,86.93498992919922,29.307607650756836,76.73014831542969
2022-02-17,411.23809814453125,336.055908203125,190.2083282470703,116.30253601074219,177.25,65.86071014404297,44.403236389160156,86.01309204101562,29.26059913635254,74.43429565429688
2022-02-18,408.5753173828125,332.2230529785156,188.5728759765625,117.52685546875,177.1199951171875,65.5820083618164,43.961097717285156,85.49346923828125,29.081106185913086,73.68028259277344
2022-02-22,404.1905517578125,328.88623046875,185.91641235351562,117.83290100097656,177.49000549316406,64.8155746459961,43.3385009765625,85.1833724975586,28.611026763916016,72.99878692626953
2022-02-23,397.02081298828125,320.4618835449219,182.43743896484375,116.20901489257812,178.2899932861328,64.2843017578125,42.83320617675781,83.77539825439453,28.905893325805664,71.17176818847656
2022-02-24,402.9956359863281,331.23077392578125,187.2210235595703,116.28553009033203,177.13999938964844,63.42207336425781,41.94892883300781,85.1833724975586,28.679401397705078,73.60295867919922
2022-02-25,411.88739013671875,336.3671875,191.43736267089844,116.37052917480469,176.5500030517578,65.00717163085938,42.72492218017578,87.2366714477539,29.43581199645996,74.60347747802734
2022-02-28,410.83349609375,337.369140625,192.2125701904297,118.92118072509766,178.3800048828125,63.77044677734375,42.16548156738281,85.93766021728516,30.162302017211914,74.46812438964844
2022-03-01,404.576416015625,332.2035827636719,188.59182739257812,120.29618072509766,181.6199951171875,62.37693786621094,41.60604476928711,85.48507690429688,30.465721130371094,72.97944641113281
2022-03-02,412.0190734863281,337.7777404785156,193.08230590820312,116.18411254882812,179.72999572753906,63.16078186035156,41.67822265625,87.08584594726562,31.16229820251465,74.55995178222656
2022-03-03,409.9678649902344,332.95263671875,190.7945098876953,117.36750030517578,180.8000030517578,61.91532516479492,41.09172058105469,87.79823303222656,31.247772216796875,73.67062377929688
2022-03-04,406.63702392578125,328.1274719238281,187.80712890625,119.39370727539062,183.67999267578125,60.12119674682617,40.2615852355957,88.20050811767578,32.149478912353516,72.3801040649414
2022-03-07,394.6496887207031,316.0257873535156,183.13702392578125,118.48278045654297,186.41000366210938,58.21382522583008,38.75471115112305,86.457275390625,32.623836517333984,69.73140716552734
2022-03-08,391.6575622558594,314.556884765625,184.14857482910156,117.29086303710938,191.50999450683594,58.718971252441406,38.88102722167969,86.03823852539062,33.13665008544922,69.39307403564453
2022-03-09,402.1582946777344,325.88031005859375,189.338623046875,116.14157104492188,185.82000732421875,61.175025939941406,39.98186492919922,87.36241912841797,32.123836517333984,72.138427734375
2022-03-10,400.34228515625,322.2615051269531,188.998291015625,114.4728775024414,186.39999389648438,60.44343948364258,39.232940673828125,87.580322265625,33.10674285888672,70.87691497802734
2022-03-11,395.2518615722656,315.5783386230469,185.98255920410156,114.85601806640625,185.08999633789062,59.79023742675781,38.411827087402344,86.88469696044922,32.84178161621094,69.62989044189453
2022-03-14,392.3631896972656,309.5177001953125,182.18222045898438,112.17426300048828,182.3000030517578,60.33892822265625,37.48243713378906,86.20584869384766,31.858875274658203,68.3393783569336
2022-03-15,400.9914855957031,319.2264099121094,185.08445739746094,111.97844696044922,178.88999938964844,60.913753509521484,37.53656768798828,86.78413391113281,30.692224502563477,70.63525390625
2022-03-16,409.8832092285156,331.0654602050781,190.9079132080078,113.07670593261719,180.00999450683594,63.09981155395508,40.559349060058594,87.81497955322266,30.55118751525879,72.93111419677734
2022-03-17,415.0111999511719,335.0733642578125,193.90478515625,112.23384094238281,180.88999938964844,63.63108825683594,40.35181427001953,89.17267608642578,31.602468490600586,73.44827270507812
2022-03-18,419.5567321777344,341.9317321777344,195.9468231201172,113.60453796386719,179.3000030517578,64.24945831298828,40.92930221557617,89.17267608642578,31.572551727294922,74.95147705078125
2022-03-21,419.43402099609375,340.9810485839844,194.2167510986328,110.97386169433594,180.6699981689453,63.84882736206055,40.29767608642578,88.62791442871094,32.84529113769531,74.80911254882812
2022-03-22,424.3420104980469,347.6822814941406,196.16421508789062,109.55209350585938,179.36000061035156,64.44977569580078,41.02855682373047,88.85420989990234,32.60368347167969,75.88410949707031
2022-03-23,418.87713623046875,342.68548583984375,192.76087951660156,111.95289611816406,181.80999755859375,63.613685607910156,40.75786590576172,87.85733795166016,33.16455841064453,74.71710205078125
2022-03-24,425.19146728515625,350.30230712890625,194.9773712158203,111.07600402832031,183.1300048828125,64.20591735839844,40.97441864013672,88.41350555419922,33.24652099609375,76.65887451171875
2022-03-25,427.26788330078125,350.0101318359375,195.24261474609375,109.53507232666016,182.3800048828125,64.24076843261719,40.64958190917969,89.51741027832031,33.97565841674805,76.61529541015625
2022-03-28,430.30706787109375,355.425537109375,195.30894470214844,110.47149658203125,179.05999755859375,64.0317153930664,40.78493118286133,90.46961975097656,33.13435745239258,77.52565002441406
2022-03-29,435.6303405761719,361.5423889160156,200.53761291503906,111.30587768554688,179.13999938964844,65.45137023925781,41.479713439941406,93.1240463256836,33.048072814941406,79.17205047607422
2022-03-30,432.9404602050781,357.54888916015625,196.51190185546875,112.17426300048828,180.5800018310547,65.1813735961914,41.36241149902344,92.44992065429688,33.43204879760742,78.11640167236328
2022-03-31,426.2768249511719,353.1171875,194.4375,112.44666290283203,180.64999389648438,64.10140991210938,40.73981857299805,91.32073211669922,32.979042053222656,76.95909881591797
2022-04-01,427.4850158691406,352.4450988769531,196.61611938476562,112.87471771240234,179.5,64.70234680175781,41.41655349731445,93.09877014160156,33.24652099609375,76.73150634765625
2022-04-04,431.1471252441406,359.70147705078125,196.93817138671875,112.09028625488281,180.3699951171875,64.96363067626953,42.147438049316406,92.64371490478516,33.289676666259766,78.18904876708984
2022-04-05,425.70111083984375,351.714599609375,192.27780151367188,109.55790710449219,179.24000549316406,64.083984375,41.371437072753906,92.18869018554688,32.76763916015625,76.54267120361328
2022-04-06,421.4444274902344,344.078369140625,189.54977416992188,108.67108154296875,179.66000366210938,63.31755447387695,40.83004379272461,93.28416442871094,32.96178436279297,74.73162841796875
2022-04-07,423.5680236816406,344.8965759277344,188.93408203125,107.85258483886719,180.33999633789062,63.456905364990234,40.505210876464844,92.35722351074219,33.393226623535156,74.84784698486328
2022-04-08,422.4354248046875,340.0751953125,187.42796325683594,106.6844482421875,181.47000122070312,63.483036041259766,40.54130554199219,92.5089111328125,34.312171936035156,73.8019027709961
2022-04-11,415.215087890625,332.02996826171875,186.16818237304688,104.99617004394531,182.3699951171875,62.812416076660156,40.03600311279297,91.51454162597656,33.28104782104492,71.94245147705078
2022-04-12,413.67657470703125,330.6273193359375,186.7554931640625,104.85121154785156,183.77000427246094,62.342098236083984,39.90968322753906,91.37972259521484,33.833282470703125,71.62285614013672
2022-04-13,418.4147033691406,337.3479919433594,190.3075714111328,105.0643539428711,184.64999389648438,63.01272964477539,40.43302917480469,92.02857208251953,34.33806610107422,72.77532196044922
2022-04-14,413.20465087890625,329.63372802734375,188.46044921875,102.95832824707031,184.0399932861328,62.725311279296875,39.90968322753906,91.63251495361328,34.450233459472656,71.00788116455078
2022-04-18,413.37451171875,329.8870544433594,187.19119262695312,102.4467544555664,184.61000061035156,62.35951614379883,39.77432632446289,91.2617416381836,34.95501708984375,71.24031066894531
2022-04-19,420.0475158691406,337.2602844238281,190.92324829101562,101.67932891845703,181.82000732421875,62.6556282043457,39.57582092285156,93.25045776367188,34.67026901245117,72.5767822265625
2022-04-20,419.736083984375,332.3415222167969,191.65261840820312,103.72570037841797,182.7100067138672,63.07368850708008,39.34121322631836,94.80096435546875,34.80401611328125,72.5090103149414
2022-04-21,413.4595031738281,325.4650573730469,187.3616943359375,102.95832824707031,182.05999755859375,62.39435577392578,38.58325958251953,94.14368438720703,33.69954299926758,71.27903747558594
2022-04-22,402.1145324707031,316.9424743652344,182.51185607910156,102.31029510498047,180.2899932861328,61.3753547668457,38.24038314819336,92.49205780029297,32.875492095947266,69.28401184082031
2022-04-25,404.4458312988281,321.0137634277344,183.6201171875,103.33349609375,177.0500030517578,61.079219818115234,37.960662841796875,92.25609588623047,31.788278579711914,70.3250961303711
2022-04-26,392.73272705078125,308.8971862792969,177.83255004882812,104.37373352050781,177.32000732421875,59.3721923828125,37.130531311035156,90.7392807006836,31.831417083740234,67.7054214477539
2022-04-27,393.8370361328125,308.527099609375,177.09371948242188,103.0350570678711,175.97999572753906,59.64218521118164,37.56364822387695,90.14097595214844,32.2973747253418,68.707763671875
2022-04-28,403.78509521484375,319.4846496582031,180.3995361328125,103.18853759765625,176.92999267578125,60.48698425292969,38.10503387451172,91.80105590820312,33.2767333984375,71.45820617675781
2022-04-29,388.8630065917969,305.1082763671875,175.18978881835938,101.849853515625,176.91000366210938,59.781532287597656,38.24038314819336,87.58768463134766,32.4224853515625,68.48018646240234
2022-05-02,391.2037658691406,310.2022705078125,177.02737426757812,100.08444213867188,173.6300048828125,59.63346481323242,38.18624496459961,85.47254180908203,32.940208435058594,69.52130126953125
2022-05-03,392.9969787597656,310.5335388183594,178.54299926757812,100.7591781616211,174.08999633789062,60.07765197753906,38.46596145629883,86.53433227539062,33.863487243652344,69.64234161376953
2022-05-04,404.96490478515625,321.0332946777344,183.3075408935547,101.3143310546875,175.8000030517578,61.13148498535156,38.88102722167969,87.5286865234375,35.26996994018555,72.08771514892578
2022-05-05,390.5713195800781,304.8647766113281,175.87181091308594,98.53850555419922,175.1300048828125,59.16315841674805,37.44634246826172,85.19446563720703,34.73929977416992,68.62062072753906
2022-05-06,388.24005126953125,301.2122497558594,172.9449005126953,97.08650207519531,175.4199981689453,58.58833694458008,36.9320182800293,84.18325805664062,35.774749755859375,68.06858825683594
2022-05-09,375.8096618652344,289.4267272949219,165.670166015625,97.94059753417969,172.8800048828125,56.820316314697266,35.86727523803711,80.4754867553711,32.815093994140625,65.43436431884766
2022-05-10,376.677978515625,292.9429626464844,165.71754455566406,98.82889556884766,171.4199981689453,57.24708938598633,36.03871536254883,79.00923919677734,33.112789154052734,66.43189239501953
2022-05-11,370.6940002441406,284.2547302246094,161.5970916748047,100.73356628417969,172.82000732421875,56.907405853271484,35.786067962646484,78.8406982421875,33.557167053222656,64.33514404296875
2022-05-12,370.3070068359375,283.5826721191406,163.49151611328125,100.545654296875,170.1699981689453,56.76806640625,35.55146026611328,79.45586395263672,33.69954299926758,63.671756744384766
2022-05-13,379.1602478027344,294.0923156738281,168.67288208007812,99.05952453613281,168.7899932861328,58.34446716308594,36.53499984741211,81.55411529541016,34.851478576660156,65.787841796875
2022-05-16,377.6217956542969,290.6831970214844,167.86773681640625,98.9570083618164,170.39999389648438,58.396732330322266,36.390628814697266,81.04008483886719,35.77043914794922,65.20677947998047
2022-05-17,385.3896484375,298.21234130859375,173.00167846679688,97.76126861572266,169.3300018310547,59.485408782958984,37.28392028808594,82.14398956298828,36.18462371826172,67.09527587890625
2022-05-18,369.8538818359375,283.572998046875,166.939453125,99.84526062011719,169.4199981689453,58.06576919555664,36.390628814697266,79.75920867919922,35.25702667236328,64.02523803710938
2022-05-19,367.5887756347656,282.053466796875,167.21414184570312,100.08444213867188,171.91000366210938,58.6231689453125,36.968116760253906,79.40528869628906,35.12759780883789,63.32311248779297
2022-05-20,367.7491455078125,281.1768493652344,166.78790283203125,101.22039031982422,172.02999877929688,59.0238037109375,37.12150573730469,79.91089630126953,35.27859878540039,63.463539123535156
2022-05-23,374.6299133300781,285.85211181640625,168.8054962158203,99.55486297607422,172.8300018310547,60.025386810302734,37.401222229003906,80.83783721923828,36.210506439208984,64.92108154296875
2022-05-24,371.76995849609375,279.7742919921875,166.3048095703125,101.51931762695312,174.1300048828125,59.92958068847656,36.75155258178711,81.52042388916016,36.34856033325195,63.95744323730469
2022-05-25,375.05462646484375,283.6898498535156,169.29803466796875,101.9207534790039,173.0800018310547,59.9470100402832,36.9320182800293,82.21141815185547,37.09926223754883,64.70316314697266
2022-05-26,382.5486755371094,291.550048828125,173.0774688720703,101.45953369140625,172.75999450683594,60.60891342163086,37.50950622558594,82.31253051757812,37.509132385253906,66.25757598876953
2022-05-27,391.9399108886719,301.0660705566406,177.73785400390625,101.70724487304688,172.85000610351562,61.34052276611328,37.9426155090332,84.52033996582031,38.19511032104492,68.49954986572266
2022-05-31,389.74072265625,300.2674255371094,175.53079223632812,99.55486297607422,171.13999938964844,60.974727630615234,38.47499084472656,83.48385620117188,37.62130355834961,68.0104751586914
2022-06-01,386.5882568359375,298.0467224121094,174.5362091064453,99.44107055664062,172.22999572753906,60.33021926879883,38.204288482666016,82.79285430908203,38.23393630981445,67.80709838867188
2022-06-02,393.9502868652344,306.2089538574219,178.7987060546875,99.4924087524414,174.35000610351562,61.58438491821289,38.86299133300781,83.93046569824219,38.113136291503906,69.44863891601562
2022-06-03,387.4849853515625,298.2414855957031,177.18846130371094,99.27851867675781,172.5800018310547,60.70472717285156,38.231353759765625,82.80970764160156,38.617923736572266,67.78773498535156
2022-06-06,388.6647644042969,299.2350158691406,177.9556884765625,97.44747924804688,171.82000732421875,60.9485969543457,38.43889236450195,82.54847717285156,38.574771881103516,67.79257202148438
2022-06-07,392.3929138183594,301.816162109375,180.82583618164062,98.4998779296875,172.94000244140625,61.13148498535156,38.556190490722656,83.68608856201172,39.72671127319336,68.60124969482422
2022-06-08,388.12677001953125,299.64410400390625,178.031494140625,97.62715148925781,172.77999877929688,60.27796173095703,38.76372528076172,81.75635528564453,39.8129997253418,67.82647705078125
2022-06-09,378.89599609375,291.6182556152344,174.34085083007812,97.95228576660156,172.22999572753906,59.0120849609375,37.84646224975586,79.81820678710938,38.9328727722168,66.01544952392578
2022-06-10,367.9096984863281,281.3327331542969,169.61122131347656,97.34477996826172,174.5399932861328,57.58774948120117,37.4278678894043,78.04859161376953,38.272769927978516,63.47806167602539
2022-06-13,353.9407958984375,268.2518310546875,161.64306640625,94.29021453857422,169.92999267578125,55.68269729614258,36.11748123168945,74.1469955444336,36.27522277832031,60.664669036865234
2022-06-14,352.874267578125,268.7388610839844,160.86428833007812,93.10088348388672,168.57000732421875,55.15747833251953,36.617977142333984,73.58241271972656,36.3442497253418,61.04721450805664
2022-06-15,357.90496826171875,275.44970703125,163.21958923339844,94.8377914428711,170.77000427246094,56.19011306762695,37.10026931762695,75.32673645019531,35.54177474975586,62.335262298583984
2022-06-16,346.0597229003906,264.33624267578125,155.6597900390625,95.59076690673828,172.69000244140625,54.952720642089844,35.96278381347656,73.3464584350586,33.5399055480957,59.79789352416992
2022-06-17,346.8056945800781,267.55047607421875,156.8754425048828,95.89878845214844,171.27000427246094,54.73017120361328,36.09927749633789,73.90261840820312,31.706300735473633,60.345069885253906
2022-06-21,355.5361328125,274.3006286621094,159.68661499023438,94.2730941772461,170.6300048828125,55.55807113647461,36.681671142578125,74.93069458007812,33.34888458251953,61.88068389892578
2022-06-22,354.8915100097656,273.900634765625,159.38270568847656,96.86565399169922,171.30999755859375,55.184181213378906,36.02648162841797,75.88292694091797,32.01386642456055,61.6185188293457
2022-06-23,358.3703918457031,277.979736328125,161.2916717529297,97.6613540649414,170.25999450683594,55.12186050415039,36.135677337646484,77.32459259033203,30.82720947265625,62.540958404541016
2022-06-24,369.7643127441406,287.50439453125,166.28721618652344,96.30949401855469,170.08999633789062,56.76875305175781,36.99107360839844,78.96979522705078,31.232940673828125,64.78878021240234
2022-06-27,368.3519592285156,285.3964538574219,166.90451049804688,95.48805236816406,169.89999389648438,56.52839660644531,37.03656768798828,78.85106658935547,32.14911651611328,64.35183715820312
2022-06-28,360.82550048828125,276.701416015625,163.77044677734375,95.93302917480469,169.6199951171875,56.14560317993164,36.8090705871582,77.89278411865234,33.01730728149414,62.4244384765625
2022-06-29,360.5315856933594,276.955078125,162.1083984375,97.43038940429688,169.49000549316406,55.93195724487305,36.66347885131836,77.40939331054688,31.86989974975586,62.55065155029297
2022-06-30,357.6025085449219,273.52001953125,160.8452606201172,98.28598022460938,168.4600067138672,55.62929153442383,36.490577697753906,77.26522064208984,31.19804573059082,61.71562576293945
2022-07-01,361.3847351074219,275.32537841796875,162.79220581054688,99.29502868652344,168.32000732421875,55.7628173828125,36.26307678222656,78.65602111816406,31.664852142333984,61.856422424316406
2022-07-05,362.0672302246094,280.0387878417969,164.14083862304688,100.07523345947266,164.75,54.5699348449707,35.98099136352539,78.43550872802734,30.40838050842285,62.633182525634766
2022-07-06,363.2900085449219,281.8344421386719,162.92518615722656,98.39485931396484,162.13999938964844,54.614444732666016,35.76258087158203,78.2913589477539,29.889223098754883,63.17208480834961
2022-07-07,368.73114013671875,287.8654479980469,166.78106689453125,97.52898406982422,162.22999572753906,55.44234085083008,36.481475830078125,78.50336456298828,30.966814041137695,64.47805786132812
2022-07-08,368.4278259277344,288.2264709472656,166.76205444335938,96.44874572753906,162.3000030517578,55.50465393066406,36.481475830078125,78.08781433105469,30.95372772216797,64.50718688964844
2022-07-11,364.2190856933594,282.0687561035156,163.4095458984375,98.11195373535156,161.42999267578125,54.60554504394531,35.507781982421875,77.91822052001953,30.657052993774414,63.61874008178711
2022-07-12,360.99609375,279.3361511230469,162.84921264648438,98.69490051269531,160.8300018310547,54.596641540527344,35.37128448486328,77.6129150390625,30.059358596801758,62.74970626831055
2022-07-13,359.1002502441406,278.76043701171875,162.70677185058594,99.82658386230469,161.60000610351562,54.5699348449707,35.289390563964844,77.23979187011719,30.011367797851562,62.584651947021484
2022-07-14,358.2281799316406,279.755859375,161.0352325439453,99.01212310791016,159.3300018310547,53.80434799194336,34.97089385986328,76.54438781738281,29.4442138671875,63.15751266479492
2022-07-15,365.0721740722656,284.83038330078125,164.38775634765625,99.56939697265625,159.00999450683594,54.658958435058594,35.152889251708984,77.84190368652344,29.92411231994629,64.2693099975586
2022-07-18,362.05780029296875,282.41998291015625,163.92236328125,98.53204345703125,159.16000366210938,54.88151168823242,35.398590087890625,77.29066467285156,30.609073638916016,63.64786911010742
2022-07-19,371.8403015136719,291.1053466796875,169.7062225341797,98.0005111694336,159.5399932861328,56.37705993652344,35.98099136352539,79.29206085205078,31.55142593383789,65.58983612060547
2022-07-20,374.2100524902344,295.7212829589844,172.36544799804688,98.25768280029297,158.0399932861328,56.003173828125,35.8262825012207,79.10546112060547,31.856813430786133,66.61421966552734
2022-07-21,378.02069091796875,299.96636962890625,173.24868774414062,99.95516204833984,160.27000427246094,56.58181381225586,36.23577880859375,79.7330322265625,31.298381805419922,67.55122375488281
2022-07-22,374.51336669921875,294.7063293457031,170.48500061035156,101.63553619384766,160.6699981689453,56.43937683105469,35.87178039550781,80.14857482910156,31.040983200073242,66.61906433105469
2022-07-25,374.9684143066406,293.02777099609375,171.36822509765625,100.64105987548828,160.22999572753906,56.875579833984375,35.99919128417969,80.28426361083984,32.179656982421875,66.19670867919922
2022-07-26,370.5321960449219,287.2701416015625,170.31402587890625,100.71821594238281,160.0399932861328,56.083290100097656,35.71708297729492,80.36906433105469,31.887351989746094,65.123779296875
2022-07-27,380.1535949707031,299.4100646972656,174.1888885498047,100.1523666381836,161.6699981689453,57.40970230102539,36.381378173828125,80.85246276855469,32.607200622558594,67.92505645751953
2022-07-28,384.92156982421875,302.3377685546875,176.5821990966797,100.94967651367188,163.63999938964844,57.70347595214844,36.53607940673828,83.47289276123047,32.790443420410156,68.9591293334961
2022-07-29,390.5332336425781,307.8514709472656,177.83584594726562,100.67533111572266,164.10000610351562,58.504669189453125,36.36317443847656,83.92237091064453,34.212703704833984,70.01752471923828
2022-08-01,389.3768005371094,307.6660461425781,177.76934814453125,103.09996032714844,165.02999877929688,58.58477783203125,36.05377960205078,83.24393463134766,33.50593948364258,69.86702728271484
2022-08-02,386.80792236328125,306.7486877441406,177.5984344482422,100.91841125488281,164.0500030517578,57.65006637573242,35.880882263183594,82.1753921508789,33.42741012573242,69.37181854248047
2022-08-03,392.8652038574219,315.10235595703125,180.2101593017578,102.50733184814453,164.4499969482422,57.988346099853516,36.16298294067383,82.43827819824219,32.46760559082031,71.21668243408203
2022-08-04,392.5997314453125,316.57586669921875,179.83026123046875,102.47297668457031,167.1699981689453,58.2821159362793,36.41777801513672,82.31108093261719,31.26348304748535,71.54195404052734
2022-08-05,391.9361267089844,313.9897155761719,181.20736694335938,100.03376007080078,165.2899932861328,57.87261962890625,36.45417785644531,82.54004669189453,31.882993698120117,71.37689971923828
2022-08-08,391.4811706542969,312.9748840332031,183.1258087158203,101.64844512939453,166.69000244140625,58.00614547729492,36.49967575073242,83.2778549194336,32.04878234863281,70.77002716064453
2022-08-09,389.9266052246094,309.43231201171875,180.6280517578125,101.25334930419922,167.1999969482422,57.694576263427734,36.36317443847656,83.73579406738281,32.611572265625,70.06120300292969
2022-08-10,398.1166076660156,318.0689392089844,185.7850341796875,100.5920181274414,166.77999877929688,58.9942741394043,36.81816864013672,85.00785827636719,32.84716033935547,71.97404479980469
2022-08-11,398.1166076660156,316.2635192871094,186.4783477783203,98.2472915649414,166.33999633789062,58.97648620605469,36.963768005371094,84.8043441772461,33.97711181640625,71.69245147705078
2022-08-12,404.85638427734375,322.4213562011719,190.2867431640625,99.24359893798828,167.8699951171875,59.43049621582031,37.35506820678711,86.26295471191406,34.23451232910156,73.11980438232422
2022-08-15,406.52471923828125,325.0269775390625,190.96104431152344,99.15770721435547,165.7100067138672,59.07440185546875,37.182167053222656,86.61065673828125,33.5670051574707,73.58103942871094
2022-08-16,407.32086181640625,324.2657165527344,190.88502502441406,99.56997680664062,165.4199981689453,59.05659103393555,37.17306900024414,86.3816909790039,33.488487243652344,73.38196563720703
2022-08-17,404.42974853515625,320.56719970703125,187.67498779296875,98.5307388305664,164.35000610351562,58.58477783203125,37.01836395263672,85.86438751220703,33.7677116394043,72.8576431274414
2022-08-18,405.6051940917969,321.3381652832031,188.9191436767578,98.6767349243164,163.9199981689453,58.38893508911133,36.8090705871582,85.29619598388672,34.67515563964844,73.236328125
2022-08-19,400.15472412109375,315.0729675292969,184.86380004882812,97.08779907226562,162.72000122070312,57.58774948120117,36.30857849121094,84.39725494384766,34.66642379760742,71.90607452392578
2022-08-22,391.8224182128906,306.77801513671875,181.05540466308594,96.76141357421875,161.63999938964844,56.608516693115234,35.990081787109375,82.55702209472656,34.60098648071289,69.90098571777344
2022-08-23,390.87451171875,306.52423095703125,181.34983825683594,96.22891235351562,162.77000427246094,56.635215759277344,36.18117904663086,81.49695587158203,35.84872817993164,69.71650695800781
2022-08-24,392.12579345703125,307.412353515625,182.73643493652344,95.52462768554688,163.25,56.70643615722656,36.172080993652344,81.96339416503906,36.289371490478516,69.76020050048828
2022-08-25,397.6616516113281,312.8478698730469,185.5760955810547,96.85589599609375,163.75,57.32958984375,36.95466995239258,83.18456268310547,36.56858444213867,70.93994140625
2022-08-26,384.201171875,300.0248718261719,179.4788818359375,97.58594512939453,161.75999450683594,55.825130462646484,36.40867614746094,81.08991241455078,36.14103698730469,67.91049194335938
2022-08-29,381.6606750488281,297.0680236816406,177.8263397216797,96.77857971191406,161.86000061035156,55.70050048828125,36.18117904663086,80.36058807373047,36.68638610839844,67.01232147216797
2022-08-30,377.4709167480469,293.75970458984375,175.3380584716797,97.01911163330078,160.50999450683594,55.299903869628906,35.753482818603516,79.24964904785156,35.442996978759766,66.31320190429688
2022-08-31,374.5987548828125,292.05194091796875,174.2744140625,96.09148406982422,159.27000427246094,54.926021575927734,35.880882263183594,78.8764877319336,35.120155334472656,65.66751098632812
2022-09-01,375.774169921875,292.1788024902344,172.37493896484375,94.33224487304688,157.8699951171875,54.18714141845703,35.598785400390625,79.02067565917969,34.25632858276367,65.34710693359375
2022-09-02,371.8118591308594,288.0508728027344,171.0358123779297,94.8658676147461,159.25999450683594,53.831058502197266,35.27119064331055,77.91822052001953,34.884559631347656,64.49748992919922
2022-09-06,370.4089660644531,285.9819641113281,169.3453369140625,92.51615905761719,158.3300018310547,53.69752502441406,34.85259246826172,78.6220932006836,34.56171798706055,64.07025909423828
2022-09-07,377.0633239746094,291.7591552734375,173.03025817871094,93.97936248779297,159.94000244140625,54.16933822631836,35.1619873046875,80.15704345703125,34.16034698486328,65.09463500976562
2022-09-08,379.5279235839844,293.27178955078125,174.47384643554688,93.0153579711914,158.97999572753906,54.2049446105957,34.97089385986328,80.37754821777344,34.30868148803711,65.31796264648438
2022-09-09,385.4239807128906,299.68328857421875,177.9783172607422,93.22193908691406,159.82000732421875,55.58477783203125,35.489585876464844,81.25102996826172,35.16378402709961,66.60936737060547
2022-09-12,389.56640625,303.2453308105469,180.1341552734375,92.45591735839844,160.6300048828125,56.359256744384766,36.01738357543945,82.03971862792969,35.80946731567383,67.67743682861328
2022-09-13,372.6270446777344,286.6162414550781,173.08721923828125,92.67107391357422,158.5399932861328,54.400794982910156,34.907196044921875,78.90194702148438,34.906375885009766,64.08480072021484
2022-09-14,374.0489501953125,288.89013671875,173.76153564453125,92.98953247070312,157.92999267578125,54.578834533691406,35.0800895690918,78.0030288696289,35.89235305786133,64.31784057617188
2022-09-15,369.8022766113281,284.0789794921875,172.49839782714844,92.92932891845703,154.97999572753906,54.098121643066406,34.706993103027344,76.56134796142578,34.96746063232422,62.83709716796875
2022-09-16,366.9810791015625,282.3419189453125,169.99111938476562,92.15467071533203,155.83999633789062,53.76874923706055,34.38849639892578,76.56981658935547,34.22142791748047,62.48755645751953
2022-09-19,369.8269958496094,284.5406188964844,171.4442138671875,92.36982727050781,155.9600067138672,53.955684661865234,34.497703552246094,76.45957946777344,34.2417106628418,62.99711608886719
2022-09-20,365.58184814453125,282.2725524902344,169.10787963867188,91.44891357421875,155.07000732421875,53.03877258300781,34.30660629272461,74.60237121582031,34.00355911254883,62.62723159790039
2022-09-21,359.20477294921875,277.2181396484375,166.52462768554688,92.98094940185547,155.7899932861328,52.34440612792969,33.73330307006836,73.42359924316406,33.505191802978516,61.64897918701172
2022-09-22,356.1875305175781,273.8062438964844,162.77322387695312,90.60542297363281,155.6999969482422,52.193077087402344,33.56950378417969,72.49073791503906,33.3861083984375,61.021148681640625
2022-09-23,350.2196960449219,269.3482360839844,158.89833068847656,90.97551727294922,153.00999450683594,50.528377532958984,32.74142074584961,71.5272216796875,31.083927154541016,60.22298049926758
2022-09-26,346.75506591796875,268.2336730957031,156.7227325439453,89.23692321777344,151.22999572753906,49.78059768676758,32.341026306152344,69.52129364013672,30.32094383239746,59.80443572998047
2022-09-27,345.86981201171875,268.3411560058594,157.25732421875,86.88721466064453,151.5399932861328,49.442317962646484,32.304622650146484,68.59548950195312,30.660537719726562,59.882301330566406
2022-09-28,352.67535400390625,273.6790466308594,162.23098754882812,89.79637908935547,154.69000244140625,50.63520050048828,32.58672332763672,70.01850128173828,32.01891326904297,60.51499938964844
2022-09-29,345.3083190917969,265.78961181640625,158.5938262939453,89.33159637451172,154.66000366210938,50.038761138916016,31.858726501464844,67.96114349365234,32.01891326904297,58.93811798095703
2022-09-30,339.9686279296875,261.2827453613281,157.438720703125,88.17828369140625,154.6699981689453,49.8607177734375,31.74043083190918,68.72408294677734,31.76310920715332,57.80900192260742
2022-10-03,348.9442443847656,267.4124450683594,161.61045837402344,89.57939147949219,158.42999267578125,50.848846435546875,32.259124755859375,69.94990539550781,33.55812454223633,59.60002136230469
2022-10-04,359.7568054199219,275.8201599121094,168.01611328125,89.32917022705078,160.6999969482422,52.88743591308594,33.31471252441406,71.36434173583984,35.000282287597656,61.60031509399414
2022-10-05,358.91925048828125,275.6735534667969,166.77505493164062,88.47505950927734,159.80999755859375,52.32660675048828,33.33291244506836,69.96705627441406,35.72358322143555,61.80472946166992
2022-10-06,355.21673583984375,273.503173828125,165.83950805664062,87.9832534790039,159.6300048828125,51.40968322753906,33.132713317871094,68.02113342285156,36.35866928100586,61.29857635498047
2022-10-07,345.3083190917969,263.08154296875,160.96136474609375,87.12916564941406,157.8800048828125,50.590694427490234,32.441123962402344,66.38384246826172,36.076412200927734,58.77751159667969
2022-10-10,342.6717834472656,260.45172119140625,160.06393432617188,85.7746353149414,155.47999572753906,50.30582046508789,31.986129760742188,65.758056640625,35.33547592163086,57.789527893066406
2022-10-11,340.5015869140625,256.87353515625,160.11170959472656,86.15422821044922,155.16000366210938,49.75389099121094,31.476531982421875,66.42669677734375,35.053218841552734,56.90375518798828
2022-10-12,339.37847900390625,256.78558349609375,159.67254638671875,86.5770034790039,155.99000549316406,49.593658447265625,31.512935638427734,65.73234558105469,35.33547592163086,56.72854995727539
2022-10-13,348.33502197265625,262.80780029296875,163.62474060058594,85.74874114990234,154.91000366210938,50.617401123046875,31.603933334350586,66.93246459960938,36.77764892578125,58.49037170410156
2022-10-14,340.3970031738281,254.90847778320312,159.24295043945312,85.04131317138672,152.97999572753906,49.8607177734375,31.130739212036133,65.26946258544922,35.40604019165039,56.84535217285156
2022-10-17,349.1440734863281,263.3258972167969,164.32159423828125,84.62718200683594,153.4199981689453,51.08921432495117,31.986129760742188,67.72969818115234,35.84707260131836,58.57796859741211
2022-10-18,353.2463684082031,265.4083557128906,166.2690887451172,84.82561492919922,153.75,51.45419692993164,31.99522590637207,68.4669189453125,36.16020584106445,59.07439041137695
2022-10-19,350.7431640625,264.4404296875,163.443359375,83.28130340576172,151.69000244140625,50.822147369384766,31.41283416748047,66.76103210449219,37.227508544921875,58.904048919677734
2022-10-20,347.8020935058594,263.09124755859375,161.36224365234375,81.85773468017578,151.4499969482422,50.706417083740234,31.613039016723633,66.46954345703125,37.26278305053711,58.93811798095703
2022-10-21,356.2541809082031,269.26025390625,164.8657989501953,80.3824234008789,154.14999389648438,51.62333679199219,32.09532928466797,66.99248504638672,38.338905334472656,60.51499938964844
2022-10-24,360.61346435546875,272.22247314453125,165.5722198486328,79.7181396484375,153.64999389648438,51.63223648071289,30.87593650817871,66.98389434814453,38.51972579956055,61.35210418701172
2022-10-25,366.37200927734375,277.8536376953125,170.08761596679688,82.03894805908203,154.0,52.77170944213867,31.130739212036133,69.61559295654297,38.559410095214844,62.5250244140625
2022-10-26,363.6116943359375,271.71405029296875,170.92774963378906,83.22088623046875,154.97999572753906,53.27022171020508,31.640335083007812,69.57271575927734,39.08424377441406,61.13309097290039
2022-10-27,361.6700439453125,266.7672424316406,170.96592712402344,84.09227752685547,154.74000549316406,52.77170944213867,31.394638061523438,69.67559814453125,39.22537612915039,60.437129974365234
2022-10-28,370.2743225097656,274.9304504394531,174.85130310058594,83.51419067382812,153.16000366210938,53.29693603515625,31.20353889465332,71.21003723144531,39.362098693847656,63.065250396728516
2022-10-31,367.5997619628906,271.73370361328125,175.0135498046875,82.91896057128906,151.91000366210938,52.79841613769531,31.112533569335938,71.13288879394531,39.692874908447266,62.23301696777344
2022-11-01,365.9912109375,268.9571228027344,175.25222778320312,83.69385528564453,153.4600067138672,53.21681594848633,31.685836791992188,71.10717010498047,40.07657241821289,61.71225357055664
2022-11-02,356.80621337890625,259.73797607421875,169.4384765625,83.33060455322266,152.38999938964844,52.44232940673828,31.42193603515625,69.15269470214844,39.11070251464844,59.58054733276367
2022-11-03,353.1322326660156,254.6641845703125,168.3024444580078,82.88090515136719,151.80999755859375,51.997222900390625,31.603933334350586,69.05838012695312,39.83399963378906,57.828460693359375
2022-11-04,358.2148742675781,258.7604064941406,170.57449340820312,81.48841857910156,156.47000122070312,54.08031463623047,32.94161605834961,70.00135040283203,40.31913375854492,58.88458251953125
2022-11-07,361.64141845703125,261.6053771972656,171.34779357910156,80.6754379272461,155.85000610351562,54.24945068359375,32.959815979003906,70.00135040283203,41.011558532714844,59.867698669433594
2022-11-08,363.59271240234375,263.51171875,171.41461181640625,81.55760192871094,159.4499969482422,54.86370086669922,33.196414947509766,70.21566772460938,41.05124282836914,60.44198989868164
2022-11-09,356.1018981933594,257.4308166503906,166.70822143554688,81.82571411132812,158.64999389648438,54.098121643066406,32.62311935424805,69.49559020996094,39.044551849365234,58.8699836730957
2022-11-10,375.6711120605469,276.42626953125,176.97056579589844,84.97389221191406,163.47999572753906,57.13374710083008,33.80609893798828,74.57894897460938,39.913387298583984,63.70768356323242
2022-11-11,379.3070983886719,281.5197448730469,178.42160034179688,84.66252899169922,164.55999755859375,58.2732048034668,34.72519302368164,74.57038116455078,41.073307037353516,64.79786682128906
2022-11-14,376.0804748535156,279.05609130859375,176.42642211914062,84.45496368408203,164.9199981689453,57.658958435058594,34.515899658203125,72.75305938720703,41.060062408447266,64.2430419921875
2022-11-15,379.28802490234375,282.9178466796875,179.04217529296875,85.82144927978516,165.5,58.041751861572266,35.30759048461914,73.54170989990234,41.492279052734375,65.02174377441406
2022-11-16,376.39459228515625,279.05609130859375,175.89183044433594,87.69821166992188,165.1199951171875,57.90822982788086,34.7433967590332,72.8730697631836,40.64550018310547,64.13109588623047
2022-11-17,375.2427978515625,278.440185546875,174.25942993164062,86.7728271484375,163.9199981689453,57.88151931762695,34.807098388671875,72.37586975097656,40.73370361328125,64.21382904052734
2022-11-18,376.946533203125,278.4500427246094,175.3859100341797,86.17604064941406,162.7899932861328,57.997249603271484,34.606895446777344,73.2931137084961,40.41175079345703,64.2868423461914
2022-11-21,375.575927734375,275.58551025390625,174.4694061279297,86.539306640625,161.8800048828125,57.56104278564453,34.170101165771484,73.6788558959961,39.86487579345703,63.59574508666992
2022-11-22,380.6300354003906,279.5547180175781,176.33099365234375,87.76741790771484,162.07000732421875,58.36223602294922,34.25200271606445,74.08175659179688,41.11299133300781,64.82706451416016
2022-11-23,383.0286560058594,282.3605651855469,176.78919982910156,89.29827117919922,163.0800018310547,59.0031852722168,34.53409957885742,74.14175415039062,40.66755294799805,65.40135955810547
2022-11-25,382.94305419921875,280.5029296875,177.16151428222656,88.99554443359375,163.22000122070312,59.30585861206055,34.370304107666016,74.61323547363281,40.517601013183594,65.02174377441406
2022-11-28,376.8324279785156,276.38714599609375,173.5911865234375,89.24635314941406,161.92999267578125,58.54027557373047,34.215599060058594,72.61588287353516,39.40620040893555,63.62981414794922
2022-11-29,376.18511962890625,274.29498291015625,174.09710693359375,88.19983673095703,162.72999572753906,58.709415435791016,34.952693939208984,73.81603240966797,40.001583099365234,63.00685119628906
2022-11-30,388.0351867675781,286.7989196777344,178.8703155517578,88.84851837158203,164.80999755859375,59.7509651184082,35.96278381347656,75.50476837158203,40.20005416870117,66.17032623291016
2022-12-01,387.74969482421875,287.15087890625,178.47889709472656,91.68685150146484,167.83999633789062,60.329593658447266,35.844486236572266,75.3418960571289,40.0677375793457,66.2627944946289
2022-12-02,387.30230712890625,286.00701904296875,179.51951599121094,92.83987426757812,167.25999450683594,60.28508377075195,35.98099136352539,75.11900329589844,39.829586029052734,65.8783187866211
2022-12-05,380.3349914550781,281.2069091796875,174.5744171142578,91.53948211669922,164.38999938964844,59.492801666259766,35.57148742675781,73.74745178222656,38.647621154785156,64.78328704833984
2022-12-06,374.8525390625,275.3802185058594,171.90147399902344,92.7184829711914,164.83999633789062,59.225730895996094,35.52598190307617,73.0530776977539,37.62883758544922,63.39620590209961
2022-12-07,374.2148742675781,274.2559509277344,171.39549255371094,94.90315246582031,166.3300018310547,59.225730895996094,35.31669235229492,73.1988296508789,37.54063415527344,63.07499313354492
2022-12-08,377.1463928222656,277.501708984375,172.63653564453125,94.64311981201172,166.47000122070312,59.52840805053711,35.744384765625,73.71315002441406,37.37303924560547,64.10677337646484
2022-12-09,374.32904052734375,275.73211669921875,170.51724243164062,92.18101501464844,167.05999755859375,59.564022064208984,35.507781982421875,73.57599639892578,36.464515686035156,63.712554931640625
2022-12-12,379.7258605957031,279.1930236816406,172.52200317382812,92.47575378417969,165.67999267578125,59.7420654296875,35.398590087890625,74.14175415039062,37.42155838012695,65.10446166992188
2022-12-13,382.6003723144531,282.1943359375,173.95094299316406,93.36868286132812,168.50999450683594,60.589359283447266,35.65172576904297,75.51333618164062,38.13161849975586,65.87345123291016
2022-12-14,380.1541748046875,280.1021728515625,172.80967712402344,93.76749420166016,168.10000610351562,60.53573989868164,35.67020034790039,74.9990005493164,37.897865295410156,65.3186264038086
2022-12-15,370.85498046875,270.69732666015625,168.48439025878906,94.13335418701172,165.35000610351562,58.9894905090332,34.84796905517578,73.99603271484375,37.66853713989258,62.87544631958008
2022-12-16,366.47662353515625,268.11639404296875,167.22805786132812,93.08181762695312,166.7899932861328,58.47110366821289,34.94959259033203,72.08441162109375,37.2054443359375,62.04320526123047
2022-12-19,363.3689880371094,264.34844970703125,164.96473693847656,91.51756286621094,166.32000732421875,58.32810592651367,34.9773063659668,71.16717529296875,37.20098876953125,61.21589660644531
2022-12-20,363.8662109375,264.142578125,165.8374481201172,89.89247131347656,169.0800018310547,58.560482025146484,34.96807098388672,70.98716735839844,37.762420654296875,61.308631896972656
2022-12-21,369.3069152832031,267.9742431640625,168.69537353515625,90.11842346191406,168.8000030517578,59.16824722290039,35.28218078613281,71.59577941894531,38.47978973388672,62.323856353759766
2022-12-22,364.0383605957031,261.418212890625,166.48959350585938,90.10103607177734,166.75999450683594,58.68560791015625,34.96807098388672,71.29499053955078,37.593101501464844,60.75221633911133
2022-12-23,366.1323547363281,262.0061950683594,167.2472381591797,88.7801284790039,167.25999450683594,58.89118194580078,34.921875,71.92961883544922,38.791690826416016,60.8156623840332
2022-12-27,364.6885681152344,258.3018798828125,166.1251983642578,87.02469635009766,168.6699981689453,58.980552673339844,35.43923568725586,71.90354919433594,39.206077575683594,60.23971939086914
2022-12-28,360.15625,254.89163208007812,163.5453338623047,86.511962890625,167.91000366210938,58.354915618896484,34.921875,70.67776489257812,38.32828903198242,59.26842498779297
2022-12-29,366.63916015625,261.104736328125,167.68841552734375,87.49397277832031,168.85000610351562,59.27550506591797,35.503910064697266,72.2251968383789,38.729305267333984,60.82054901123047
2022-12-30,365.67340087890625,260.9478759765625,167.2184600830078,86.52064514160156,169.63999938964844,58.667728424072266,35.01426315307617,71.70360565185547,38.97438049316406,60.7375602722168
2023-01-03,364.1339111328125,259.18389892578125,166.2978057861328,88.17181396484375,171.05999755859375,59.186134338378906,35.309898376464844,71.77313995361328,37.606475830078125,60.16162109375
2023-01-04,366.9452209472656,260.41864013671875,168.3693084716797,89.37975311279297,172.6699981689453,59.972652435302734,36.37233352661133,73.39881896972656,37.60200881958008,60.317813873291016
2023-01-05,362.7570495605469,256.3419494628906,166.56634521484375,89.75346374511719,170.52000427246094,59.37382125854492,36.261470794677734,71.42540740966797,38.28819274902344,59.14640426635742
2023-01-06,371.07586669921875,263.4173889160156,170.30661010742188,91.40460205078125,173.7100067138672,60.89324951171875,37.0190315246582,73.34664916992188,39.01447677612305,60.87910842895508
2023-01-09,370.8654479980469,265.12255859375,170.5943145751953,91.8912582397461,174.10000610351562,61.15244674682617,37.29619598388672,73.37274169921875,38.8763542175293,61.58683776855469
2023-01-10,373.4663391113281,267.3666687011719,173.11654663085938,90.3704605102539,174.74000549316406,61.331199645996094,37.564117431640625,73.53789520263672,39.15260696411133,61.967552185058594
2023-01-11,378.18988037109375,271.9922180175781,175.27439880371094,91.83911895751953,174.6199951171875,61.79597473144531,37.72117233276367,76.17203521728516,39.272911071777344,63.04133605957031
2023-01-12,379.5667724609375,273.4621887207031,178.2186737060547,93.64669036865234,176.63999938964844,62.70762252807617,37.905941009521484,77.13700866699219,40.021480560302734,63.50990676879883
2023-01-13,381.0392761230469,275.3436584472656,179.38870239257812,92.76897430419922,178.75999450683594,63.038326263427734,38.1553840637207,76.65886688232422,40.079402923583984,63.69050598144531
2023-01-17,380.3412780761719,275.90228271484375,179.1681365966797,92.16934204101562,177.58999633789062,63.23495864868164,37.942893981933594,76.87619018554688,40.1640625,63.97846603393555
2023-01-18,374.3365173339844,272.3155822753906,176.2718048095703,94.40274047851562,177.0800018310547,63.01150894165039,37.68421936035156,75.75473022460938,39.428863525390625,63.15359115600586
2023-01-19,371.611328125,269.6402587890625,174.58387756347656,93.81181335449219,179.88999938964844,62.913185119628906,37.97060775756836,75.33746337890625,39.91899108886719,62.41658401489258
2023-01-20,378.5340881347656,277.0194396972656,177.4610137939453,92.2909927368164,179.2899932861328,63.46733474731445,38.552642822265625,76.23286437988281,40.3155632019043,64.10536193847656
2023-01-23,383.075927734375,283.1736755371094,179.65721130371094,91.85651397705078,179.6300048828125,63.726539611816406,38.82979965209961,76.58061981201172,40.369022369384766,65.56475067138672
2023-01-24,382.664794921875,282.59552001953125,179.2736358642578,93.17742156982422,180.27999877929688,63.646095275878906,38.857513427734375,76.7718734741211,40.213069915771484,65.53545379638672
2023-01-25,382.8082580566406,281.9683532714844,179.77232360839844,93.40337371826172,181.11000061035156,64.06616973876953,38.89447021484375,76.806640625,40.217533111572266,65.39879608154297
2023-01-26,387.01544189453125,287.46600341796875,180.8368377685547,92.96885681152344,179.47000122070312,64.11978912353516,39.264015197753906,77.66730499267578,41.48741912841797,66.44330596923828
2023-01-27,387.9046630859375,290.3275451660156,181.81507873535156,92.73418426513672,179.22000122070312,63.99466323852539,39.07924270629883,78.5366439819336,40.64973449707031,66.72151184082031
2023-01-30,383.0376892089844,284.45745849609375,179.28321838378906,92.39529418945312,178.75999450683594,63.58353805541992,38.29396438598633,77.53690338134766,39.71848678588867,65.44761657714844
2023-01-31,388.6696472167969,288.7203369140625,183.6372833251953,93.13396453857422,179.41000366210938,63.94998550415039,38.2108154296875,79.16259002685547,40.070491790771484,66.3603286743164
2023-02-01,392.80035400390625,294.89422607421875,186.52395629882812,94.2535629272461,181.6699981689453,64.52200317382812,38.681983947753906,79.64939880371094,39.28182601928711,67.92220306396484
2023-02-02,398.518310546875,305.47796630859375,190.19712829589844,94.37553405761719,177.89999389648438,64.4326171875,38.451019287109375,81.4576416015625,38.386226654052734,69.7769546508789
2023-02-03,394.2824401855469,300.0488586425781,188.92156982421875,92.96408081054688,173.4600067138672,63.83378219604492,37.767364501953125,79.92760467529297,38.30155944824219,69.19609832763672
2023-02-06,391.8728942871094,297.51068115234375,186.1883087158203,92.27578735351562,173.82000732421875,63.18132781982422,37.213050842285156,79.34513854980469,38.12779235839844,68.35173034667969
2023-02-07,396.998046875,303.6748046875,187.5693359375,91.53520965576172,173.97999572753906,63.71760940551758,37.36086654663086,79.17127227783203,39.36648941040039,70.0600357055664
2023-02-08,392.6568908691406,298.2751159667969,184.8264923095703,91.97080993652344,174.41000366210938,63.324337005615234,37.31467056274414,78.79744720458984,39.01447677612305,69.21563720703125
2023-02-09,389.25286865234375,295.638916015625,182.15069580078125,91.09956359863281,173.02999877929688,63.44051742553711,37.49020767211914,77.93680572509766,38.680301666259766,68.83494567871094
2023-02-10,390.1612854003906,293.6986389160156,182.51519775390625,90.0801773071289,173.36000061035156,63.163448333740234,37.12989807128906,78.20628356933594,40.19525909423828,68.5176773071289
2023-02-13,394.74139404296875,298.4024963378906,184.71141052246094,90.83818054199219,172.47999572753906,63.798030853271484,37.434776306152344,78.90176391601562,40.092769622802734,69.7037353515625
2023-02-14,394.5597839355469,300.60748291015625,184.62509155273438,90.62909698486328,172.61000061035156,63.91422653198242,37.37010192871094,78.27584075927734,40.10614013671875,70.00145721435547
2023-02-15,395.8410339355469,302.91033935546875,186.4952392578125,89.78394317626953,170.88999938964844,63.62822341918945,37.055992126464844,78.58880615234375,39.424415588378906,70.32848358154297
2023-02-16,390.3907775878906,297.22650146484375,184.71141052246094,88.51191711425781,170.75,63.31538772583008,37.06523132324219,77.82376861572266,39.03675842285156,69.10826873779297
2023-02-17,389.4155578613281,295.1293640136719,185.21969604492188,89.20021057128906,171.25999450683594,63.47626876831055,36.65873336791992,77.5195083618164,37.64657211303711,68.24434661865234
2023-02-21,381.60345458984375,288.14215087890625,179.75314331054688,87.4664077758789,170.6199951171875,62.77912139892578,36.19680404663086,75.96338653564453,37.45941925048828,66.62388610839844
2023-02-22,381.0775451660156,288.3577880859375,180.24224853515625,88.26795196533203,169.66000366210938,62.430538177490234,36.021270751953125,75.27659606933594,37.20991134643555,66.52628326416016
2023-02-23,383.1047058105469,290.8763427734375,181.52737426757812,89.13050079345703,169.57000732421875,62.75230407714844,36.19680404663086,75.84168243408203,37.77132797241211,67.62936401367188
2023-02-24,379.01220703125,286.0058288574219,179.82984924316406,87.97171783447266,168.35000610351562,61.70659255981445,35.38380432128906,74.51158142089844,37.722320556640625,66.42377471923828
2023-02-27,380.302978515625,288.0539245605469,180.4628448486328,88.21568298339844,169.00999450683594,62.43948745727539,35.568580627441406,74.62458801269531,37.83371353149414,66.78009796142578
2023-02-28,378.8974609375,287.68157958984375,180.47242736816406,88.61646270751953,169.77999877929688,61.98366165161133,35.31913375854492,74.52027130126953,37.29011154174805,66.6336669921875
2023-03-01,377.44403076171875,285.3687744140625,180.70257568359375,87.66444396972656,170.75999450683594,62.314353942871094,36.076698303222656,73.58136749267578,38.02530288696289,66.14557647705078
2023-03-02,380.3795166015625,287.7306213378906,181.13418579101562,86.88711547851562,170.66000366210938,62.43948745727539,36.20603942871094,74.4420394897461,38.3594856262207,66.96070098876953
2023-03-03,386.4799499511719,293.6790771484375,183.65646362304688,88.9920425415039,172.49000549316406,63.351139068603516,36.52939987182617,75.57218170166016,38.88081741333008,68.40054321289062
2023-03-06,386.7476806640625,294.01226806640625,180.9711151123047,88.30205535888672,171.6199951171875,63.190269470214844,36.40005111694336,75.27659606933594,38.89863204956055,68.72755432128906
2023-03-07,380.8193664550781,290.4059143066406,178.8708038330078,88.84356689453125,168.6199951171875,62.135597229003906,35.79030227661133,73.52051544189453,38.22136306762695,67.8734130859375
2023-03-08,381.4408874511719,291.8563232421875,178.95716857910156,88.93087768554688,168.5399932861328,62.47523498535156,35.9381217956543,74.3637924194336,37.829254150390625,68.43470764160156
2023-03-09,374.40338134765625,286.7995910644531,173.979736328125,89.14923095703125,170.1999969482422,62.0194091796875,35.14360427856445,72.65985870361328,37.29456329345703,67.4536361694336
2023-03-10,369.0008850097656,282.77191162109375,168.96392822265625,92.2236328125,173.8699951171875,61.35801315307617,34.958831787109375,70.25180053710938,36.81779861450195,66.2676010131836
2023-03-13,368.4750671386719,284.8690490722656,166.2114715576172,92.43328857421875,177.86000061035156,60.93794631958008,35.01426315307617,71.17330169677734,36.06924057006836,66.62879180908203
2023-03-14,374.5659484863281,291.4153137207031,169.2899932861328,90.91352844238281,176.8300018310547,61.751277923583984,35.032737731933594,71.86007690429688,36.425697326660156,68.16625213623047
2023-03-15,372.2232971191406,292.9440002441406,166.4991912841797,92.6690673828125,178.2100067138672,59.83858871459961,34.432228088378906,71.80790710449219,34.46962356567383,68.20530700683594
2023-03-16,378.7539978027344,300.66619873046875,168.7720947265625,91.94415283203125,178.57000732421875,60.76811599731445,34.958831787109375,71.65142822265625,34.843902587890625,70.11861419677734
2023-03-17,374.3253173828125,299.2452392578125,164.21665954589844,93.32416534423828,183.77000427246094,60.04416275024414,34.746341705322266,70.02576446533203,34.29584884643555,70.02098846435547
2023-03-20,377.9247131347656,300.3072814941406,166.3457489013672,92.50314331054688,183.83999633789062,60.98263168334961,34.87568283081055,70.8255615234375,34.98243713378906,70.20980072021484
2023-03-21,382.8870544433594,304.596435546875,169.41468811035156,91.70834350585938,180.3699951171875,61.90321731567383,35.18980026245117,70.51258087158203,36.193546295166016,70.77723693847656
2023-03-22,376.36016845703125,300.45452880859375,164.60989379882812,92.93109893798828,183.44000244140625,61.68870544433594,35.3283805847168,67.87847900390625,35.42366027832031,70.07283782958984
2023-03-23,377.377685546875,304.017333984375,163.8792724609375,92.93109893798828,185.74000549316406,61.69764709472656,35.81801986694336,67.45248413085938,34.932918548583984,71.21259307861328
2023-03-24,379.85400390625,305.13623046875,165.3616485595703,93.32416534423828,183.64999389648438,61.509952545166016,35.72563171386719,69.18226623535156,35.0679817199707,71.39847564697266
2023-03-27,380.56427001953125,303.0456848144531,167.20018005371094,91.13188171386719,181.9499969482422,62.09091567993164,35.5316276550293,69.10323333740234,35.81535720825195,70.84571075439453
2023-03-28,379.7099609375,301.4360656738281,166.9595489501953,91.2978286743164,183.44000244140625,62.11773681640625,36.03974151611328,68.93641662597656,36.3691291809082,70.5130844116211
2023-03-29,385.2290954589844,306.93231201171875,168.85580444335938,91.11442565917969,182.52999877929688,62.868499755859375,36.14136505126953,70.4642333984375,36.873382568359375,71.99037170410156
2023-03-30,387.4847106933594,309.8375244140625,168.6248016357422,91.53366088867188,184.17999267578125,63.60141372680664,36.501678466796875,71.38619995117188,37.03546905517578,72.82682800292969
2023-03-31,392.9461669921875,314.9904479980469,171.7243194580078,92.90491485595703,183.22000122070312,63.92315673828125,36.455482482910156,72.91400909423828,37.29209899902344,73.86875915527344
2023-04-03,394.4434509277344,314.224853515625,171.8013153076172,93.34186553955078,184.5399932861328,64.4326171875,36.52939987182617,72.33448791503906,38.98043441772461,73.75135040283203
2023-04-04,392.25506591796875,313.1648254394531,168.78842163085938,93.80592346191406,187.97999572753906,64.4415512084961,36.52939987182617,72.2379150390625,38.27358627319336,73.34534454345703
2023-04-05,391.2280578613281,310.0731201171875,167.13278198242188,94.78662872314453,187.8300018310547,63.99466323852539,36.24299621582031,71.85157012939453,38.84987258911133,72.50886535644531
2023-04-06,392.754150390625,312.1636657714844,167.38307189941406,95.03182220458984,186.49000549316406,64.2985610961914,36.390811920166016,72.3432846069336,38.26008224487305,72.91979217529297
2023-04-10,393.1572570800781,311.9870300292969,169.1734619140625,93.49945831298828,185.11000061035156,64.25386810302734,36.42776870727539,72.67694091796875,38.56623458862305,72.8806381225586
2023-04-11,393.2629089355469,309.9847717285156,170.51145935058594,93.69210052490234,186.27999877929688,64.4683609008789,36.64949035644531,72.98426055908203,38.930908203125,72.19580841064453
2023-04-12,391.6599426269531,307.2464599609375,169.26010131835938,93.59577941894531,187.19000244140625,64.87950134277344,36.390811920166016,72.63304138183594,38.957923889160156,71.784912109375
2023-04-13,396.8622131347656,313.26300048828125,171.50291442871094,92.86026763916016,189.72000122070312,65.71072387695312,36.88970184326172,72.41352844238281,39.2010498046875,73.1203384399414
2023-04-14,395.89276123046875,312.67413330078125,169.90501403808594,92.01089477539062,186.36000061035156,65.44258117675781,36.69568634033203,71.28960418701172,39.27308654785156,72.71432495117188
2023-04-17,397.3133850097656,312.9390869140625,172.09005737304688,90.91636657714844,185.52999877929688,65.3263931274414,36.85273742675781,72.77352905273438,38.809349060058594,72.97848510742188
2023-04-18,397.572509765625,312.9587097167969,171.35853576660156,91.2403564453125,186.25,65.68391418457031,36.80654525756836,72.60670471191406,38.962425231933594,73.20348358154297
2023-04-19,397.50531005859375,312.81146240234375,171.5799102783203,91.15279388427734,185.36000061035156,65.47833251953125,36.43700408935547,73.03693389892578,38.827354431152344,72.99314880371094
2023-04-20,395.3360900878906,310.42645263671875,170.69432067871094,91.93211364746094,186.08999633789062,65.47833251953125,36.38157272338867,72.31694793701172,38.485191345214844,72.51378631591797
2023-04-21,395.6432189941406,310.75030517578125,170.915771484375,91.41546630859375,184.25,65.80903625488281,36.03974151611328,72.32572174072266,38.26008224487305,72.27896881103516
2023-04-24,396.0559997558594,310.1025695800781,170.8002471923828,92.29985046386719,184.80999755859375,65.97885131835938,35.956600189208984,72.05351257324219,38.84536361694336,71.96102142333984
2023-04-25,389.76904296875,304.25286865234375,166.58413696289062,93.6570816040039,185.75,65.0582504272461,35.28218078613281,71.34228515625,38.11601257324219,70.42501831054688
2023-04-26,388.1181335449219,306.0980529785156,164.97662353515625,92.65885925292969,184.74000549316406,65.0135726928711,35.48542785644531,70.65741729736328,37.60725021362305,71.47183227539062
2023-04-27,395.8448791503906,314.4211730957031,167.18093872070312,91.73946380615234,184.75,65.82691955566406,35.96583557128906,72.25546264648438,37.74231719970703,72.98826599121094
2023-04-28,399.22344970703125,316.5901794433594,168.64407348632812,93.21923828125,184.8000030517578,65.80010223388672,36.150611877441406,73.1423110961914,38.327606201171875,73.78070068359375
2023-05-01,398.8202819824219,316.2270812988281,168.74029541015625,90.53131103515625,183.97000122070312,65.70178985595703,36.03050994873047,72.5979232788086,37.895389556884766,73.82472229003906
2023-05-02,394.33782958984375,313.4691162109375,165.27500915527344,92.7873764038086,187.52000427246094,65.0403823852539,35.679439544677734,71.36863708496094,36.24757385253906,73.135009765625
2023-05-03,391.6311340332031,311.4178161621094,165.88143920898438,93.30529022216797,189.11000061035156,65.210205078125,35.62401580810547,71.08766174316406,35.563228607177734,72.51866912841797
2023-05-04,388.8572998046875,310.3184509277344,164.023681640625,92.3835678100586,190.44000244140625,65.07614135742188,35.91040802001953,71.67595672607422,35.16703796386719,72.17134094238281
2023-05-05,396.0559997558594,316.9141845703125,167.92210388183594,92.07630920410156,187.4600067138672,66.03247833251953,36.390811920166016,72.87010192871094,36.12150573730469,73.98127746582031
2023-05-08,396.1614990234375,317.6993713378906,167.53709411621094,90.785888671875,187.69000244140625,66.05036163330078,36.40928268432617,72.44864654541016,36.12150573730469,73.942138671875
2023-05-09,394.4242248535156,315.6872253417969,167.03651428222656,90.46106719970703,189.02000427246094,65.78223419189453,36.18756103515625,72.1413345336914,36.13502502441406,73.37470245361328
2023-05-10,396.26715087890625,319.1224670410156,167.8836212158203,91.33892822265625,188.75,65.6481704711914,36.169090270996094,72.8349838256836,35.725318908691406,74.26985931396484
2023-05-11,395.5760498046875,320.16290283203125,166.59375,92.30457305908203,187.1300048828125,65.48726654052734,36.03974151611328,72.03596496582031,35.297603607177734,73.93724822998047
2023-05-12,395.0577087402344,319.0145263671875,166.25685119628906,91.53205871582031,186.80999755859375,65.37109375,35.614768981933594,72.02716064453125,35.351627349853516,73.83940887451172
2023-05-15,396.42071533203125,320.741943359375,168.28790283203125,90.58399200439453,187.2100067138672,65.8716049194336,36.270713806152344,71.90425872802734,35.53171920776367,74.45085906982422
2023-05-16,393.7716064453125,321.1051330566406,165.8333282470703,90.31185913085938,184.8699951171875,65.24595642089844,36.012027740478516,70.10423278808594,34.65827560424805,74.52912902832031
2023-05-17,398.5516052246094,324.9918212890625,169.52960205078125,90.04851531982422,184.22999572753906,65.54984283447266,36.17832946777344,71.05252838134766,35.32461166381836,75.52212524414062
2023-05-18,402.3908996582031,331.0279846191406,170.55960083007812,89.38136291503906,181.83999633789062,65.45152282714844,35.984317779541016,70.71007537841797,35.581241607666016,77.06788635253906
2023-05-19,401.8053894042969,330.2820739746094,169.52000427246094,88.74932861328125,183.63999938964844,65.83585357666016,36.012027740478516,70.59593963623047,35.855873107910156,77.03364562988281
2023-05-22,401.96856689453125,331.39117431640625,171.58953857421875,88.43328857421875,183.2100067138672,65.8537368774414,36.30766296386719,71.02618408203125,35.707305908203125,77.18038940429688
2023-05-23,397.45733642578125,327.19036865234375,170.78097534179688,88.68785858154297,183.42999267578125,64.88843536376953,35.74410629272461,70.35885620117188,36.08999252319336,76.04064178466797
2023-05-24,394.5778503417969,325.5119323730469,168.97132873535156,88.24896240234375,181.9499969482422,63.941036224365234,35.476200103759766,68.8486099243164,36.24757385253906,75.48300170898438
2023-05-25,397.9948425292969,333.4326171875,167.65260314941406,88.02949523925781,180.1999969482422,63.851661682128906,35.40228271484375,68.83982849121094,35.603755950927734,78.37884521484375
2023-05-26,403.14910888671875,341.9520263671875,169.5584716796875,88.74053955078125,180.9199981689453,64.47730255126953,36.03050994873047,69.63008880615234,35.46418762207031,80.60454559326172
2023-05-30,403.302734375,343.5027770996094,168.9328155517578,89.62714385986328,182.0399932861328,63.82484817504883,35.614768981933594,69.89349365234375,35.0994987487793,81.03500366210938
2023-05-31,401.0663146972656,341.5495300292969,167.26754760742188,90.4084243774414,182.32000732421875,63.163448333740234,35.28218078613281,70.24472045898438,34.48269271850586,80.35997772216797
2023-06-01,404.8769226074219,345.49517822265625,169.07720947265625,90.7631607055664,183.75999450683594,64.1019287109375,35.91040802001953,70.25349426269531,34.91040802001953,81.1768798828125
2023-06-02,410.73187255859375,348.0863037109375,175.2088623046875,89.7685317993164,181.0500030517578,64.93313598632812,36.52939987182617,71.96571350097656,35.97293472290039,81.6415786743164
2023-06-05,409.94476318359375,348.3316650390625,172.8601531982422,89.601318359375,182.13999938964844,64.55774688720703,36.5201530456543,71.46521759033203,35.734317779541016,81.17198181152344
2023-06-06,410.8373718261719,348.2728271484375,177.41314697265625,90.12942504882812,182.33999633789062,65.09400939941406,36.843502044677734,72.15010833740234,36.02246856689453,81.15241241455078
2023-06-07,409.4167785644531,342.3642272949219,180.73263549804688,88.79154968261719,180.14999389648438,64.52153015136719,36.685218811035156,73.4759750366211,36.97693634033203,79.93926239013672
2023-06-08,411.8931884765625,346.61407470703125,180.05697631835938,89.83016204833984,182.52999877929688,65.20414733886719,36.945926666259766,73.0193862915039,36.819358825683594,80.80509948730469
2023-06-09,412.63232421875,347.9390869140625,178.5994415283203,89.70693969726562,182.0399932861328,65.09491729736328,37.113525390625,72.5979232788086,36.61676025390625,81.20622253417969
2023-06-12,416.3757019042969,353.81817626953125,179.3426971435547,89.97100067138672,181.8800048828125,65.3770751953125,37.18800735473633,72.61548614501953,36.26557922363281,82.97209930419922
2023-06-13,419.1207580566406,356.5369873046875,181.39865112304688,89.08201599121094,180.5399932861328,65.99598693847656,37.56045150756836,73.08084106445312,36.436668395996094,83.4759521484375
2023-06-14,419.6199035644531,359.12811279296875,179.44886779785156,89.7949447631836,180.63999938964844,66.24173736572266,37.839778900146484,73.35303497314453,36.0629768371582,84.33686828613281
2023-06-15,424.82220458984375,363.4073791503906,180.92568969726562,90.65753936767578,181.91000366210938,66.94256591796875,38.193599700927734,73.7394027709961,36.459190368652344,85.4228286743164
2023-06-16,423.3751220703125,361.1205749511719,179.47779846191406,90.30546569824219,181.6300048828125,66.79693603515625,38.0632438659668,73.68672180175781,36.4051513671875,84.71843719482422
2023-06-20,421.1786193847656,360.6036071777344,178.69598388671875,90.93035125732422,179.75,65.91407012939453,37.318363189697266,72.81742858886719,35.590335845947266,84.14588928222656
2023-06-21,419.0205993652344,355.68939208984375,178.28091430664062,91.15042114257812,179.49000549316406,66.01419830322266,37.141448974609375,72.3783950805664,35.87193298339844,82.90079498291016
2023-06-22,420.53314208984375,359.88616943359375,176.95851135253906,90.0501937866211,177.7100067138672,65.60462188720703,37.011104583740234,71.34228515625,35.3904914855957,83.5772705078125
2023-06-23,417.3539123535156,356.3184509277344,174.29443359375,90.94799041748047,178.1999969482422,64.58523559570312,36.47106170654297,70.35885620117188,35.13615036010742,82.67041778564453
2023-06-26,415.6487121582031,351.54180908203125,174.46820068359375,91.04479217529297,178.50999450683594,64.66715240478516,36.592105865478516,71.98329162597656,35.76746368408203,82.0772933959961
2023-06-27,420.2055358886719,357.5862731933594,176.9874725341797,90.80712127685547,177.69000244140625,65.23145294189453,36.96455001831055,72.87010192871094,35.849220275878906,83.69491577148438
2023-06-28,420.41754150390625,358.2840881347656,177.856201171875,91.19440460205078,177.27999877929688,65.27696228027344,36.741085052490234,72.97550201416016,36.21257781982422,83.74392700195312
2023-06-29,422.0744934082031,357.566650390625,179.90252685546875,89.54850006103516,177.08999633789062,65.18594360351562,36.54555130004883,73.7906265258789,36.63043212890625,83.89098358154297
2023-06-30,427.05535888671875,363.080322265625,180.7615966796875,90.60469055175781,178.27000427246094,65.98687744140625,36.83419418334961,74.19910430908203,36.866607666015625,85.22430419921875
2023-07-03,427.5466613769531,363.9354248046875,181.12838745117188,90.091064453125,178.47000122070312,65.91407012939453,37.24386978149414,74.92725372314453,36.95290756225586,85.0429458618164
2023-07-05,426.91082763671875,363.92559814453125,179.32337951660156,89.23499298095703,177.83999633789062,65.17684936523438,37.02041244506836,75.09597778320312,36.74851989746094,84.5184097290039
2023-07-06,423.5678405761719,361.1539611816406,176.42764282226562,87.97294616699219,177.30999755859375,64.0482406616211,36.26622772216797,74.51879119873047,35.921897888183594,84.2929458618164
2023-07-07,422.4984130859375,359.9548645019531,178.29058837890625,87.44341278076172,178.63999938964844,64.53062438964844,36.675907135009766,74.3500747680664,36.69401550292969,83.9253158569336
2023-07-10,423.5678405761719,360.0728454589844,181.34071350097656,87.55813598632812,178.77999877929688,64.71266174316406,36.70384216308594,74.66973876953125,36.98015594482422,84.14588928222656
2023-07-11,426.2653503417969,361.8517761230469,183.2036590576172,88.00823211669922,179.4499969482422,65.29515838623047,37.07627868652344,75.73530578613281,37.793155670166016,84.3272476196289
2023-07-12,429.6949768066406,366.4219970703125,185.20172119140625,88.98786926269531,181.8800048828125,66.5420913696289,37.90495300292969,76.1437759399414,38.142887115478516,85.28313446044922
2023-07-13,433.10546875,372.643310546875,186.69786071777344,89.92340087890625,182.00999450683594,67.60697937011719,38.398441314697266,76.63216400146484,37.9975471496582,86.39585876464844
2023-07-14,432.835693359375,372.5647277832031,184.87355041503906,89.39383697509766,181.42999267578125,67.2247085571289,38.184288024902344,76.481201171875,36.993778228759766,86.2684097290039
2023-07-17,434.3386535644531,376.0439453125,186.85231018066406,89.43798065185547,181.55999755859375,67.14278411865234,38.23084259033203,75.98392486572266,36.92110824584961,87.3713150024414
2023-07-18,437.5660400390625,379.1202697753906,189.15924072265625,89.84395599365234,183.63999938964844,67.57968139648438,37.95151138305664,75.56659698486328,37.29355239868164,88.36151885986328
2023-07-19,438.5390319824219,379.0318298339844,189.96041870117188,90.85889434814453,183.6699981689453,67.54327392578125,37.87702178955078,76.4190444946289,37.511558532714844,88.14093017578125
2023-07-20,435.62957763671875,370.29443359375,188.30018615722656,89.75568389892578,182.74000549316406,67.1974105834961,37.597694396972656,76.17041015625,37.952125549316406,86.38115692138672
2023-07-21,435.62957763671875,369.1838073730469,187.7017364501953,89.78216552734375,182.17999267578125,67.33393096923828,37.54182434082031,76.52558898925781,38.2882194519043,86.3370361328125
2023-07-24,437.57568359375,369.77349853515625,188.16502380371094,89.45559692382812,181.39999389648438,67.17010498046875,38.053932189941406,77.15606689453125,38.90592956542969,86.48899841308594
2023-07-25,438.7702331542969,372.2796936035156,188.145751953125,89.28793334960938,182.41000366210938,67.24290466308594,38.370506286621094,76.60552978515625,39.110313415527344,87.47918701171875
2023-07-26,438.8376770019531,371.0412902832031,189.6322021484375,89.37619018554688,183.3000030517578,67.4249496459961,38.59396743774414,76.95184326171875,39.123939514160156,86.30271911621094
2023-07-27,435.9281921386719,370.15673828125,187.1804656982422,87.63756561279297,180.4199981689453,67.27023315429688,38.11910629272461,75.28244018554688,38.87413024902344,86.052734375
2023-07-28,440.19610595703125,376.8990783691406,189.60325622558594,88.08765411376953,181.86000061035156,67.75260925292969,39.040889739990234,75.22026824951172,38.99221420288086,87.22427368164062
2023-07-31,441.03424072265625,377.09564208984375,191.80401611328125,88.29949951171875,182.35000610351562,67.77080535888672,39.05951690673828,75.70865631103516,39.732547760009766,87.42524719238281
2023-08-01,439.772216796875,376.2209167480469,190.92564392089844,86.8525161743164,180.4600067138672,66.92436218261719,38.5660285949707,75.5843505859375,39.546329498291016,87.57231140136719
2023-08-02,433.6545715332031,367.9650573730469,188.32911682128906,85.92330169677734,179.60000610351562,65.67743682861328,37.64424133300781,75.14923095703125,39.02855682373047,85.40567779541016
2023-08-03,432.41180419921875,367.3753356933594,187.7982177734375,83.94092559814453,179.5399932861328,65.49539184570312,37.79322052001953,74.33230590820312,39.42369842529297,85.0576400756836
2023-08-04,430.45611572265625,365.6554260253906,187.42178344726562,85.42770385742188,180.19000244140625,65.67743682861328,37.74666976928711,73.72847747802734,39.47819519042969,83.90079498291016
2023-08-07,434.21331787109375,368.7513122558594,187.54727172851562,84.58695983886719,179.77999877929688,66.23262786865234,37.690799713134766,74.6519775390625,39.52361297607422,84.1360855102539
2023-08-08,432.32513427734375,365.61602783203125,186.36968994140625,85.5693130493164,178.63999938964844,65.83216094970703,37.23456573486328,74.17247772216797,39.71892166137695,83.4890365600586
2023-08-09,429.43487548828125,361.5962829589844,184.91217041015625,86.01178741455078,177.7899932861328,65.81394958496094,37.32768249511719,74.16357421875,40.21853256225586,82.41060638427734
2023-08-10,429.58905029296875,362.2645568847656,184.09170532226562,84.59579467773438,177.60000610351562,66.09610748291016,37.383548736572266,73.87944030761719,40.213993072509766,82.42041015625
2023-08-11,429.33856201171875,359.9548645019531,184.35231018066406,84.40113067626953,177.60000610351562,65.6501235961914,36.83419418334961,73.99488830566406,40.831687927246094,81.81258392333984
2023-08-14,431.7085876464844,363.994384765625,184.03378295898438,84.21527862548828,177.05999755859375,65.35887145996094,36.657283782958984,73.5064926147461,40.659095764160156,83.1164779663086
2023-08-15,426.67962646484375,360.1318359375,181.60134887695312,83.70196533203125,176.58999633789062,64.548828125,36.2382926940918,72.68067932128906,39.814300537109375,82.29786682128906
2023-08-16,423.548583984375,356.3184509277344,179.38128662109375,83.04710388183594,175.57000732421875,64.02094268798828,35.912410736083984,71.7838134765625,39.4691162109375,81.5135726928711
2023-08-17,420.3211669921875,352.4263610839844,177.26742553710938,82.69309997558594,175.3000030517578,63.565853118896484,35.9962043762207,71.20665740966797,39.94147491455078,80.73907470703125
2023-08-18,420.52349853515625,351.9841003417969,178.23263549804688,82.98513793945312,175.3300018310547,63.565853118896484,35.754127502441406,71.42862701416016,40.33662414550781,80.86162567138672
2023-08-21,423.259521484375,357.6550598144531,177.97207641601562,81.87890625,175.80999755859375,63.802486419677734,35.83792495727539,70.77153015136719,40.082271575927734,82.40571594238281
2023-08-22,422.1130676269531,357.14398193359375,177.44114685058594,82.50724792480469,176.10000610351562,63.684165954589844,35.763427734375,70.97575378417969,39.77342987060547,82.31258392333984
2023-08-23,426.8144836425781,362.7756042480469,179.33299255371094,84.5515365600586,177.88999938964844,64.37590026855469,36.33140182495117,72.0946044921875,39.673500061035156,83.7978515625
2023-08-24,420.89923095703125,355.02105712890625,176.85235595703125,83.99402618408203,177.85000610351562,63.493038177490234,36.19173812866211,71.8193359375,39.4009895324707,81.86648559570312
2023-08-25,423.8664245605469,357.77301025390625,177.60523986816406,84.26834869384766,177.6199951171875,63.92081832885742,36.228981018066406,71.87262725830078,39.782508850097656,82.69984436035156
2023-08-28,426.5543518066406,360.4659729003906,179.18824768066406,84.35685729980469,178.1300048828125,64.59434509277344,36.58279800415039,72.54747009277344,40.05048370361328,83.37629699707031
2023-08-29,432.72015380859375,368.3385009765625,181.688232421875,85.23300170898438,179.8699951171875,65.3952865600586,37.048343658447266,73.42658233642578,40.159481048583984,85.04783630371094
2023-08-30,434.50244140625,370.39263916015625,182.37356567382812,85.14450073242188,180.32000732421875,65.35887145996094,36.92730712890625,73.69295501708984,40.359336853027344,85.6899642944336
2023-08-31,433.8666076660156,371.50323486328125,182.05503845214844,85.52505493164062,180.02000427246094,65.10401916503906,36.47106170654297,73.15129089355469,40.38658142089844,86.10665130615234
2023-09-01,434.67578125,371.11016845703125,184.21714782714844,84.19271850585938,180.11000061035156,65.06761932373047,36.89937210083008,73.27561950683594,41.21320724487305,86.371337890625
2023-09-05,432.79718017578125,371.5819091796875,180.33689880371094,83.01214599609375,178.63999938964844,64.5033187866211,36.601417541503906,72.42317199707031,41.43122482299805,86.68016815185547
2023-09-06,429.8877258300781,368.30902099609375,179.66122436523438,83.21630096435547,177.8300018310547,64.36680603027344,36.396575927734375,72.27220153808594,41.44939041137695,85.76351165771484
2023-09-07,428.56787109375,365.67498779296875,177.92376708984375,83.44709014892578,178.02000427246094,64.15745544433594,35.96826934814453,72.7250747680664,41.408512115478516,84.52332305908203
2023-09-08,429.21331787109375,366.1861267089844,177.5280303955078,83.76664733886719,178.0800018310547,64.06644439697266,36.042762756347656,72.44091033935547,41.808204650878906,84.69979858398438
2023-09-11,432.0361328125,370.500732421875,177.95272827148438,83.16304016113281,178.41000366210938,64.73087310791016,36.48968505859375,72.44979858398438,41.25862121582031,85.14098358154297
2023-09-12,429.6661682128906,366.3924865722656,177.77899169921875,83.64237976074219,177.49000549316406,64.46692657470703,36.377960205078125,72.4142837524414,42.230594635009766,83.59686279296875
2023-09-13,430.1671142578125,367.7881774902344,176.6110076904297,83.6246109008789,177.0800018310547,64.26667785644531,36.33140182495117,71.62398529052734,41.912662506103516,83.8076400756836
2023-09-14,433.8762512207031,370.795654296875,179.10137939453125,83.02100372314453,177.1699981689453,65.1131362915039,36.573486328125,72.92042541503906,42.40319061279297,84.41549682617188
2023-09-15,428.64874267578125,364.4464416503906,177.22879028320312,82.51507568359375,178.33999633789062,64.9675064086914,36.43382263183594,72.6451416015625,41.79003143310547,82.79295349121094
2023-09-18,428.9000244140625,364.8263854980469,176.0511932373047,82.98550415039062,179.38999938964844,64.73995971679688,36.38726806640625,71.99694061279297,42.1441650390625,83.19087982177734
2023-09-19,428.0105895996094,364.048828125,175.36585998535156,82.37303924560547,179.22000122070312,64.79456329345703,36.17311477661133,71.66838836669922,41.75067901611328,83.14665222167969
2023-09-20,424.0758056640625,358.802734375,173.60911560058594,82.63045501708984,179.35000610351562,64.63985443115234,36.02413558959961,71.73054504394531,41.361778259277344,81.83997344970703
2023-09-21,417.0664978027344,352.2279052734375,170.91607666015625,80.50897979736328,178.0500030517578,63.565853118896484,35.400306701660156,69.28860473632812,40.79441833496094,80.59222412109375
2023-09-22,416.12872314453125,352.27703857421875,170.5299835205078,81.15696716308594,178.6199951171875,63.62046813964844,35.819297790527344,68.76472473144531,40.86305236816406,80.76416778564453
2023-09-25,417.8786315917969,353.95025634765625,171.29254150390625,79.1597900390625,177.6999969482422,63.33831024169922,35.6610107421875,68.7025375366211,41.375492095947266,81.0245132446289
2023-09-26,411.7394714355469,348.63525390625,169.09017944335938,78.8846206665039,176.27999877929688,62.5191650390625,35.15821838378906,67.45051574707031,41.1375732421875,79.5655517578125
2023-09-27,411.9037780761719,349.4522399902344,170.6708984375,78.4762954711914,174.10000610351562,62.400840759277344,35.21408462524414,66.99763488769531,42.162471771240234,79.68834686279297
2023-09-28,414.291748046875,352.37548828125,172.21287536621094,78.71595764160156,173.22999572753906,62.91053771972656,35.307193756103516,67.64051055908203,42.20822525024414,80.25328063964844
2023-09-29,413.28631591796875,352.6313781738281,171.3982391357422,78.7248306274414,171.4499969482422,62.72850036621094,35.33513259887695,67.8377685546875,41.35719299316406,80.52836608886719
2023-10-02,413.1219787597656,355.5743408203125,168.8089599609375,77.40697479248047,169.64999389648438,61.80923843383789,35.15821838378906,66.59146881103516,40.53361892700195,81.3929443359375
2023-10-03,407.5918273925781,349.3341369628906,165.96746826171875,75.74182891845703,169.16000366210938,61.03559494018555,34.69266891479492,65.29139709472656,40.506168365478516,80.01258087158203
2023-10-04,410.5599670410156,354.0881042480469,166.04505920410156,76.81037139892578,169.13999938964844,61.14481735229492,34.59025192260742,66.08937072753906,39.23420333862305,81.00977325439453
2023-10-05,410.4052429199219,353.0447998046875,166.171142578125,76.42745971679688,168.8300018310547,61.68180847167969,34.72060012817383,66.45697784423828,38.99170684814453,81.11785888671875
2023-10-06,415.2779541015625,358.960205078125,167.771240234375,75.50138854980469,169.6999969482422,62.36443328857422,35.22339630126953,66.63629913330078,39.22504425048828,82.63578033447266
2023-10-09,417.9366149902344,360.7909851074219,168.74102783203125,77.27339935302734,172.82000732421875,62.273414611816406,35.0557975769043,67.36256408691406,40.53361892700195,83.06314086914062
2023-10-10,420.1119079589844,362.78900146484375,170.6514892578125,77.16654205322266,172.52999877929688,63.12898635864258,35.558589935302734,67.68534088134766,40.583953857421875,83.19087982177734
2023-10-11,421.8327941894531,365.3775939941406,170.360595703125,78.77825927734375,173.7899932861328,63.39292526245117,35.78205490112305,68.85990142822266,40.062355041503906,83.96209716796875
2023-10-12,419.2611389160156,364.10791015625,166.51058959960938,76.64118194580078,173.25999450683594,62.86502456665039,35.381683349609375,67.85570526123047,40.10810470581055,84.04071044921875
2023-10-13,417.1728210449219,359.531005859375,165.123779296875,78.01246643066406,178.8300018310547,62.28252410888672,35.25132751464844,67.68534088134766,40.991153717041016,82.83717346191406
2023-10-16,421.5621032714844,363.5960998535156,167.79067993164062,76.75694274902344,177.9600067138672,62.73760223388672,35.51203918457031,68.49230194091797,41.265689849853516,83.63299560546875
2023-10-17,421.5427551269531,362.4051513671875,169.66233825683594,75.91100311279297,178.2899932861328,62.77401351928711,35.41892623901367,68.39366149902344,41.695770263671875,83.24491119384766
2023-10-18,415.9256286621094,357.651123046875,166.171142578125,75.24317932128906,180.8699951171875,61.68180847167969,34.87889099121094,66.94115447998047,42.07553482055664,82.39015197753906
2023-10-19,412.2711486816406,354.3046569824219,163.5236358642578,73.70269775390625,183.08999633789062,61.13570785522461,34.674049377441406,65.3541488647461,42.00233459472656,81.91856384277344
2023-10-20,407.20513916015625,349.0191345214844,161.40956115722656,74.1211929321289,183.58999633789062,60.58961486816406,34.25505065917969,64.9148178100586,41.29771423339844,80.53327941894531
2023-10-23,406.4993896484375,350.0722961425781,160.04214477539062,75.01164245605469,182.97000122070312,60.6351318359375,34.22712326049805,64.27820587158203,40.62969970703125,80.62659454345703
2023-10-24,409.56414794921875,353.47784423828125,161.43862915039062,76.00006866455078,182.9499969482422,60.980987548828125,34.664737701416016,65.10310363769531,40.057777404785156,81.18171691894531
2023-10-25,403.6860046386719,344.8262023925781,158.77174377441406,74.30819702148438,183.72000122070312,60.54410934448242,34.2085075378418,63.70438766479492,39.984561920166016,80.22380828857422
2023-10-26,398.8520202636719,338.2513427734375,159.1790771484375,75.4479751586914,184.00999450683594,60.10722732543945,34.04090118408203,64.92378234863281,39.67344284057617,78.69114685058594
2023-10-27,397.0440979003906,339.8753662109375,157.30738830566406,75.12742614746094,186.14999389648438,59.925193786621094,34.01296615600586,63.883697509765625,38.72175216674805,79.14798736572266
2023-10-30,401.79107666015625,343.7042236328125,158.18017578125,74.78904724121094,185.10000610351562,60.689735412597656,34.36678695678711,64.28717041015625,38.84987258911133,79.99783325195312
2023-10-31,404.31451416015625,345.347900390625,159.54757690429688,74.42395782470703,184.08999633789062,60.908172607421875,34.17125701904297,65.38104248046875,38.97797393798828,80.56765747070312
2023-11-01,408.6263427734375,351.34197998046875,160.45916748046875,76.03762817382812,183.50999450683594,61.4815788269043,34.487831115722656,65.78453063964844,38.88646697998047,82.12488555908203
2023-11-02,416.4574279785156,357.719970703125,164.73587036132812,77.77104187011719,184.1199951171875,62.73760223388672,35.09304428100586,67.94535827636719,40.062355041503906,83.51508331298828
2023-11-03,420.2569274902344,361.92279052734375,169.21624755859375,78.29821014404297,184.7899932861328,63.40203094482422,35.80998992919922,69.56822967529297,39.65972137451172,84.37474060058594
2023-11-06,421.2237243652344,363.39923095703125,167.10215759277344,77.5387191772461,183.35000610351562,63.08346939086914,36.09862518310547,68.56402587890625,39.21131896972656,84.92984771728516
2023-11-07,422.4225158691406,366.8342590332031,166.51058959960938,78.68241882324219,182.58999633789062,62.70119857788086,36.033447265625,67.99913787841797,38.34199523925781,85.85828399658203
2023-11-08,422.73193359375,367.07049560546875,164.73587036132812,80.02266693115234,180.77000427246094,62.61927795410156,35.79136276245117,68.22331237792969,37.86157989501953,86.3446044921875
2023-11-09,419.4351806640625,364.2457275390625,162.18536376953125,78.18203735351562,181.49000549316406,62.61018753051758,35.456172943115234,67.14737701416016,37.747196197509766,85.94178771972656
2023-11-10,425.9802551269531,372.4347229003906,163.99884033203125,78.619873046875,179.50999450683594,62.8923225402832,35.70756912231445,67.7750015258789,38.163551330566406,88.18673706054688
2023-11-13,425.57427978515625,371.2732849121094,164.05703735351562,78.44117736816406,180.50999450683594,63.0561637878418,35.6982536315918,67.21014404296875,38.43808364868164,87.67094421386719
2023-11-14,433.83074951171875,379.2655029296875,173.06625366210938,80.21925354003906,182.1199951171875,64.66715240478516,36.647972106933594,70.94005584716797,38.78123092651367,89.42466735839844
2023-11-15,434.7491760253906,379.55096435546875,173.36688232421875,79.09341430664062,181.63999938964844,64.56703186035156,36.95523452758789,71.1462631225586,38.70802688598633,89.53764343261719
2023-11-16,435.2809143066406,379.87579345703125,170.56422424316406,80.07627868652344,183.69000244140625,64.52153015136719,36.601417541503906,70.99383544921875,37.953086853027344,89.98464965820312
2023-11-17,435.8223571777344,379.96429443359375,172.90139770507812,80.45158386230469,183.6699981689453,65.3952865600586,36.647972106933594,70.94005584716797,38.74920654296875,89.79800415039062
2023-11-20,439.1771240234375,384.5903625488281,173.90994262695312,80.94296264648438,183.3699951171875,65.64102172851562,37.104209899902344,71.46006774902344,38.80410385131836,91.09977722167969
2023-11-21,438.219970703125,382.35614013671875,171.66976928710938,80.90725708007812,185.35000610351562,65.38617706298828,36.87143325805664,70.9579849243164,38.71718215942383,90.3629150390625
2023-11-22,439.9118957519531,383.9210510253906,172.74623107910156,81.19319915771484,184.55999755859375,65.54090118408203,36.79695129394531,71.30765533447266,38.69887924194336,90.76573944091797
2023-11-24,440.1825866699219,383.3797302246094,173.90994262695312,80.23712921142578,185.52000427246094,66.04149627685547,36.81557846069336,71.51388549804688,38.85901641845703,90.5888900756836
2023-11-27,439.38983154296875,383.04510498046875,173.3280792236328,81.57740783691406,186.77000427246094,65.81394958496094,36.666595458984375,71.77389526367188,38.72175216674805,90.58397674560547
2023-11-28,439.8248291015625,384.0490417480469,172.658935546875,81.73820495605469,189.25999450683594,65.83216094970703,36.97386169433594,72.24913024902344,38.73090744018555,90.75592041015625
2023-11-29,439.5155944824219,383.67498779296875,173.57052612304688,82.76575469970703,189.5399932861328,65.96869659423828,36.759708404541016,72.7511978149414,38.44264602661133,90.82466888427734
2023-11-30,441.2460632324219,382.7104797363281,174.23001098632812,81.8096923828125,188.75,65.91407012939453,36.83419418334961,73.28021240234375,38.69887924194336,90.95732116699219
2023-12-01,443.8564758300781,383.802978515625,179.32131958007812,83.35051727294922,192.00999450683594,66.60578918457031,36.99247741699219,75.08241271972656,38.90019989013672,91.16363525390625
2023-12-04,441.52642822265625,380.2399597167969,181.241455078125,83.01886749267578,187.86000061035156,66.08700561523438,36.573486328125,75.62932586669922,38.72175216674805,90.05343627929688
2023-12-05,441.439453125,381.1947021484375,178.8170166015625,84.80258178710938,187.14999389648438,65.8503646850586,36.35002517700195,75.12724304199219,38.044593811035156,90.59379577636719
2023-12-06,439.66058349609375,378.9898986816406,178.4969940185547,85.93193817138672,187.83999633789062,66.05060577392578,36.303470611572266,74.90306854248047,37.477237701416016,89.82746124267578
2023-12-07,443.015380859375,384.2852783203125,179.7868194580078,85.43895721435547,188.14999389648438,66.36915588378906,36.480377197265625,75.11825561523438,37.22102355957031,90.91801452636719
2023-12-08,444.9199523925781,385.9978942871094,181.1541748046875,84.73983764648438,185.63999938964844,66.56938934326172,36.322086334228516,74.99273681640625,37.623653411865234,91.69417572021484
2023-12-11,446.6504211425781,389.2951354980469,181.5324249267578,84.56057739257812,183.58999633789062,66.73322296142578,36.53623962402344,75.1989517211914,37.66941452026367,92.494873046875
2023-12-12,448.6904296875,392.3955993652344,181.34812927246094,84.8115463256836,183.49000549316406,66.8515396118164,36.54555130004883,75.15412902832031,37.15238571166992,93.1089096069336
2023-12-13,454.87786865234375,397.38580322265625,187.48683166503906,86.80139923095703,187.6300048828125,67.8254165649414,36.908687591552734,78.0322494506836,37.66941452026367,93.92929077148438
2023-12-14,456.3377380371094,397.0413513183594,192.70423889160156,89.05935668945312,188.72999572753906,68.32601165771484,37.44872283935547,80.28276062011719,38.77665710449219,93.69841003417969
2023-12-15,455.5863952636719,398.9605712890625,191.08468627929688,89.1583023071289,187.0,67.66159057617188,37.22525405883789,79.15303802490234,38.570762634277344,94.16999053955078
2023-12-18,458.149169921875,401.47344970703125,191.15255737304688,88.44788360595703,187.85000610351562,67.8254165649414,37.20663070678711,78.97372436523438,38.88580322265625,94.45160675048828
2023-12-19,460.9350280761719,403.52484130859375,194.8571319580078,88.92449951171875,189.1300048828125,68.39881896972656,37.52320861816406,79.57443237304688,39.35235595703125,94.81099700927734
2023-12-20,454.5478210449219,397.528564453125,191.0455322265625,89.52696228027344,188.10000610351562,67.70854949951172,36.84772872924805,78.60608673095703,38.98743438720703,93.37834930419922
2023-12-21,458.85772705078125,402.154052734375,194.2964630126953,88.96045684814453,189.42999267578125,68.80524444580078,37.540283203125,79.30318450927734,39.139869689941406,94.427001953125
2023-12-22,459.77996826171875,402.7555847167969,196.1068572998047,88.5557861328125,190.27000427246094,68.8697509765625,37.36002731323242,79.61178588867188,39.25535583496094,94.5500717163086
2023-12-26,461.72137451171875,405.2211608886719,198.65701293945312,88.80758666992188,191.72000122070312,69.1830825805664,37.65412521362305,80.20178985595703,39.59256362915039,94.94393920898438
2023-12-27,462.5561828613281,406.04608154296875,199.35781860351562,90.38123321533203,192.58999633789062,69.55171966552734,37.8723258972168,80.59207916259766,39.417030334472656,94.93901062011719
2023-12-28,462.73089599609375,405.84869384765625,198.59861755371094,89.72482299804688,191.47000122070312,69.36740112304688,38.16642761230469,81.16390228271484,38.81651306152344,95.05223846435547
2023-12-29,461.3912658691406,404.0923156738281,195.3573760986328,88.91546630859375,191.1699981689453,69.44112396240234,38.14745330810547,80.20178985595703,38.72874069213867,94.76177215576172
