Date,SPY,QQQ,IWM,TLT,GLD,EFA,EEM,VNQ,XLE,XLK
2010-01-04,0.0,0.0,0.0,0.0,0.0,0.0,0.0,0.0,0.0,0.0
2010-01-05,0.0,0.0,0.0,0.0,0.0,0.0,0.0,0.0,0.0,0.0
2010-01-06,0.0,0.0,0.0,0.0,0.0,0.0,0.0,0.0,0.0,0.0
2010-01-07,0.0,0.0,0.0,0.0,0.0,0.0,0.0,0.0,0.0,0.0
2010-01-08,0.0,0.0,0.0,0.0,0.0,0.0,0.0,0.0,0.0,0.0
2010-01-11,0.0,0.0,0.0,0.0,0.0,0.0,0.0,0.0,0.0,0.0
2010-01-12,0.0,0.0,0.0,0.0,0.0,0.0,0.0,0.0,0.0,0.0
2010-01-13,0.0,0.0,0.0,0.0,0.0,0.0,0.0,0.0,0.0,0.0
2010-01-14,0.0,0.0,0.0,0.0,0.0,0.0,0.0,0.0,0.0,0.0
2010-01-15,0.0,0.0,0.0,0.0,0.0,0.0,0.0,0.0,0.0,0.0
2010-01-19,0.0,0.0,0.0,0.0,0.0,0.0,0.0,0.0,0.0,0.0
2010-01-20,0.0,0.0,0.0,0.0,0.0,0.0,0.0,0.0,0.0,0.0
2010-01-21,0.0,0.0,0.0,0.0,0.0,0.0,0.0,0.0,0.0,0.0
2010-01-22,0.0,0.0,0.0,0.0,0.0,0.0,0.0,0.0,0.0,0.0
2010-01-25,0.0,0.0,0.0,0.0,0.0,0.0,0.0,0.0,0.0,0.0
2010-01-26,0.0,0.0,0.0,0.0,0.0,0.0,0.0,0.0,0.0,0.0
2010-01-27,0.0,0.0,0.0,0.0,0.0,0.0,0.0,0.0,0.0,0.0
2010-01-28,0.0,0.0,0.0,0.0,0.0,0.0,0.0,0.0,0.0,0.0
2010-01-29,0.0,0.0,0.0,0.0,0.0,0.0,0.0,0.0,0.0,0.0
2010-02-01,0.0,0.0,0.0,0.0,0.0,0.0,0.0,0.0,0.0,0.0
2010-02-02,0.0,0.0,0.0,0.0,0.0,0.0,0.0,0.0,0.0,0.0
2010-02-03,0.0,0.0,0.0,0.0,0.0,0.0,0.0,0.0,0.0,0.0
2010-02-04,0.0,0.0,0.0,0.0,0.0,0.0,0.0,0.0,0.0,0.0
2010-02-05,0.0,0.0,0.0,0.0,0.0,0.0,0.0,0.0,0.0,0.0
2010-02-08,0.0,0.0,0.0,0.0,0.0,0.0,0.0,0.0,0.0,0.0
2010-02-09,0.0,0.0,0.0,0.0,0.0,0.0,0.0,0.0,0.0,0.0
2010-02-10,0.0,0.0,0.0,0.0,0.0,0.0,0.0,0.0,0.0,0.0
2010-02-11,0.0,0.0,0.0,0.0,0.0,0.0,0.0,0.0,0.0,0.0
2010-02-12,0.0,0.0,0.0,0.0,0.0,0.0,0.0,0.0,0.0,0.0
2010-02-16,0.0,0.0,0.0,0.0,0.0,0.0,0.0,0.0,0.0,0.0
2010-02-17,0.0,0.0,0.0,0.0,0.0,0.0,0.0,0.0,0.0,0.0
2010-02-18,0.0,0.0,0.0,0.0,0.0,0.0,0.0,0.0,0.0,0.0
2010-02-19,0.0,0.0,0.0,0.0,0.0,0.0,0.0,0.0,0.0,0.0
2010-02-22,0.0,0.0,0.0,0.0,0.0,0.0,0.0,0.0,0.0,0.0
2010-02-23,0.0,0.0,0.0,0.0,0.0,0.0,0.0,0.0,0.0,0.0
2010-02-24,0.0,0.0,0.0,0.0,0.0,0.0,0.0,0.0,0.0,0.0
2010-02-25,0.0,0.0,0.0,0.0,0.0,0.0,0.0,0.0,0.0,0.0
2010-02-26,0.0,0.0,0.0,0.0,0.0,0.0,0.0,0.0,0.0,0.0
2010-03-01,0.0,0.0,0.0,0.0,0.0,0.0,0.0,0.0,0.0,0.0
2010-03-02,0.0,0.0,0.0,0.0,0.0,0.0,0.0,0.0,0.0,0.0
2010-03-03,0.0,0.0,0.0,0.0,0.0,0.0,0.0,0.0,0.0,0.0
2010-03-04,0.0,0.0,0.0,0.0,0.0,0.0,0.0,0.0,0.0,0.0
2010-03-05,0.0,0.0,0.0,0.0,0.0,0.0,0.0,0.0,0.0,0.0
2010-03-08,0.0,0.0,0.0,0.0,0.0,0.0,0.0,0.0,0.0,0.0
2010-03-09,0.0,0.0,0.0,0.0,0.0,0.0,0.0,0.0,0.0,0.0
2010-03-10,0.0,0.0,0.0,0.0,0.0,0.0,0.0,0.0,0.0,0.0
2010-03-11,0.0,0.0,0.0,0.0,0.0,0.0,0.0,0.0,0.0,0.0
2010-03-12,0.0,0.0,0.0,0.0,0.0,0.0,0.0,0.0,0.0,0.0
2010-03-15,0.0,0.0,0.0,0.0,0.0,0.0,0.0,0.0,0.0,0.0
2010-03-16,0.0,0.0,0.0,0.0,0.0,0.0,0.0,0.0,0.0,0.0
2010-03-17,0.0,0.0,0.0,0.0,0.0,0.0,0.0,0.0,0.0,0.0
2010-03-18,0.0,0.0,0.0,0.0,0.0,0.0,0.0,0.0,0.0,0.0
2010-03-19,0.0,0.0,0.0,0.0,0.0,0.0,0.0,0.0,0.0,0.0
2010-03-22,0.0,0.0,0.0,0.0,0.0,0.0,0.0,0.0,0.0,0.0
2010-03-23,0.0,0.0,0.0,0.0,0.0,0.0,0.0,0.0,0.0,0.0
2010-03-24,0.0,0.0,0.0,0.0,0.0,0.0,0.0,0.0,0.0,0.0
2010-03-25,0.0,0.0,0.0,0.0,0.0,0.0,0.0,0.0,0.0,0.0
2010-03-26,0.0,0.0,0.0,0.0,0.0,0.0,0.0,0.0,0.0,0.0
2010-03-29,0.0,0.0,0.0,0.0,0.0,0.0,0.0,0.0,0.0,0.0
2010-03-30,0.0,0.0,0.0,0.0,0.0,0.0,0.0,0.0,0.0,0.0
2010-03-31,0.0,0.0,0.0,0.0,0.0,0.0,0.0,0.0,0.0,0.0
2010-04-01,0.0,0.0,0.0,0.0,0.0,0.0,0.0,0.0,0.0,0.0
2010-04-05,0.0,0.0,0.0,0.0,0.0,0.0,0.0,0.0,0.0,0.0
2010-04-06,0.0,0.0,0.0,0.0,0.0,0.0,0.0,0.0,0.0,0.0
2010-04-07,0.0,0.0,0.0,0.0,0.0,0.0,0.0,0.0,0.0,0.0
2010-04-08,0.0,0.0,0.0,0.0,0.0,0.0,0.0,0.0,0.0,0.0
2010-04-09,0.0,0.0,0.0,0.0,0.0,0.0,0.0,0.0,0.0,0.0
2010-04-12,0.0,0.0,0.0,0.0,0.0,0.0,0.0,0.0,0.0,0.0
2010-04-13,0.0,0.0,0.0,0.0,0.0,0.0,0.0,0.0,0.0,0.0
2010-04-14,0.0,0.0,0.0,0.0,0.0,0.0,0.0,0.0,0.0,0.0
2010-04-15,0.0,0.0,0.0,0.0,0.0,0.0,0.0,0.0,0.0,0.0
2010-04-16,0.0,0.0,0.0,0.0,0.0,0.0,0.0,0.0,0.0,0.0
2010-04-19,0.0,0.0,0.0,0.0,0.0,0.0,0.0,0.0,0.0,0.0
2010-04-20,0.0,0.0,0.0,0.0,0.0,0.0,0.0,0.0,0.0,0.0
2010-04-21,0.0,0.0,0.0,0.0,0.0,0.0,0.0,0.0,0.0,0.0
2010-04-22,0.0,0.0,0.0,0.0,0.0,0.0,0.0,0.0,0.0,0.0
2010-04-23,0.0,0.0,0.0,0.0,0.0,0.0,0.0,0.0,0.0,0.0
2010-04-26,0.0,0.0,0.0,0.0,0.0,0.0,0.0,0.0,0.0,0.0
2010-04-27,0.0,0.0,0.0,0.0,0.0,0.0,0.0,0.0,0.0,0.0
2010-04-28,0.0,0.0,0.0,0.0,0.0,0.0,0.0,0.0,0.0,0.0
2010-04-29,0.0,0.0,0.0,0.0,0.0,0.0,0.0,0.0,0.0,0.0
2010-04-30,0.0,0.0,0.0,0.0,0.0,0.0,0.0,0.0,0.0,0.0
2010-05-03,0.0,0.0,0.0,0.0,0.0,0.0,0.0,0.0,0.0,0.0
2010-05-04,0.0,0.0,0.0,0.0,0.0,0.0,0.0,0.0,0.0,0.0
2010-05-05,0.0,0.0,0.0,0.0,0.0,0.0,0.0,0.0,0.0,0.0
2010-05-06,0.0,0.0,0.0,0.0,0.0,0.0,0.0,0.0,0.0,0.0
2010-05-07,0.0,0.0,0.0,0.0,0.0,0.0,0.0,0.0,0.0,0.0
2010-05-10,0.0,0.0,0.0,0.0,0.0,0.0,0.0,0.0,0.0,0.0
2010-05-11,0.0,0.0,0.0,0.0,0.0,0.0,0.0,0.0,0.0,0.0
2010-05-12,0.0,0.0,0.0,0.0,0.0,0.0,0.0,0.0,0.0,0.0
2010-05-13,0.0,0.0,0.0,0.0,0.0,0.0,0.0,0.0,0.0,0.0
2010-05-14,0.0,0.0,0.0,0.0,0.0,0.0,0.0,0.0,0.0,0.0
2010-05-17,0.0,0.0,0.0,0.0,0.0,0.0,0.0,0.0,0.0,0.0
2010-05-18,0.0,0.0,0.0,0.0,0.0,0.0,0.0,0.0,0.0,0.0
2010-05-19,0.0,0.0,0.0,0.0,0.0,0.0,0.0,0.0,0.0,0.0
2010-05-20,0.0,0.0,0.0,0.0,0.0,0.0,0.0,0.0,0.0,0.0
2010-05-21,0.0,0.0,0.0,0.0,0.0,0.0,0.0,0.0,0.0,0.0
2010-05-24,0.0,0.0,0.0,0.0,0.0,0.0,0.0,0.0,0.0,0.0
2010-05-25,0.0,0.0,0.0,0.0,0.0,0.0,0.0,0.0,0.0,0.0
2010-05-26,0.0,0.0,0.0,0.0,0.0,0.0,0.0,0.0,0.0,0.0
2010-05-27,0.0,0.0,0.0,0.0,0.0,0.0,0.0,0.0,0.0,0.0
2010-05-28,0.0,0.0,0.0,0.0,0.0,0.0,0.0,0.0,0.0,0.0
2010-06-01,0.0,0.0,0.0,0.0,0.0,0.0,0.0,0.0,0.0,0.0
2010-06-02,0.0,0.0,0.0,0.0,0.0,0.0,0.0,0.0,0.0,0.0
2010-06-03,0.0,0.0,0.0,0.0,0.0,0.0,0.0,0.0,0.0,0.0
2010-06-04,0.0,0.0,0.0,0.0,0.0,0.0,0.0,0.0,0.0,0.0
2010-06-07,0.0,0.0,0.0,0.0,0.0,0.0,0.0,0.0,0.0,0.0
2010-06-08,0.0,0.0,0.0,0.0,0.0,0.0,0.0,0.0,0.0,0.0
2010-06-09,0.0,0.0,0.0,0.0,0.0,0.0,0.0,0.0,0.0,0.0
2010-06-10,0.0,0.0,0.0,0.0,0.0,0.0,0.0,0.0,0.0,0.0
2010-06-11,0.0,0.0,0.0,0.0,0.0,0.0,0.0,0.0,0.0,0.0
2010-06-14,0.0,0.0,0.0,0.0,0.0,0.0,0.0,0.0,0.0,0.0
2010-06-15,0.0,0.0,0.0,0.0,0.0,0.0,0.0,0.0,0.0,0.0
2010-06-16,0.0,0.0,0.0,0.0,0.0,0.0,0.0,0.0,0.0,0.0
2010-06-17,0.0,0.0,0.0,0.0,0.0,0.0,0.0,0.0,0.0,0.0
2010-06-18,0.0,0.0,0.0,0.0,0.0,0.0,0.0,0.0,0.0,0.0
2010-06-21,0.0,0.0,0.0,0.0,0.0,0.0,0.0,0.0,0.0,0.0
2010-06-22,0.0,0.0,0.0,0.0,0.0,0.0,0.0,0.0,0.0,0.0
2010-06-23,0.0,0.0,0.0,0.0,0.0,0.0,0.0,0.0,0.0,0.0
2010-06-24,0.0,0.0,0.0,0.0,0.0,0.0,0.0,0.0,0.0,0.0
2010-06-25,0.0,0.0,0.0,0.0,0.0,0.0,0.0,0.0,0.0,0.0
2010-06-28,0.0,0.0,0.0,0.0,0.0,0.0,0.0,0.0,0.0,0.0
2010-06-29,0.0,0.0,0.0,0.0,0.0,0.0,0.0,0.0,0.0,0.0
2010-06-30,0.0,0.0,0.0,0.0,0.0,0.0,0.0,0.0,0.0,0.0
2010-07-01,0.0,0.0,0.0,0.0,0.0,0.0,0.0,0.0,0.0,0.0
2010-07-02,0.0,0.0,0.0,0.0,0.0,0.0,0.0,0.0,0.0,0.0
2010-07-06,0.0,0.0,0.0,0.0,0.0,0.0,0.0,0.0,0.0,0.0
2010-07-07,0.0,0.0,0.0,0.0,0.0,0.0,0.0,0.0,0.0,0.0
2010-07-08,0.0,0.0,0.0,0.0,0.0,0.0,0.0,0.0,0.0,0.0
2010-07-09,0.0,0.0,0.0,0.0,0.0,0.0,0.0,0.0,0.0,0.0
2010-07-12,0.0,0.0,0.0,0.0,0.0,0.0,0.0,0.0,0.0,0.0
2010-07-13,0.0,0.0,0.0,0.0,0.0,0.0,0.0,0.0,0.0,0.0
2010-07-14,0.0,0.0,0.0,0.0,0.0,0.0,0.0,0.0,0.0,0.0
2010-07-15,0.0,0.0,0.0,0.0,0.0,0.0,0.0,0.0,0.0,0.0
2010-07-16,0.0,0.0,0.0,0.0,0.0,0.0,0.0,0.0,0.0,0.0
2010-07-19,0.0,0.0,0.0,0.0,0.0,0.0,0.0,0.0,0.0,0.0
2010-07-20,0.0,0.0,0.0,0.0,0.0,0.0,0.0,0.0,0.0,0.0
2010-07-21,0.0,0.0,0.0,0.0,0.0,0.0,0.0,0.0,0.0,0.0
2010-07-22,0.0,0.0,0.0,0.0,0.0,0.0,0.0,0.0,0.0,0.0
2010-07-23,0.0,0.0,0.0,0.0,0.0,0.0,0.0,0.0,0.0,0.0
2010-07-26,0.0,0.0,0.0,0.0,0.0,0.0,0.0,0.0,0.0,0.0
2010-07-27,0.0,0.0,0.0,0.0,0.0,0.0,0.0,0.0,0.0,0.0
2010-07-28,0.0,0.0,0.0,0.0,0.0,0.0,0.0,0.0,0.0,0.0
2010-07-29,0.0,0.0,0.0,0.0,0.0,0.0,0.0,0.0,0.0,0.0
2010-07-30,0.0,0.0,0.0,0.0,0.0,0.0,0.0,0.0,0.0,0.0
2010-08-02,0.0,0.0,0.0,0.0,0.0,0.0,0.0,0.0,0.0,0.0
2010-08-03,0.0,0.0,0.0,0.0,0.0,0.0,0.0,0.0,0.0,0.0
2010-08-04,0.0,0.0,0.0,0.0,0.0,0.0,0.0,0.0,0.0,0.0
2010-08-05,0.0,0.0,0.0,0.0,0.0,0.0,0.0,0.0,0.0,0.0
2010-08-06,0.0,0.0,0.0,0.0,0.0,0.0,0.0,0.0,0.0,0.0
2010-08-09,0.0,0.0,0.0,0.0,0.0,0.0,0.0,0.0,0.0,0.0
2010-08-10,0.0,0.0,0.0,0.0,0.0,0.0,0.0,0.0,0.0,0.0
2010-08-11,0.0,0.0,0.0,0.0,0.0,0.0,0.0,0.0,0.0,0.0
2010-08-12,0.0,0.0,0.0,0.0,0.0,0.0,0.0,0.0,0.0,0.0
2010-08-13,0.0,0.0,0.0,0.0,0.0,0.0,0.0,0.0,0.0,0.0
2010-08-16,0.0,0.0,0.0,0.0,0.0,0.0,0.0,0.0,0.0,0.0
2010-08-17,0.0,0.0,0.0,0.0,0.0,0.0,0.0,0.0,0.0,0.0
2010-08-18,0.0,0.0,0.0,0.0,0.0,0.0,0.0,0.0,0.0,0.0
2010-08-19,0.0,0.0,0.0,0.0,0.0,0.0,0.0,0.0,0.0,0.0
2010-08-20,0.0,0.0,0.0,0.0,0.0,0.0,0.0,0.0,0.0,0.0
2010-08-23,0.0,0.0,0.0,0.0,0.0,0.0,0.0,0.0,0.0,0.0
2010-08-24,0.0,0.0,0.0,0.0,0.0,0.0,0.0,0.0,0.0,0.0
2010-08-25,0.0,0.0,0.0,0.0,0.0,0.0,0.0,0.0,0.0,0.0
2010-08-26,0.0,0.0,0.0,0.0,0.0,0.0,0.0,0.0,0.0,0.0
2010-08-27,0.0,0.0,0.0,0.0,0.0,0.0,0.0,0.0,0.0,0.0
2010-08-30,0.0,0.0,0.0,0.0,0.0,0.0,0.0,0.0,0.0,0.0
2010-08-31,0.0,0.0,0.0,0.0,0.0,0.0,0.0,0.0,0.0,0.0
2010-09-01,0.0,0.0,0.0,0.0,0.0,0.0,0.0,0.0,0.0,0.0
2010-09-02,0.0,0.0,0.0,0.0,0.0,0.0,0.0,0.0,0.0,0.0
2010-09-03,0.0,0.0,0.0,0.0,0.0,0.0,0.0,0.0,0.0,0.0
2010-09-07,0.0,0.0,0.0,0.0,0.0,0.0,0.0,0.0,0.0,0.0
2010-09-08,0.0,0.0,0.0,0.0,0.0,0.0,0.0,0.0,0.0,0.0
2010-09-09,0.0,0.0,0.0,0.0,0.0,0.0,0.0,0.0,0.0,0.0
2010-09-10,0.0,0.0,0.0,0.0,0.0,0.0,0.0,0.0,0.0,0.0
2010-09-13,0.0,0.0,0.0,0.0,0.0,0.0,0.0,0.0,0.0,0.0
2010-09-14,0.0,0.0,0.0,0.0,0.0,0.0,0.0,0.0,0.0,0.0
2010-09-15,0.0,0.0,0.0,0.0,0.0,0.0,0.0,0.0,0.0,0.0
2010-09-16,0.0,0.0,0.0,0.0,0.0,0.0,0.0,0.0,0.0,0.0
2010-09-17,0.0,0.0,0.0,0.0,0.0,0.0,0.0,0.0,0.0,0.0
2010-09-20,0.0,0.0,0.0,0.0,0.0,0.0,0.0,0.0,0.0,0.0
2010-09-21,0.0,0.0,0.0,0.0,0.0,0.0,0.0,0.0,0.0,0.0
2010-09-22,0.0,0.0,0.0,0.0,0.0,0.0,0.0,0.0,0.0,0.0
2010-09-23,0.0,0.0,0.0,0.0,0.0,0.0,0.0,0.0,0.0,0.0
2010-09-24,0.0,0.0,0.0,0.0,0.0,0.0,0.0,0.0,0.0,0.0
2010-09-27,0.0,0.0,0.0,0.0,0.0,0.0,0.0,0.0,0.0,0.0
2010-09-28,0.0,0.0,0.0,0.0,0.0,0.0,0.0,0.0,0.0,0.0
2010-09-29,0.0,0.0,0.0,0.0,0.0,0.0,0.0,0.0,0.0,0.0
2010-09-30,0.0,0.0,0.0,0.0,0.0,0.0,0.0,0.0,0.0,0.0
2010-10-01,0.0,0.0,0.0,0.0,0.0,0.0,0.0,0.0,0.0,0.0
2010-10-04,0.0,0.0,0.0,0.0,0.0,0.0,0.0,0.0,0.0,0.0
2010-10-05,0.0,0.0,0.0,0.0,0.0,0.0,0.0,0.0,0.0,0.0
2010-10-06,0.0,0.0,0.0,0.0,0.0,0.0,0.0,0.0,0.0,0.0
2010-10-07,0.0,0.0,0.0,0.0,0.0,0.0,0.0,0.0,0.0,0.0
2010-10-08,0.0,0.0,0.0,0.0,0.0,0.0,0.0,0.0,0.0,0.0
2010-10-11,0.0,0.0,0.0,0.0,0.0,0.0,0.0,0.0,0.0,0.0
2010-10-12,0.0,0.0,0.0,0.0,0.0,0.0,0.0,0.0,0.0,0.0
2010-10-13,0.0,0.0,0.0,0.0,0.0,0.0,0.0,0.0,0.0,0.0
2010-10-14,0.0,0.0,0.0,0.0,0.0,0.0,0.0,0.0,0.0,0.0
2010-10-15,0.0,0.0,0.0,0.0,0.0,0.0,0.0,0.0,0.0,0.0
2010-10-18,0.0,0.0,0.0,0.0,0.0,0.0,0.0,0.0,0.0,0.0
2010-10-19,0.0,0.0,0.0,0.0,0.0,0.0,0.0,0.0,0.0,0.0
2010-10-20,0.0,0.0,0.0,0.0,0.0,0.0,0.0,0.0,0.0,0.0
2010-10-21,0.0,0.0,0.0,0.0,0.0,0.0,0.0,0.0,0.0,0.0
2010-10-22,0.0,0.0,0.0,0.0,0.0,0.0,0.0,0.0,0.0,0.0
2010-10-25,0.0,0.0,0.0,0.0,0.0,0.0,0.0,0.0,0.0,0.0
2010-10-26,0.0,0.0,0.0,0.0,0.0,0.0,0.0,0.0,0.0,0.0
2010-10-27,0.0,0.0,0.0,0.0,0.0,0.0,0.0,0.0,0.0,0.0
2010-10-28,0.0,0.0,0.0,0.0,0.0,0.0,0.0,0.0,0.0,0.0
2010-10-29,0.0,0.0,0.0,0.0,0.0,0.0,0.0,0.0,0.0,0.0
2010-11-01,0.0,0.0,0.0,0.0,0.0,0.0,0.0,0.0,0.0,0.0
2010-11-02,0.0,0.0,0.0,0.0,0.0,0.0,0.0,0.0,0.0,0.0
2010-11-03,0.0,0.0,0.0,0.0,0.0,0.0,0.0,0.0,0.0,0.0
2010-11-04,0.0,0.0,0.0,0.0,0.0,0.0,0.0,0.0,0.0,0.0
2010-11-05,0.0,0.0,0.0,0.0,0.0,0.0,0.0,0.0,0.0,0.0
2010-11-08,0.0,0.0,0.0,0.0,0.0,0.0,0.0,0.0,0.0,0.0
2010-11-09,0.0,0.0,0.0,0.0,0.0,0.0,0.0,0.0,0.0,0.0
2010-11-10,0.0,0.0,0.0,0.0,0.0,0.0,0.0,0.0,0.0,0.0
2010-11-11,0.0,0.0,0.0,0.0,0.0,0.0,0.0,0.0,0.0,0.0
2010-11-12,0.0,0.0,0.0,0.0,0.0,0.0,0.0,0.0,0.0,0.0
2010-11-15,0.0,0.0,0.0,0.0,0.0,0.0,0.0,0.0,0.0,0.0
2010-11-16,0.0,0.0,0.0,0.0,0.0,0.0,0.0,0.0,0.0,0.0
2010-11-17,0.0,0.0,0.0,0.0,0.0,0.0,0.0,0.0,0.0,0.0
2010-11-18,0.0,0.0,0.0,0.0,0.0,0.0,0.0,0.0,0.0,0.0
2010-11-19,0.0,0.0,0.0,0.0,0.0,0.0,0.0,0.0,0.0,0.0
2010-11-22,0.0,0.0,0.0,0.0,0.0,0.0,0.0,0.0,0.0,0.0
2010-11-23,0.0,0.0,0.0,0.0,0.0,0.0,0.0,0.0,0.0,0.0
2010-11-24,0.0,0.0,0.0,0.0,0.0,0.0,0.0,0.0,0.0,0.0
2010-11-26,0.0,0.0,0.0,0.0,0.0,0.0,0.0,0.0,0.0,0.0
2010-11-29,0.0,0.0,0.0,0.0,0.0,0.0,0.0,0.0,0.0,0.0
2010-11-30,0.0,0.0,0.0,0.0,0.0,0.0,0.0,0.0,0.0,0.0
2010-12-01,0.0,0.0,0.0,0.0,0.0,0.0,0.0,0.0,0.0,0.0
2010-12-02,0.0,0.0,0.0,0.0,0.0,0.0,0.0,0.0,0.0,0.0
2010-12-03,0.0,0.0,0.0,0.0,0.0,0.0,0.0,0.0,0.0,0.0
2010-12-06,0.0,0.0,0.0,0.0,0.0,0.0,0.0,0.0,0.0,0.0
2010-12-07,0.0,0.0,0.0,0.0,0.0,0.0,0.0,0.0,0.0,0.0
2010-12-08,0.0,0.0,0.0,0.0,0.0,0.0,0.0,0.0,0.0,0.0
2010-12-09,0.0,0.0,0.0,0.0,0.0,0.0,0.0,0.0,0.0,0.0
2010-12-10,0.0,0.0,0.0,0.0,0.0,0.0,0.0,0.0,0.0,0.0
2010-12-13,0.0,0.0,0.0,0.0,0.0,0.0,0.0,0.0,0.0,0.0
2010-12-14,0.0,0.0,0.0,0.0,0.0,0.0,0.0,0.0,0.0,0.0
2010-12-15,0.0,0.0,0.0,0.0,0.0,0.0,0.0,0.0,0.0,0.0
2010-12-16,0.0,0.0,0.0,0.0,0.0,0.0,0.0,0.0,0.0,0.0
2010-12-17,0.0,0.0,0.0,0.0,0.0,0.0,0.0,0.0,0.0,0.0
2010-12-20,0.0,0.0,0.0,0.0,0.0,0.0,0.0,0.0,0.0,0.0
2010-12-21,0.0,0.0,0.0,0.0,0.0,0.0,0.0,0.0,0.0,0.0
2010-12-22,0.0,0.0,0.0,0.0,0.0,0.0,0.0,0.0,0.0,0.0
2010-12-23,0.0,0.0,0.0,0.0,0.0,0.0,0.0,0.0,0.0,0.0
2010-12-27,0.0,0.0,0.0,0.0,0.0,0.0,0.0,0.0,0.0,0.0
2010-12-28,0.0,0.0,0.0,0.0,0.0,0.0,0.0,0.0,0.0,0.0
2010-12-29,0.0,0.0,0.0,0.0,0.0,0.0,0.0,0.0,0.0,0.0
2010-12-30,0.0,0.0,0.0,0.0,0.0,0.0,0.0,0.0,0.0,0.0
2010-12-31,0.0,0.0,0.0,0.0,0.0,0.0,0.0,0.0,0.0,0.0
2011-01-03,0.0,0.0,0.0,0.0,0.0,0.0,0.0,0.0,0.0,0.0
2011-01-04,0.0,0.0,0.0,0.0,0.0,0.0,0.0,0.0,0.0,0.0
2011-01-05,0.0,0.0,0.0,0.0,0.0,0.0,0.0,0.0,0.0,0.0
2011-01-06,0.0,0.0,0.0,0.0,0.0,0.0,0.0,0.0,0.0,0.0
2011-01-07,0.0,0.0,0.0,0.0,0.0,0.0,0.0,0.0,0.0,0.0
2011-01-10,0.0,0.0,0.0,0.0,0.0,0.0,0.0,0.0,0.0,0.0
2011-01-11,0.0,0.0,0.0,0.0,0.0,0.0,0.0,0.0,0.0,0.0
2011-01-12,0.0,0.0,0.0,0.0,0.0,0.0,0.0,0.0,0.0,0.0
2011-01-13,0.0,0.0,0.0,0.0,0.0,0.0,0.0,0.0,0.0,0.0
2011-01-14,0.0,0.0,0.0,0.0,0.0,0.0,0.0,0.0,0.0,0.0
2011-01-18,0.0,0.0,0.0,0.0,0.0,0.0,0.0,0.0,0.0,0.0
2011-01-19,0.0,0.0,0.0,0.0,0.0,0.0,0.0,0.0,0.0,0.0
2011-01-20,0.0,0.0,0.0,0.0,0.0,0.0,0.0,0.0,0.0,0.0
2011-01-21,0.0,0.0,0.0,0.0,0.0,0.0,0.0,0.0,0.0,0.0
2011-01-24,0.0,0.0,0.0,0.0,0.0,0.0,0.0,0.0,0.0,0.0
2011-01-25,0.0,0.0,0.0,0.0,0.0,0.0,0.0,0.0,0.0,0.0
2011-01-26,0.0,0.0,0.0,0.0,0.0,0.0,0.0,0.0,0.0,0.0
2011-01-27,0.0,0.0,0.0,0.0,0.0,0.0,0.0,0.0,0.0,0.0
2011-01-28,0.0,0.0,0.0,0.0,0.0,0.0,0.0,0.0,0.0,0.0
2011-01-31,0.0,0.0,0.0,0.0,0.0,0.0,0.0,0.0,0.0,0.0
2011-02-01,0.0,0.0,0.0,0.0,0.0,0.0,0.0,0.0,0.0,0.0
2011-02-02,0.0,0.0,0.0,0.0,0.0,0.0,0.0,0.0,0.0,0.0
2011-02-03,0.0,0.0,0.0,0.0,0.0,0.0,0.0,0.0,0.0,0.0
2011-02-04,0.0,0.0,0.0,0.0,0.0,0.0,0.0,0.0,0.0,0.0
2011-02-07,0.0,0.0,0.0,0.0,0.0,0.0,0.0,0.0,0.0,0.0
2011-02-08,0.0,0.0,0.0,0.0,0.0,0.0,0.0,0.0,0.0,0.0
2011-02-09,0.0,0.0,0.0,0.0,0.0,0.0,0.0,0.0,0.0,0.0
2011-02-10,0.0,0.0,0.0,0.0,0.0,0.0,0.0,0.0,0.0,0.0
2011-02-11,0.0,0.0,0.0,0.0,0.0,0.0,0.0,0.0,0.0,0.0
2011-02-14,0.0,0.0,0.0,0.0,0.0,0.0,0.0,0.0,0.0,0.0
2011-02-15,0.0,0.0,0.0,0.0,0.0,0.0,0.0,0.0,0.0,0.0
2011-02-16,0.0,0.0,0.0,0.0,0.0,0.0,0.0,0.0,0.0,0.0
2011-02-17,0.0,0.0,0.0,0.0,0.0,0.0,0.0,0.0,0.0,0.0
2011-02-18,0.0,0.0,0.0,0.0,0.0,0.0,0.0,0.0,0.0,0.0
2011-02-22,0.0,0.0,0.0,0.0,0.0,0.0,0.0,0.0,0.0,0.0
2011-02-23,0.0,0.0,0.0,0.0,0.0,0.0,0.0,0.0,0.0,0.0
2011-02-24,0.0,0.0,0.0,0.0,0.0,0.0,0.0,0.0,0.0,0.0
2011-02-25,0.0,0.0,0.0,0.0,0.0,0.0,0.0,0.0,0.0,0.0
2011-02-28,0.0,0.0,0.0,0.0,0.0,0.0,0.0,0.0,0.0,0.0
2011-03-01,0.0,0.0,0.0,0.0,0.0,0.0,0.0,0.0,0.0,0.0
2011-03-02,0.0,0.0,0.0,0.0,0.0,0.0,0.0,0.0,0.0,0.0
2011-03-03,0.0,0.0,0.0,0.0,0.0,0.0,0.0,0.0,0.0,0.0
2011-03-04,0.0,0.0,0.0,0.0,0.0,0.0,0.0,0.0,0.0,0.0
2011-03-07,0.0,0.0,0.0,0.0,0.0,0.0,0.0,0.0,0.0,0.0
2011-03-08,0.0,0.0,0.0,0.0,0.0,0.0,0.0,0.0,0.0,0.0
2011-03-09,0.0,0.0,0.0,0.0,0.0,0.0,0.0,0.0,0.0,0.0
2011-03-10,0.0,0.0,0.0,0.0,0.0,0.0,0.0,0.0,0.0,0.0
2011-03-11,0.0,0.0,0.0,0.0,0.0,0.0,0.0,0.0,0.0,0.0
2011-03-14,0.0,0.0,0.0,0.0,0.0,0.0,0.0,0.0,0.0,0.0
2011-03-15,0.0,0.0,0.0,0.0,0.0,0.0,0.0,0.0,0.0,0.0
2011-03-16,0.0,0.0,0.0,0.0,0.0,0.0,0.0,0.0,0.0,0.0
2011-03-17,0.0,0.0,0.0,0.0,0.0,0.0,0.0,0.0,0.0,0.0
2011-03-18,0.0,0.0,0.0,0.0,0.0,0.0,0.0,0.0,0.0,0.0
2011-03-21,0.0,0.0,0.0,0.0,0.0,0.0,0.0,0.0,0.0,0.0
2011-03-22,0.0,0.0,0.0,0.0,0.0,0.0,0.0,0.0,0.0,0.0
2011-03-23,0.0,0.0,0.0,0.0,0.0,0.0,0.0,0.0,0.0,0.0
2011-03-24,0.0,0.0,0.0,0.0,0.0,0.0,0.0,0.0,0.0,0.0
2011-03-25,0.0,0.0,0.0,0.0,0.0,0.0,0.0,0.0,0.0,0.0
2011-03-28,0.0,0.0,0.0,0.0,0.0,0.0,0.0,0.0,0.0,0.0
2011-03-29,0.0,0.0,0.0,0.0,0.0,0.0,0.0,0.0,0.0,0.0
2011-03-30,0.0,0.0,0.0,0.0,0.0,0.0,0.0,0.0,0.0,0.0
2011-03-31,0.0,0.0,0.0,0.0,0.0,0.0,0.0,0.0,0.0,0.0
2011-04-01,0.0,0.0,0.0,0.0,0.0,0.0,0.0,0.0,0.0,0.0
2011-04-04,0.0,0.0,0.0,0.0,0.0,0.0,0.0,0.0,0.0,0.0
2011-04-05,0.0,0.0,0.0,0.0,0.0,0.0,0.0,0.0,0.0,0.0
2011-04-06,0.0,0.0,0.0,0.0,0.0,0.0,0.0,0.0,0.0,0.0
2011-04-07,0.0,0.0,0.0,0.0,0.0,0.0,0.0,0.0,0.0,0.0
2011-04-08,0.0,0.0,0.0,0.0,0.0,0.0,0.0,0.0,0.0,0.0
2011-04-11,0.0,0.0,0.0,0.0,0.0,0.0,0.0,0.0,0.0,0.0
2011-04-12,0.0,0.0,0.0,0.0,0.0,0.0,0.0,0.0,0.0,0.0
2011-04-13,0.0,0.0,0.0,0.0,0.0,0.0,0.0,0.0,0.0,0.0
2011-04-14,0.0,0.0,0.0,0.0,0.0,0.0,0.0,0.0,0.0,0.0
2011-04-15,0.0,0.0,0.0,0.0,0.0,0.0,0.0,0.0,0.0,0.0
2011-04-18,0.0,0.0,0.0,0.0,0.0,0.0,0.0,0.0,0.0,0.0
2011-04-19,0.0,0.0,0.0,0.0,0.0,0.0,0.0,0.0,0.0,0.0
2011-04-20,0.0,0.0,0.0,0.0,0.0,0.0,0.0,0.0,0.0,0.0
2011-04-21,0.0,0.0,0.0,0.0,0.0,0.0,0.0,0.0,0.0,0.0
2011-04-25,0.0,0.0,0.0,0.0,0.0,0.0,0.0,0.0,0.0,0.0
2011-04-26,0.0,0.0,0.0,0.0,0.0,0.0,0.0,0.0,0.0,0.0
2011-04-27,0.0,0.0,0.0,0.0,0.0,0.0,0.0,0.0,0.0,0.0
2011-04-28,0.0,0.0,0.0,0.0,0.0,0.0,0.0,0.0,0.0,0.0
2011-04-29,0.0,0.0,0.0,0.0,0.0,0.0,0.0,0.0,0.0,0.0
2011-05-02,0.0,0.0,0.0,0.0,0.0,0.0,0.0,0.0,0.0,0.0
2011-05-03,0.0,0.0,0.0,0.0,0.0,0.0,0.0,0.0,0.0,0.0
2011-05-04,0.0,0.0,0.0,0.0,0.0,0.0,0.0,0.0,0.0,0.0
2011-05-05,0.0,0.0,0.0,0.0,0.0,0.0,0.0,0.0,0.0,0.0
2011-05-06,0.0,0.0,0.0,0.0,0.0,0.0,0.0,0.0,0.0,0.0
2011-05-09,0.0,0.0,0.0,0.0,0.0,0.0,0.0,0.0,0.0,0.0
2011-05-10,0.0,0.0,0.0,0.0,0.0,0.0,0.0,0.0,0.0,0.0
2011-05-11,0.0,0.0,0.0,0.0,0.0,0.0,0.0,0.0,0.0,0.0
2011-05-12,0.0,0.0,0.0,0.0,0.0,0.0,0.0,0.0,0.0,0.0
2011-05-13,0.0,0.0,0.0,0.0,0.0,0.0,0.0,0.0,0.0,0.0
2011-05-16,0.0,0.0,0.0,0.0,0.0,0.0,0.0,0.0,0.0,0.0
2011-05-17,0.0,0.0,0.0,0.0,0.0,0.0,0.0,0.0,0.0,0.0
2011-05-18,0.0,0.0,0.0,0.0,0.0,0.0,0.0,0.0,0.0,0.0
2011-05-19,0.0,0.0,0.0,0.0,0.0,0.0,0.0,0.0,0.0,0.0
2011-05-20,0.0,0.0,0.0,0.0,0.0,0.0,0.0,0.0,0.0,0.0
2011-05-23,0.0,0.0,0.0,0.0,0.0,0.0,0.0,0.0,0.0,0.0
2011-05-24,0.0,0.0,0.0,0.0,0.0,0.0,0.0,0.0,0.0,0.0
2011-05-25,0.0,0.0,0.0,0.0,0.0,0.0,0.0,0.0,0.0,0.0
2011-05-26,0.0,0.0,0.0,0.0,0.0,0.0,0.0,0.0,0.0,0.0
2011-05-27,0.0,0.0,0.0,0.0,0.0,0.0,0.0,0.0,0.0,0.0
2011-05-31,0.36899229241630954,0.30978221320319327,0.0,0.0,0.0,0.0,0.0,0.0,0.0,0.32122549438049713
2011-06-01,0.36899229241630954,0.30978221320319327,0.0,0.0,0.0,0.0,0.0,0.0,0.0,0.32122549438049713
2011-06-02,0.36899229241630954,0.30978221320319327,0.0,0.0,0.0,0.0,0.0,0.0,0.0,0.32122549438049713
2011-06-03,0.36899229241630954,0.30978221320319327,0.0,0.0,0.0,0.0,0.0,0.0,0.0,0.32122549438049713
2011-06-06,0.36899229241630954,0.30978221320319327,0.0,0.0,0.0,0.0,0.0,0.0,0.0,0.32122549438049713
2011-06-07,0.36899229241630954,0.30978221320319327,0.0,0.0,0.0,0.0,0.0,0.0,0.0,0.32122549438049713
2011-06-08,0.36899229241630954,0.30978221320319327,0.0,0.0,0.0,0.0,0.0,0.0,0.0,0.32122549438049713
2011-06-09,0.36899229241630954,0.30978221320319327,0.0,0.0,0.0,0.0,0.0,0.0,0.0,0.32122549438049713
2011-06-10,0.36899229241630954,0.30978221320319327,0.0,0.0,0.0,0.0,0.0,0.0,0.0,0.32122549438049713
2011-06-13,0.36899229241630954,0.30978221320319327,0.0,0.0,0.0,0.0,0.0,0.0,0.0,0.32122549438049713
2011-06-14,0.36899229241630954,0.30978221320319327,0.0,0.0,0.0,0.0,0.0,0.0,0.0,0.32122549438049713
2011-06-15,0.36899229241630954,0.30978221320319327,0.0,0.0,0.0,0.0,0.0,0.0,0.0,0.32122549438049713
2011-06-16,0.36899229241630954,0.30978221320319327,0.0,0.0,0.0,0.0,0.0,0.0,0.0,0.32122549438049713
2011-06-17,0.36899229241630954,0.30978221320319327,0.0,0.0,0.0,0.0,0.0,0.0,0.0,0.32122549438049713
2011-06-20,0.36899229241630954,0.30978221320319327,0.0,0.0,0.0,0.0,0.0,0.0,0.0,0.32122549438049713
2011-06-21,0.36899229241630954,0.30978221320319327,0.0,0.0,0.0,0.0,0.0,0.0,0.0,0.32122549438049713
2011-06-22,0.36899229241630954,0.30978221320319327,0.0,0.0,0.0,0.0,0.0,0.0,0.0,0.32122549438049713
2011-06-23,0.36899229241630954,0.30978221320319327,0.0,0.0,0.0,0.0,0.0,0.0,0.0,0.32122549438049713
2011-06-24,0.36899229241630954,0.30978221320319327,0.0,0.0,0.0,0.0,0.0,0.0,0.0,0.32122549438049713
2011-06-27,0.36899229241630954,0.30978221320319327,0.0,0.0,0.0,0.0,0.0,0.0,0.0,0.32122549438049713
2011-06-28,0.36899229241630954,0.30978221320319327,0.0,0.0,0.0,0.0,0.0,0.0,0.0,0.32122549438049713
2011-06-29,0.36899229241630954,0.30978221320319327,0.0,0.0,0.0,0.0,0.0,0.0,0.0,0.32122549438049713
2011-06-30,0.3685399993189938,0.30597423561553416,0.0,0.0,0.0,0.0,0.0,0.0,0.0,0.32548576506547217
2011-07-01,0.3685399993189938,0.30597423561553416,0.0,0.0,0.0,0.0,0.0,0.0,0.0,0.32548576506547217
2011-07-05,0.3685399993189938,0.30597423561553416,0.0,0.0,0.0,0.0,0.0,0.0,0.0,0.32548576506547217
2011-07-06,0.3685399993189938,0.30597423561553416,0.0,0.0,0.0,0.0,0.0,0.0,0.0,0.32548576506547217
2011-07-07,0.3685399993189938,0.30597423561553416,0.0,0.0,0.0,0.0,0.0,0.0,0.0,0.32548576506547217
2011-07-08,0.3685399993189938,0.30597423561553416,0.0,0.0,0.0,0.0,0.0,0.0,0.0,0.32548576506547217
2011-07-11,0.3685399993189938,0.30597423561553416,0.0,0.0,0.0,0.0,0.0,0.0,0.0,0.32548576506547217
2011-07-12,0.3685399993189938,0.30597423561553416,0.0,0.0,0.0,0.0,0.0,0.0,0.0,0.32548576506547217
2011-07-13,0.3685399993189938,0.30597423561553416,0.0,0.0,0.0,0.0,0.0,0.0,0.0,0.32548576506547217
2011-07-14,0.3685399993189938,0.30597423561553416,0.0,0.0,0.0,0.0,0.0,0.0,0.0,0.32548576506547217
2011-07-15,0.3685399993189938,0.30597423561553416,0.0,0.0,0.0,0.0,0.0,0.0,0.0,0.32548576506547217
2011-07-18,0.3685399993189938,0.30597423561553416,0.0,0.0,0.0,0.0,0.0,0.0,0.0,0.32548576506547217
2011-07-19,0.3685399993189938,0.30597423561553416,0.0,0.0,0.0,0.0,0.0,0.0,0.0,0.32548576506547217
2011-07-20,0.3685399993189938,0.30597423561553416,0.0,0.0,0.0,0.0,0.0,0.0,0.0,0.32548576506547217
2011-07-21,0.3685399993189938,0.30597423561553416,0.0,0.0,0.0,0.0,0.0,0.0,0.0,0.32548576506547217
2011-07-22,0.3685399993189938,0.30597423561553416,0.0,0.0,0.0,0.0,0.0,0.0,0.0,0.32548576506547217
2011-07-25,0.3685399993189938,0.30597423561553416,0.0,0.0,0.0,0.0,0.0,0.0,0.0,0.32548576506547217
2011-07-26,0.3685399993189938,0.30597423561553416,0.0,0.0,0.0,0.0,0.0,0.0,0.0,0.32548576506547217
2011-07-27,0.3685399993189938,0.30597423561553416,0.0,0.0,0.0,0.0,0.0,0.0,0.0,0.32548576506547217
2011-07-28,0.3685399993189938,0.30597423561553416,0.0,0.0,0.0,0.0,0.0,0.0,0.0,0.32548576506547217
2011-07-29,0.41777921781726524,0.0,0.29704684350641064,0.0,0.0,0.2851739386763242,0.0,0.0,0.0,0.0
2011-08-01,0.41777921781726524,0.0,0.29704684350641064,0.0,0.0,0.2851739386763242,0.0,0.0,0.0,0.0
2011-08-02,0.41777921781726524,0.0,0.29704684350641064,0.0,0.0,0.2851739386763242,0.0,0.0,0.0,0.0
2011-08-03,0.41777921781726524,0.0,0.29704684350641064,0.0,0.0,0.2851739386763242,0.0,0.0,0.0,0.0
2011-08-04,0.41777921781726524,0.0,0.29704684350641064,0.0,0.0,0.2851739386763242,0.0,0.0,0.0,0.0
2011-08-05,0.41777921781726524,0.0,0.29704684350641064,0.0,0.0,0.2851739386763242,0.0,0.0,0.0,0.0
2011-08-08,0.41777921781726524,0.0,0.29704684350641064,0.0,0.0,0.2851739386763242,0.0,0.0,0.0,0.0
2011-08-09,0.41777921781726524,0.0,0.29704684350641064,0.0,0.0,0.2851739386763242,0.0,0.0,0.0,0.0
2011-08-10,0.41777921781726524,0.0,0.29704684350641064,0.0,0.0,0.2851739386763242,0.0,0.0,0.0,0.0
2011-08-11,0.41777921781726524,0.0,0.29704684350641064,0.0,0.0,0.2851739386763242,0.0,0.0,0.0,0.0
2011-08-12,0.41777921781726524,0.0,0.29704684350641064,0.0,0.0,0.2851739386763242,0.0,0.0,0.0,0.0
2011-08-15,0.41777921781726524,0.0,0.29704684350641064,0.0,0.0,0.2851739386763242,0.0,0.0,0.0,0.0
2011-08-16,0.41777921781726524,0.0,0.29704684350641064,0.0,0.0,0.2851739386763242,0.0,0.0,0.0,0.0
2011-08-17,0.41777921781726524,0.0,0.29704684350641064,0.0,0.0,0.2851739386763242,0.0,0.0,0.0,0.0
2011-08-18,0.41777921781726524,0.0,0.29704684350641064,0.0,0.0,0.2851739386763242,0.0,0.0,0.0,0.0
2011-08-19,0.41777921781726524,0.0,0.29704684350641064,0.0,0.0,0.2851739386763242,0.0,0.0,0.0,0.0
2011-08-22,0.41777921781726524,0.0,0.29704684350641064,0.0,0.0,0.2851739386763242,0.0,0.0,0.0,0.0
2011-08-23,0.41777921781726524,0.0,0.29704684350641064,0.0,0.0,0.2851739386763242,0.0,0.0,0.0,0.0
2011-08-24,0.41777921781726524,0.0,0.29704684350641064,0.0,0.0,0.2851739386763242,0.0,0.0,0.0,0.0
2011-08-25,0.41777921781726524,0.0,0.29704684350641064,0.0,0.0,0.2851739386763242,0.0,0.0,0.0,0.0
2011-08-26,0.41777921781726524,0.0,0.29704684350641064,0.0,0.0,0.2851739386763242,0.0,0.0,0.0,0.0
2011-08-29,0.41777921781726524,0.0,0.29704684350641064,0.0,0.0,0.2851739386763242,0.0,0.0,0.0,0.0
2011-08-30,0.41777921781726524,0.0,0.29704684350641064,0.0,0.0,0.2851739386763242,0.0,0.0,0.0,0.0
2011-08-31,0.38706574655826204,0.0,0.0,0.0,0.0,0.0,0.0,0.3088344849573565,0.3040997684843815,0.0
2011-09-01,0.38706574655826204,0.0,0.0,0.0,0.0,0.0,0.0,0.3088344849573565,0.3040997684843815,0.0
2011-09-02,0.38706574655826204,0.0,0.0,0.0,0.0,0.0,0.0,0.3088344849573565,0.3040997684843815,0.0
2011-09-06,0.38706574655826204,0.0,0.0,0.0,0.0,0.0,0.0,0.3088344849573565,0.3040997684843815,0.0
2011-09-07,0.38706574655826204,0.0,0.0,0.0,0.0,0.0,0.0,0.3088344849573565,0.3040997684843815,0.0
2011-09-08,0.38706574655826204,0.0,0.0,0.0,0.0,0.0,0.0,0.3088344849573565,0.3040997684843815,0.0
2011-09-09,0.38706574655826204,0.0,0.0,0.0,0.0,0.0,0.0,0.3088344849573565,0.3040997684843815,0.0
2011-09-12,0.38706574655826204,0.0,0.0,0.0,0.0,0.0,0.0,0.3088344849573565,0.3040997684843815,0.0
2011-09-13,0.38706574655826204,0.0,0.0,0.0,0.0,0.0,0.0,0.3088344849573565,0.3040997684843815,0.0
2011-09-14,0.38706574655826204,0.0,0.0,0.0,0.0,0.0,0.0,0.3088344849573565,0.3040997684843815,0.0
2011-09-15,0.38706574655826204,0.0,0.0,0.0,0.0,0.0,0.0,0.3088344849573565,0.3040997684843815,0.0
2011-09-16,0.38706574655826204,0.0,0.0,0.0,0.0,0.0,0.0,0.3088344849573565,0.3040997684843815,0.0
2011-09-19,0.38706574655826204,0.0,0.0,0.0,0.0,0.0,0.0,0.3088344849573565,0.3040997684843815,0.0
2011-09-20,0.38706574655826204,0.0,0.0,0.0,0.0,0.0,0.0,0.3088344849573565,0.3040997684843815,0.0
2011-09-21,0.38706574655826204,0.0,0.0,0.0,0.0,0.0,0.0,0.3088344849573565,0.3040997684843815,0.0
2011-09-22,0.38706574655826204,0.0,0.0,0.0,0.0,0.0,0.0,0.3088344849573565,0.3040997684843815,0.0
2011-09-23,0.38706574655826204,0.0,0.0,0.0,0.0,0.0,0.0,0.3088344849573565,0.3040997684843815,0.0
2011-09-26,0.38706574655826204,0.0,0.0,0.0,0.0,0.0,0.0,0.3088344849573565,0.3040997684843815,0.0
2011-09-27,0.38706574655826204,0.0,0.0,0.0,0.0,0.0,0.0,0.3088344849573565,0.3040997684843815,0.0
2011-09-28,0.38706574655826204,0.0,0.0,0.0,0.0,0.0,0.0,0.3088344849573565,0.3040997684843815,0.0
2011-09-29,0.38706574655826204,0.0,0.0,0.0,0.0,0.0,0.0,0.3088344849573565,0.3040997684843815,0.0
2011-09-30,0.0,0.0,0.0,0.0,0.4234744243897707,0.0,0.2866586593940657,0.0,0.28986691621616373,0.0
2011-10-03,0.0,0.0,0.0,0.0,0.4234744243897707,0.0,0.2866586593940657,0.0,0.28986691621616373,0.0
2011-10-04,0.0,0.0,0.0,0.0,0.4234744243897707,0.0,0.2866586593940657,0.0,0.28986691621616373,0.0
2011-10-05,0.0,0.0,0.0,0.0,0.4234744243897707,0.0,0.2866586593940657,0.0,0.28986691621616373,0.0
2011-10-06,0.0,0.0,0.0,0.0,0.4234744243897707,0.0,0.2866586593940657,0.0,0.28986691621616373,0.0
2011-10-07,0.0,0.0,0.0,0.0,0.4234744243897707,0.0,0.2866586593940657,0.0,0.28986691621616373,0.0
2011-10-10,0.0,0.0,0.0,0.0,0.4234744243897707,0.0,0.2866586593940657,0.0,0.28986691621616373,0.0
2011-10-11,0.0,0.0,0.0,0.0,0.4234744243897707,0.0,0.2866586593940657,0.0,0.28986691621616373,0.0
2011-10-12,0.0,0.0,0.0,0.0,0.4234744243897707,0.0,0.2866586593940657,0.0,0.28986691621616373,0.0
2011-10-13,0.0,0.0,0.0,0.0,0.4234744243897707,0.0,0.2866586593940657,0.0,0.28986691621616373,0.0
2011-10-14,0.0,0.0,0.0,0.0,0.4234744243897707,0.0,0.2866586593940657,0.0,0.28986691621616373,0.0
2011-10-17,0.0,0.0,0.0,0.0,0.4234744243897707,0.0,0.2866586593940657,0.0,0.28986691621616373,0.0
2011-10-18,0.0,0.0,0.0,0.0,0.4234744243897707,0.0,0.2866586593940657,0.0,0.28986691621616373,0.0
2011-10-19,0.0,0.0,0.0,0.0,0.4234744243897707,0.0,0.2866586593940657,0.0,0.28986691621616373,0.0
2011-10-20,0.0,0.0,0.0,0.0,0.4234744243897707,0.0,0.2866586593940657,0.0,0.28986691621616373,0.0
2011-10-21,0.0,0.0,0.0,0.0,0.4234744243897707,0.0,0.2866586593940657,0.0,0.28986691621616373,0.0
2011-10-24,0.0,0.0,0.0,0.0,0.4234744243897707,0.0,0.2866586593940657,0.0,0.28986691621616373,0.0
2011-10-25,0.0,0.0,0.0,0.0,0.4234744243897707,0.0,0.2866586593940657,0.0,0.28986691621616373,0.0
2011-10-26,0.0,0.0,0.0,0.0,0.4234744243897707,0.0,0.2866586593940657,0.0,0.28986691621616373,0.0
2011-10-27,0.0,0.0,0.0,0.0,0.4234744243897707,0.0,0.2866586593940657,0.0,0.28986691621616373,0.0
2011-10-28,0.0,0.0,0.0,0.0,0.4234744243897707,0.0,0.2866586593940657,0.0,0.28986691621616373,0.0
2011-10-31,0.0,0.0,0.0,0.0,0.0,0.30377812474283994,0.2809732485589908,0.0,0.0,0.4152486266981692
2011-11-01,0.0,0.0,0.0,0.0,0.0,0.30377812474283994,0.2809732485589908,0.0,0.0,0.4152486266981692
2011-11-02,0.0,0.0,0.0,0.0,0.0,0.30377812474283994,0.2809732485589908,0.0,0.0,0.4152486266981692
2011-11-03,0.0,0.0,0.0,0.0,0.0,0.30377812474283994,0.2809732485589908,0.0,0.0,0.4152486266981692
2011-11-04,0.0,0.0,0.0,0.0,0.0,0.30377812474283994,0.2809732485589908,0.0,0.0,0.4152486266981692
2011-11-07,0.0,0.0,0.0,0.0,0.0,0.30377812474283994,0.2809732485589908,0.0,0.0,0.4152486266981692
2011-11-08,0.0,0.0,0.0,0.0,0.0,0.30377812474283994,0.2809732485589908,0.0,0.0,0.4152486266981692
2011-11-09,0.0,0.0,0.0,0.0,0.0,0.30377812474283994,0.2809732485589908,0.0,0.0,0.4152486266981692
2011-11-10,0.0,0.0,0.0,0.0,0.0,0.30377812474283994,0.2809732485589908,0.0,0.0,0.4152486266981692
2011-11-11,0.0,0.0,0.0,0.0,0.0,0.30377812474283994,0.2809732485589908,0.0,0.0,0.4152486266981692
2011-11-14,0.0,0.0,0.0,0.0,0.0,0.30377812474283994,0.2809732485589908,0.0,0.0,0.4152486266981692
2011-11-15,0.0,0.0,0.0,0.0,0.0,0.30377812474283994,0.2809732485589908,0.0,0.0,0.4152486266981692
2011-11-16,0.0,0.0,0.0,0.0,0.0,0.30377812474283994,0.2809732485589908,0.0,0.0,0.4152486266981692
2011-11-17,0.0,0.0,0.0,0.0,0.0,0.30377812474283994,0.2809732485589908,0.0,0.0,0.4152486266981692
2011-11-18,0.0,0.0,0.0,0.0,0.0,0.30377812474283994,0.2809732485589908,0.0,0.0,0.4152486266981692
2011-11-21,0.0,0.0,0.0,0.0,0.0,0.30377812474283994,0.2809732485589908,0.0,0.0,0.4152486266981692
2011-11-22,0.0,0.0,0.0,0.0,0.0,0.30377812474283994,0.2809732485589908,0.0,0.0,0.4152486266981692
2011-11-23,0.0,0.0,0.0,0.0,0.0,0.30377812474283994,0.2809732485589908,0.0,0.0,0.4152486266981692
2011-11-25,0.0,0.0,0.0,0.0,0.0,0.30377812474283994,0.2809732485589908,0.0,0.0,0.4152486266981692
2011-11-28,0.0,0.0,0.0,0.0,0.0,0.30377812474283994,0.2809732485589908,0.0,0.0,0.4152486266981692
2011-11-29,0.0,0.0,0.0,0.0,0.0,0.30377812474283994,0.2809732485589908,0.0,0.0,0.4152486266981692
2011-11-30,0.0,0.0,0.32459110189642054,0.0,0.0,0.3658593217390942,0.30954957636448527,0.0,0.0,0.0
2011-12-01,0.0,0.0,0.32459110189642054,0.0,0.0,0.3658593217390942,0.30954957636448527,0.0,0.0,0.0
2011-12-02,0.0,0.0,0.32459110189642054,0.0,0.0,0.3658593217390942,0.30954957636448527,0.0,0.0,0.0
2011-12-05,0.0,0.0,0.32459110189642054,0.0,0.0,0.3658593217390942,0.30954957636448527,0.0,0.0,0.0
2011-12-06,0.0,0.0,0.32459110189642054,0.0,0.0,0.3658593217390942,0.30954957636448527,0.0,0.0,0.0
2011-12-07,0.0,0.0,0.32459110189642054,0.0,0.0,0.3658593217390942,0.30954957636448527,0.0,0.0,0.0
2011-12-08,0.0,0.0,0.32459110189642054,0.0,0.0,0.3658593217390942,0.30954957636448527,0.0,0.0,0.0
2011-12-09,0.0,0.0,0.32459110189642054,0.0,0.0,0.3658593217390942,0.30954957636448527,0.0,0.0,0.0
2011-12-12,0.0,0.0,0.32459110189642054,0.0,0.0,0.3658593217390942,0.30954957636448527,0.0,0.0,0.0
2011-12-13,0.0,0.0,0.32459110189642054,0.0,0.0,0.3658593217390942,0.30954957636448527,0.0,0.0,0.0
2011-12-14,0.0,0.0,0.32459110189642054,0.0,0.0,0.3658593217390942,0.30954957636448527,0.0,0.0,0.0
2011-12-15,0.0,0.0,0.32459110189642054,0.0,0.0,0.3658593217390942,0.30954957636448527,0.0,0.0,0.0
2011-12-16,0.0,0.0,0.32459110189642054,0.0,0.0,0.3658593217390942,0.30954957636448527,0.0,0.0,0.0
2011-12-19,0.0,0.0,0.32459110189642054,0.0,0.0,0.3658593217390942,0.30954957636448527,0.0,0.0,0.0
2011-12-20,0.0,0.0,0.32459110189642054,0.0,0.0,0.3658593217390942,0.30954957636448527,0.0,0.0,0.0
2011-12-21,0.0,0.0,0.32459110189642054,0.0,0.0,0.3658593217390942,0.30954957636448527,0.0,0.0,0.0
2011-12-22,0.0,0.0,0.32459110189642054,0.0,0.0,0.3658593217390942,0.30954957636448527,0.0,0.0,0.0
2011-12-23,0.0,0.0,0.32459110189642054,0.0,0.0,0.3658593217390942,0.30954957636448527,0.0,0.0,0.0
2011-12-27,0.0,0.0,0.32459110189642054,0.0,0.0,0.3658593217390942,0.30954957636448527,0.0,0.0,0.0
2011-12-28,0.0,0.0,0.32459110189642054,0.0,0.0,0.3658593217390942,0.30954957636448527,0.0,0.0,0.0
2011-12-29,0.0,0.0,0.32459110189642054,0.0,0.0,0.3658593217390942,0.30954957636448527,0.0,0.0,0.0
2011-12-30,0.0,0.0,0.0,0.0,0.0,0.355726220298541,0.30728212718445197,0.0,0.3369916525170071,0.0
2012-01-03,0.0,0.0,0.0,0.0,0.0,0.355726220298541,0.30728212718445197,0.0,0.3369916525170071,0.0
2012-01-04,0.0,0.0,0.0,0.0,0.0,0.355726220298541,0.30728212718445197,0.0,0.3369916525170071,0.0
2012-01-05,0.0,0.0,0.0,0.0,0.0,0.355726220298541,0.30728212718445197,0.0,0.3369916525170071,0.0
2012-01-06,0.0,0.0,0.0,0.0,0.0,0.355726220298541,0.30728212718445197,0.0,0.3369916525170071,0.0
2012-01-09,0.0,0.0,0.0,0.0,0.0,0.355726220298541,0.30728212718445197,0.0,0.3369916525170071,0.0
2012-01-10,0.0,0.0,0.0,0.0,0.0,0.355726220298541,0.30728212718445197,0.0,0.3369916525170071,0.0
2012-01-11,0.0,0.0,0.0,0.0,0.0,0.355726220298541,0.30728212718445197,0.0,0.3369916525170071,0.0
2012-01-12,0.0,0.0,0.0,0.0,0.0,0.355726220298541,0.30728212718445197,0.0,0.3369916525170071,0.0
2012-01-13,0.0,0.0,0.0,0.0,0.0,0.355726220298541,0.30728212718445197,0.0,0.3369916525170071,0.0
2012-01-17,0.0,0.0,0.0,0.0,0.0,0.355726220298541,0.30728212718445197,0.0,0.3369916525170071,0.0
2012-01-18,0.0,0.0,0.0,0.0,0.0,0.355726220298541,0.30728212718445197,0.0,0.3369916525170071,0.0
2012-01-19,0.0,0.0,0.0,0.0,0.0,0.355726220298541,0.30728212718445197,0.0,0.3369916525170071,0.0
2012-01-20,0.0,0.0,0.0,0.0,0.0,0.355726220298541,0.30728212718445197,0.0,0.3369916525170071,0.0
2012-01-23,0.0,0.0,0.0,0.0,0.0,0.355726220298541,0.30728212718445197,0.0,0.3369916525170071,0.0
2012-01-24,0.0,0.0,0.0,0.0,0.0,0.355726220298541,0.30728212718445197,0.0,0.3369916525170071,0.0
2012-01-25,0.0,0.0,0.0,0.0,0.0,0.355726220298541,0.30728212718445197,0.0,0.3369916525170071,0.0
2012-01-26,0.0,0.0,0.0,0.0,0.0,0.355726220298541,0.30728212718445197,0.0,0.3369916525170071,0.0
2012-01-27,0.0,0.0,0.0,0.0,0.0,0.355726220298541,0.30728212718445197,0.0,0.3369916525170071,0.0
2012-01-30,0.0,0.0,0.0,0.0,0.0,0.355726220298541,0.30728212718445197,0.0,0.3369916525170071,0.0
2012-01-31,0.3654240059775795,0.0,0.2671607685473063,0.0,0.0,0.0,0.0,0.0,0.0,0.3674152254751143
2012-02-01,0.3654240059775795,0.0,0.2671607685473063,0.0,0.0,0.0,0.0,0.0,0.0,0.3674152254751143
2012-02-02,0.3654240059775795,0.0,0.2671607685473063,0.0,0.0,0.0,0.0,0.0,0.0,0.3674152254751143
2012-02-03,0.3654240059775795,0.0,0.2671607685473063,0.0,0.0,0.0,0.0,0.0,0.0,0.3674152254751143
2012-02-06,0.3654240059775795,0.0,0.2671607685473063,0.0,0.0,0.0,0.0,0.0,0.0,0.3674152254751143
2012-02-07,0.3654240059775795,0.0,0.2671607685473063,0.0,0.0,0.0,0.0,0.0,0.0,0.3674152254751143
2012-02-08,0.3654240059775795,0.0,0.2671607685473063,0.0,0.0,0.0,0.0,0.0,0.0,0.3674152254751143
2012-02-09,0.3654240059775795,0.0,0.2671607685473063,0.0,0.0,0.0,0.0,0.0,0.0,0.3674152254751143
2012-02-10,0.3654240059775795,0.0,0.2671607685473063,0.0,0.0,0.0,0.0,0.0,0.0,0.3674152254751143
2012-02-13,0.3654240059775795,0.0,0.2671607685473063,0.0,0.0,0.0,0.0,0.0,0.0,0.3674152254751143
2012-02-14,0.3654240059775795,0.0,0.2671607685473063,0.0,0.0,0.0,0.0,0.0,0.0,0.3674152254751143
2012-02-15,0.3654240059775795,0.0,0.2671607685473063,0.0,0.0,0.0,0.0,0.0,0.0,0.3674152254751143
2012-02-16,0.3654240059775795,0.0,0.2671607685473063,0.0,0.0,0.0,0.0,0.0,0.0,0.3674152254751143
2012-02-17,0.3654240059775795,0.0,0.2671607685473063,0.0,0.0,0.0,0.0,0.0,0.0,0.3674152254751143
2012-02-21,0.3654240059775795,0.0,0.2671607685473063,0.0,0.0,0.0,0.0,0.0,0.0,0.3674152254751143
2012-02-22,0.3654240059775795,0.0,0.2671607685473063,0.0,0.0,0.0,0.0,0.0,0.0,0.3674152254751143
2012-02-23,0.3654240059775795,0.0,0.2671607685473063,0.0,0.0,0.0,0.0,0.0,0.0,0.3674152254751143
2012-02-24,0.3654240059775795,0.0,0.2671607685473063,0.0,0.0,0.0,0.0,0.0,0.0,0.3674152254751143
2012-02-27,0.3654240059775795,0.0,0.2671607685473063,0.0,0.0,0.0,0.0,0.0,0.0,0.3674152254751143
2012-02-28,0.3654240059775795,0.0,0.2671607685473063,0.0,0.0,0.0,0.0,0.0,0.0,0.3674152254751143
2012-02-29,0.0,0.0,0.34791526639542003,0.0,0.0,0.0,0.3016579008413293,0.0,0.35042683276325065,0.0
2012-03-01,0.0,0.0,0.34791526639542003,0.0,0.0,0.0,0.3016579008413293,0.0,0.35042683276325065,0.0
2012-03-02,0.0,0.0,0.34791526639542003,0.0,0.0,0.0,0.3016579008413293,0.0,0.35042683276325065,0.0
2012-03-05,0.0,0.0,0.34791526639542003,0.0,0.0,0.0,0.3016579008413293,0.0,0.35042683276325065,0.0
2012-03-06,0.0,0.0,0.34791526639542003,0.0,0.0,0.0,0.3016579008413293,0.0,0.35042683276325065,0.0
2012-03-07,0.0,0.0,0.34791526639542003,0.0,0.0,0.0,0.3016579008413293,0.0,0.35042683276325065,0.0
2012-03-08,0.0,0.0,0.34791526639542003,0.0,0.0,0.0,0.3016579008413293,0.0,0.35042683276325065,0.0
2012-03-09,0.0,0.0,0.34791526639542003,0.0,0.0,0.0,0.3016579008413293,0.0,0.35042683276325065,0.0
2012-03-12,0.0,0.0,0.34791526639542003,0.0,0.0,0.0,0.3016579008413293,0.0,0.35042683276325065,0.0
2012-03-13,0.0,0.0,0.34791526639542003,0.0,0.0,0.0,0.3016579008413293,0.0,0.35042683276325065,0.0
2012-03-14,0.0,0.0,0.34791526639542003,0.0,0.0,0.0,0.3016579008413293,0.0,0.35042683276325065,0.0
2012-03-15,0.0,0.0,0.34791526639542003,0.0,0.0,0.0,0.3016579008413293,0.0,0.35042683276325065,0.0
2012-03-16,0.0,0.0,0.34791526639542003,0.0,0.0,0.0,0.3016579008413293,0.0,0.35042683276325065,0.0
2012-03-19,0.0,0.0,0.34791526639542003,0.0,0.0,0.0,0.3016579008413293,0.0,0.35042683276325065,0.0
2012-03-20,0.0,0.0,0.34791526639542003,0.0,0.0,0.0,0.3016579008413293,0.0,0.35042683276325065,0.0
2012-03-21,0.0,0.0,0.34791526639542003,0.0,0.0,0.0,0.3016579008413293,0.0,0.35042683276325065,0.0
2012-03-22,0.0,0.0,0.34791526639542003,0.0,0.0,0.0,0.3016579008413293,0.0,0.35042683276325065,0.0
2012-03-23,0.0,0.0,0.34791526639542003,0.0,0.0,0.0,0.3016579008413293,0.0,0.35042683276325065,0.0
2012-03-26,0.0,0.0,0.34791526639542003,0.0,0.0,0.0,0.3016579008413293,0.0,0.35042683276325065,0.0
2012-03-27,0.0,0.0,0.34791526639542003,0.0,0.0,0.0,0.3016579008413293,0.0,0.35042683276325065,0.0
2012-03-28,0.0,0.0,0.34791526639542003,0.0,0.0,0.0,0.3016579008413293,0.0,0.35042683276325065,0.0
2012-03-29,0.0,0.0,0.34791526639542003,0.0,0.0,0.0,0.3016579008413293,0.0,0.35042683276325065,0.0
2012-03-30,0.0,0.0,0.0,0.0,0.0,0.33780678912152334,0.28472843139617515,0.0,0.3774647794823016,0.0
2012-04-02,0.0,0.0,0.0,0.0,0.0,0.33780678912152334,0.28472843139617515,0.0,0.3774647794823016,0.0
2012-04-03,0.0,0.0,0.0,0.0,0.0,0.33780678912152334,0.28472843139617515,0.0,0.3774647794823016,0.0
2012-04-04,0.0,0.0,0.0,0.0,0.0,0.33780678912152334,0.28472843139617515,0.0,0.3774647794823016,0.0
2012-04-05,0.0,0.0,0.0,0.0,0.0,0.33780678912152334,0.28472843139617515,0.0,0.3774647794823016,0.0
2012-04-09,0.0,0.0,0.0,0.0,0.0,0.33780678912152334,0.28472843139617515,0.0,0.3774647794823016,0.0
2012-04-10,0.0,0.0,0.0,0.0,0.0,0.33780678912152334,0.28472843139617515,0.0,0.3774647794823016,0.0
2012-04-11,0.0,0.0,0.0,0.0,0.0,0.33780678912152334,0.28472843139617515,0.0,0.3774647794823016,0.0
2012-04-12,0.0,0.0,0.0,0.0,0.0,0.33780678912152334,0.28472843139617515,0.0,0.3774647794823016,0.0
2012-04-13,0.0,0.0,0.0,0.0,0.0,0.33780678912152334,0.28472843139617515,0.0,0.3774647794823016,0.0
2012-04-16,0.0,0.0,0.0,0.0,0.0,0.33780678912152334,0.28472843139617515,0.0,0.3774647794823016,0.0
2012-04-17,0.0,0.0,0.0,0.0,0.0,0.33780678912152334,0.28472843139617515,0.0,0.3774647794823016,0.0
2012-04-18,0.0,0.0,0.0,0.0,0.0,0.33780678912152334,0.28472843139617515,0.0,0.3774647794823016,0.0
2012-04-19,0.0,0.0,0.0,0.0,0.0,0.33780678912152334,0.28472843139617515,0.0,0.3774647794823016,0.0
2012-04-20,0.0,0.0,0.0,0.0,0.0,0.33780678912152334,0.28472843139617515,0.0,0.3774647794823016,0.0
2012-04-23,0.0,0.0,0.0,0.0,0.0,0.33780678912152334,0.28472843139617515,0.0,0.3774647794823016,0.0
2012-04-24,0.0,0.0,0.0,0.0,0.0,0.33780678912152334,0.28472843139617515,0.0,0.3774647794823016,0.0
2012-04-25,0.0,0.0,0.0,0.0,0.0,0.33780678912152334,0.28472843139617515,0.0,0.3774647794823016,0.0
2012-04-26,0.0,0.0,0.0,0.0,0.0,0.33780678912152334,0.28472843139617515,0.0,0.3774647794823016,0.0
2012-04-27,0.0,0.0,0.0,0.0,0.0,0.33780678912152334,0.28472843139617515,0.0,0.3774647794823016,0.0
2012-04-30,0.0,0.0,0.34922010251729835,0.0,0.0,0.3386897705306276,0.31209012695207405,0.0,0.0,0.0
2012-05-01,0.0,0.0,0.34922010251729835,0.0,0.0,0.3386897705306276,0.31209012695207405,0.0,0.0,0.0
2012-05-02,0.0,0.0,0.34922010251729835,0.0,0.0,0.3386897705306276,0.31209012695207405,0.0,0.0,0.0
2012-05-03,0.0,0.0,0.34922010251729835,0.0,0.0,0.3386897705306276,0.31209012695207405,0.0,0.0,0.0
2012-05-04,0.0,0.0,0.34922010251729835,0.0,0.0,0.3386897705306276,0.31209012695207405,0.0,0.0,0.0
2012-05-07,0.0,0.0,0.34922010251729835,0.0,0.0,0.3386897705306276,0.31209012695207405,0.0,0.0,0.0
2012-05-08,0.0,0.0,0.34922010251729835,0.0,0.0,0.3386897705306276,0.31209012695207405,0.0,0.0,0.0
2012-05-09,0.0,0.0,0.34922010251729835,0.0,0.0,0.3386897705306276,0.31209012695207405,0.0,0.0,0.0
2012-05-10,0.0,0.0,0.34922010251729835,0.0,0.0,0.3386897705306276,0.31209012695207405,0.0,0.0,0.0
2012-05-11,0.0,0.0,0.34922010251729835,0.0,0.0,0.3386897705306276,0.31209012695207405,0.0,0.0,0.0
2012-05-14,0.0,0.0,0.34922010251729835,0.0,0.0,0.3386897705306276,0.31209012695207405,0.0,0.0,0.0
2012-05-15,0.0,0.0,0.34922010251729835,0.0,0.0,0.3386897705306276,0.31209012695207405,0.0,0.0,0.0
2012-05-16,0.0,0.0,0.34922010251729835,0.0,0.0,0.3386897705306276,0.31209012695207405,0.0,0.0,0.0
2012-05-17,0.0,0.0,0.34922010251729835,0.0,0.0,0.3386897705306276,0.31209012695207405,0.0,0.0,0.0
2012-05-18,0.0,0.0,0.34922010251729835,0.0,0.0,0.3386897705306276,0.31209012695207405,0.0,0.0,0.0
2012-05-21,0.0,0.0,0.34922010251729835,0.0,0.0,0.3386897705306276,0.31209012695207405,0.0,0.0,0.0
2012-05-22,0.0,0.0,0.34922010251729835,0.0,0.0,0.3386897705306276,0.31209012695207405,0.0,0.0,0.0
2012-05-23,0.0,0.0,0.34922010251729835,0.0,0.0,0.3386897705306276,0.31209012695207405,0.0,0.0,0.0
2012-05-24,0.0,0.0,0.34922010251729835,0.0,0.0,0.3386897705306276,0.31209012695207405,0.0,0.0,0.0
2012-05-25,0.0,0.0,0.34922010251729835,0.0,0.0,0.3386897705306276,0.31209012695207405,0.0,0.0,0.0
2012-05-29,0.0,0.0,0.34922010251729835,0.0,0.0,0.3386897705306276,0.31209012695207405,0.0,0.0,0.0
2012-05-30,0.0,0.0,0.34922010251729835,0.0,0.0,0.3386897705306276,0.31209012695207405,0.0,0.0,0.0
2012-05-31,0.0,0.3159549136361267,0.0,0.0,0.3483050038588045,0.0,0.0,0.0,0.0,0.3357400825050689
2012-06-01,0.0,0.3159549136361267,0.0,0.0,0.3483050038588045,0.0,0.0,0.0,0.0,0.3357400825050689
2012-06-04,0.0,0.3159549136361267,0.0,0.0,0.3483050038588045,0.0,0.0,0.0,0.0,0.3357400825050689
2012-06-05,0.0,0.3159549136361267,0.0,0.0,0.3483050038588045,0.0,0.0,0.0,0.0,0.3357400825050689
2012-06-06,0.0,0.3159549136361267,0.0,0.0,0.3483050038588045,0.0,0.0,0.0,0.0,0.3357400825050689
2012-06-07,0.0,0.3159549136361267,0.0,0.0,0.3483050038588045,0.0,0.0,0.0,0.0,0.3357400825050689
2012-06-08,0.0,0.3159549136361267,0.0,0.0,0.3483050038588045,0.0,0.0,0.0,0.0,0.3357400825050689
2012-06-11,0.0,0.3159549136361267,0.0,0.0,0.3483050038588045,0.0,0.0,0.0,0.0,0.3357400825050689
2012-06-12,0.0,0.3159549136361267,0.0,0.0,0.3483050038588045,0.0,0.0,0.0,0.0,0.3357400825050689
2012-06-13,0.0,0.3159549136361267,0.0,0.0,0.3483050038588045,0.0,0.0,0.0,0.0,0.3357400825050689
2012-06-14,0.0,0.3159549136361267,0.0,0.0,0.3483050038588045,0.0,0.0,0.0,0.0,0.3357400825050689
2012-06-15,0.0,0.3159549136361267,0.0,0.0,0.3483050038588045,0.0,0.0,0.0,0.0,0.3357400825050689
2012-06-18,0.0,0.3159549136361267,0.0,0.0,0.3483050038588045,0.0,0.0,0.0,0.0,0.3357400825050689
2012-06-19,0.0,0.3159549136361267,0.0,0.0,0.3483050038588045,0.0,0.0,0.0,0.0,0.3357400825050689
2012-06-20,0.0,0.3159549136361267,0.0,0.0,0.3483050038588045,0.0,0.0,0.0,0.0,0.3357400825050689
2012-06-21,0.0,0.3159549136361267,0.0,0.0,0.3483050038588045,0.0,0.0,0.0,0.0,0.3357400825050689
2012-06-22,0.0,0.3159549136361267,0.0,0.0,0.3483050038588045,0.0,0.0,0.0,0.0,0.3357400825050689
2012-06-25,0.0,0.3159549136361267,0.0,0.0,0.3483050038588045,0.0,0.0,0.0,0.0,0.3357400825050689
2012-06-26,0.0,0.3159549136361267,0.0,0.0,0.3483050038588045,0.0,0.0,0.0,0.0,0.3357400825050689
2012-06-27,0.0,0.3159549136361267,0.0,0.0,0.3483050038588045,0.0,0.0,0.0,0.0,0.3357400825050689
2012-06-28,0.0,0.3159549136361267,0.0,0.0,0.3483050038588045,0.0,0.0,0.0,0.0,0.3357400825050689
2012-06-29,0.0,0.0,0.0,0.0,0.0,0.3466907954843828,0.3221909388902802,0.0,0.3311182656253369,0.0
2012-07-02,0.0,0.0,0.0,0.0,0.0,0.3466907954843828,0.3221909388902802,0.0,0.3311182656253369,0.0
2012-07-03,0.0,0.0,0.0,0.0,0.0,0.3466907954843828,0.3221909388902802,0.0,0.3311182656253369,0.0
2012-07-05,0.0,0.0,0.0,0.0,0.0,0.3466907954843828,0.3221909388902802,0.0,0.3311182656253369,0.0
2012-07-06,0.0,0.0,0.0,0.0,0.0,0.3466907954843828,0.3221909388902802,0.0,0.3311182656253369,0.0
2012-07-09,0.0,0.0,0.0,0.0,0.0,0.3466907954843828,0.3221909388902802,0.0,0.3311182656253369,0.0
2012-07-10,0.0,0.0,0.0,0.0,0.0,0.3466907954843828,0.3221909388902802,0.0,0.3311182656253369,0.0
2012-07-11,0.0,0.0,0.0,0.0,0.0,0.3466907954843828,0.3221909388902802,0.0,0.3311182656253369,0.0
2012-07-12,0.0,0.0,0.0,0.0,0.0,0.3466907954843828,0.3221909388902802,0.0,0.3311182656253369,0.0
2012-07-13,0.0,0.0,0.0,0.0,0.0,0.3466907954843828,0.3221909388902802,0.0,0.3311182656253369,0.0
2012-07-16,0.0,0.0,0.0,0.0,0.0,0.3466907954843828,0.3221909388902802,0.0,0.3311182656253369,0.0
2012-07-17,0.0,0.0,0.0,0.0,0.0,0.3466907954843828,0.3221909388902802,0.0,0.3311182656253369,0.0
2012-07-18,0.0,0.0,0.0,0.0,0.0,0.3466907954843828,0.3221909388902802,0.0,0.3311182656253369,0.0
2012-07-19,0.0,0.0,0.0,0.0,0.0,0.3466907954843828,0.3221909388902802,0.0,0.3311182656253369,0.0
2012-07-20,0.0,0.0,0.0,0.0,0.0,0.3466907954843828,0.3221909388902802,0.0,0.3311182656253369,0.0
2012-07-23,0.0,0.0,0.0,0.0,0.0,0.3466907954843828,0.3221909388902802,0.0,0.3311182656253369,0.0
2012-07-24,0.0,0.0,0.0,0.0,0.0,0.3466907954843828,0.3221909388902802,0.0,0.3311182656253369,0.0
2012-07-25,0.0,0.0,0.0,0.0,0.0,0.3466907954843828,0.3221909388902802,0.0,0.3311182656253369,0.0
2012-07-26,0.0,0.0,0.0,0.0,0.0,0.3466907954843828,0.3221909388902802,0.0,0.3311182656253369,0.0
2012-07-27,0.0,0.0,0.0,0.0,0.0,0.3466907954843828,0.3221909388902802,0.0,0.3311182656253369,0.0
2012-07-30,0.0,0.0,0.0,0.0,0.0,0.3466907954843828,0.3221909388902802,0.0,0.3311182656253369,0.0
2012-07-31,0.0,0.0,0.0,0.0,0.0,0.3565836448377619,0.3167920565943645,0.0,0.32662429856787367,0.0
2012-08-01,0.0,0.0,0.0,0.0,0.0,0.3565836448377619,0.3167920565943645,0.0,0.32662429856787367,0.0
2012-08-02,0.0,0.0,0.0,0.0,0.0,0.3565836448377619,0.3167920565943645,0.0,0.32662429856787367,0.0
2012-08-03,0.0,0.0,0.0,0.0,0.0,0.3565836448377619,0.3167920565943645,0.0,0.32662429856787367,0.0
2012-08-06,0.0,0.0,0.0,0.0,0.0,0.3565836448377619,0.3167920565943645,0.0,0.32662429856787367,0.0
2012-08-07,0.0,0.0,0.0,0.0,0.0,0.3565836448377619,0.3167920565943645,0.0,0.32662429856787367,0.0
2012-08-08,0.0,0.0,0.0,0.0,0.0,0.3565836448377619,0.3167920565943645,0.0,0.32662429856787367,0.0
2012-08-09,0.0,0.0,0.0,0.0,0.0,0.3565836448377619,0.3167920565943645,0.0,0.32662429856787367,0.0
2012-08-10,0.0,0.0,0.0,0.0,0.0,0.3565836448377619,0.3167920565943645,0.0,0.32662429856787367,0.0
2012-08-13,0.0,0.0,0.0,0.0,0.0,0.3565836448377619,0.3167920565943645,0.0,0.32662429856787367,0.0
2012-08-14,0.0,0.0,0.0,0.0,0.0,0.3565836448377619,0.3167920565943645,0.0,0.32662429856787367,0.0
2012-08-15,0.0,0.0,0.0,0.0,0.0,0.3565836448377619,0.3167920565943645,0.0,0.32662429856787367,0.0
2012-08-16,0.0,0.0,0.0,0.0,0.0,0.3565836448377619,0.3167920565943645,0.0,0.32662429856787367,0.0
2012-08-17,0.0,0.0,0.0,0.0,0.0,0.3565836448377619,0.3167920565943645,0.0,0.32662429856787367,0.0
2012-08-20,0.0,0.0,0.0,0.0,0.0,0.3565836448377619,0.3167920565943645,0.0,0.32662429856787367,0.0
2012-08-21,0.0,0.0,0.0,0.0,0.0,0.3565836448377619,0.3167920565943645,0.0,0.32662429856787367,0.0
2012-08-22,0.0,0.0,0.0,0.0,0.0,0.3565836448377619,0.3167920565943645,0.0,0.32662429856787367,0.0
2012-08-23,0.0,0.0,0.0,0.0,0.0,0.3565836448377619,0.3167920565943645,0.0,0.32662429856787367,0.0
2012-08-24,0.0,0.0,0.0,0.0,0.0,0.3565836448377619,0.3167920565943645,0.0,0.32662429856787367,0.0
2012-08-27,0.0,0.0,0.0,0.0,0.0,0.3565836448377619,0.3167920565943645,0.0,0.32662429856787367,0.0
2012-08-28,0.0,0.0,0.0,0.0,0.0,0.3565836448377619,0.3167920565943645,0.0,0.32662429856787367,0.0
2012-08-29,0.0,0.0,0.0,0.0,0.0,0.3565836448377619,0.3167920565943645,0.0,0.32662429856787367,0.0
2012-08-30,0.0,0.0,0.0,0.0,0.0,0.3565836448377619,0.3167920565943645,0.0,0.32662429856787367,0.0
2012-08-31,0.0,0.0,0.0,0.0,0.0,0.35048587587787056,0.31774251133971365,0.0,0.33177161278241574,0.0
2012-09-04,0.0,0.0,0.0,0.0,0.0,0.35048587587787056,0.31774251133971365,0.0,0.33177161278241574,0.0
2012-09-05,0.0,0.0,0.0,0.0,0.0,0.35048587587787056,0.31774251133971365,0.0,0.33177161278241574,0.0
2012-09-06,0.0,0.0,0.0,0.0,0.0,0.35048587587787056,0.31774251133971365,0.0,0.33177161278241574,0.0
2012-09-07,0.0,0.0,0.0,0.0,0.0,0.35048587587787056,0.31774251133971365,0.0,0.33177161278241574,0.0
2012-09-10,0.0,0.0,0.0,0.0,0.0,0.35048587587787056,0.31774251133971365,0.0,0.33177161278241574,0.0
2012-09-11,0.0,0.0,0.0,0.0,0.0,0.35048587587787056,0.31774251133971365,0.0,0.33177161278241574,0.0
2012-09-12,0.0,0.0,0.0,0.0,0.0,0.35048587587787056,0.31774251133971365,0.0,0.33177161278241574,0.0
2012-09-13,0.0,0.0,0.0,0.0,0.0,0.35048587587787056,0.31774251133971365,0.0,0.33177161278241574,0.0
2012-09-14,0.0,0.0,0.0,0.0,0.0,0.35048587587787056,0.31774251133971365,0.0,0.33177161278241574,0.0
2012-09-17,0.0,0.0,0.0,0.0,0.0,0.35048587587787056,0.31774251133971365,0.0,0.33177161278241574,0.0
2012-09-18,0.0,0.0,0.0,0.0,0.0,0.35048587587787056,0.31774251133971365,0.0,0.33177161278241574,0.0
2012-09-19,0.0,0.0,0.0,0.0,0.0,0.35048587587787056,0.31774251133971365,0.0,0.33177161278241574,0.0
2012-09-20,0.0,0.0,0.0,0.0,0.0,0.35048587587787056,0.31774251133971365,0.0,0.33177161278241574,0.0
2012-09-21,0.0,0.0,0.0,0.0,0.0,0.35048587587787056,0.31774251133971365,0.0,0.33177161278241574,0.0
2012-09-24,0.0,0.0,0.0,0.0,0.0,0.35048587587787056,0.31774251133971365,0.0,0.33177161278241574,0.0
2012-09-25,0.0,0.0,0.0,0.0,0.0,0.35048587587787056,0.31774251133971365,0.0,0.33177161278241574,0.0
2012-09-26,0.0,0.0,0.0,0.0,0.0,0.35048587587787056,0.31774251133971365,0.0,0.33177161278241574,0.0
2012-09-27,0.0,0.0,0.0,0.0,0.0,0.35048587587787056,0.31774251133971365,0.0,0.33177161278241574,0.0
2012-09-28,0.0,0.0,0.0,0.0,0.4298606127277582,0.29533811418389233,0.2748012730883494,0.0,0.0,0.0
2012-10-01,0.0,0.0,0.0,0.0,0.4298606127277582,0.29533811418389233,0.2748012730883494,0.0,0.0,0.0
2012-10-02,0.0,0.0,0.0,0.0,0.4298606127277582,0.29533811418389233,0.2748012730883494,0.0,0.0,0.0
2012-10-03,0.0,0.0,0.0,0.0,0.4298606127277582,0.29533811418389233,0.2748012730883494,0.0,0.0,0.0
2012-10-04,0.0,0.0,0.0,0.0,0.4298606127277582,0.29533811418389233,0.2748012730883494,0.0,0.0,0.0
2012-10-05,0.0,0.0,0.0,0.0,0.4298606127277582,0.29533811418389233,0.2748012730883494,0.0,0.0,0.0
2012-10-08,0.0,0.0,0.0,0.0,0.4298606127277582,0.29533811418389233,0.2748012730883494,0.0,0.0,0.0
2012-10-09,0.0,0.0,0.0,0.0,0.4298606127277582,0.29533811418389233,0.2748012730883494,0.0,0.0,0.0
2012-10-10,0.0,0.0,0.0,0.0,0.4298606127277582,0.29533811418389233,0.2748012730883494,0.0,0.0,0.0
2012-10-11,0.0,0.0,0.0,0.0,0.4298606127277582,0.29533811418389233,0.2748012730883494,0.0,0.0,0.0
2012-10-12,0.0,0.0,0.0,0.0,0.4298606127277582,0.29533811418389233,0.2748012730883494,0.0,0.0,0.0
2012-10-15,0.0,0.0,0.0,0.0,0.4298606127277582,0.29533811418389233,0.2748012730883494,0.0,0.0,0.0
2012-10-16,0.0,0.0,0.0,0.0,0.4298606127277582,0.29533811418389233,0.2748012730883494,0.0,0.0,0.0
2012-10-17,0.0,0.0,0.0,0.0,0.4298606127277582,0.29533811418389233,0.2748012730883494,0.0,0.0,0.0
2012-10-18,0.0,0.0,0.0,0.0,0.4298606127277582,0.29533811418389233,0.2748012730883494,0.0,0.0,0.0
2012-10-19,0.0,0.0,0.0,0.0,0.4298606127277582,0.29533811418389233,0.2748012730883494,0.0,0.0,0.0
2012-10-22,0.0,0.0,0.0,0.0,0.4298606127277582,0.29533811418389233,0.2748012730883494,0.0,0.0,0.0
2012-10-23,0.0,0.0,0.0,0.0,0.4298606127277582,0.29533811418389233,0.2748012730883494,0.0,0.0,0.0
2012-10-24,0.0,0.0,0.0,0.0,0.4298606127277582,0.29533811418389233,0.2748012730883494,0.0,0.0,0.0
2012-10-25,0.0,0.0,0.0,0.0,0.4298606127277582,0.29533811418389233,0.2748012730883494,0.0,0.0,0.0
2012-10-26,0.0,0.0,0.0,0.0,0.4298606127277582,0.29533811418389233,0.2748012730883494,0.0,0.0,0.0
2012-10-31,0.0,0.0,0.29224155443342087,0.0,0.3157453280215271,0.0,0.0,0.392013117545052,0.0,0.0
2012-11-01,0.0,0.0,0.29224155443342087,0.0,0.3157453280215271,0.0,0.0,0.392013117545052,0.0,0.0
2012-11-02,0.0,0.0,0.29224155443342087,0.0,0.3157453280215271,0.0,0.0,0.392013117545052,0.0,0.0
2012-11-05,0.0,0.0,0.29224155443342087,0.0,0.3157453280215271,0.0,0.0,0.392013117545052,0.0,0.0
2012-11-06,0.0,0.0,0.29224155443342087,0.0,0.3157453280215271,0.0,0.0,0.392013117545052,0.0,0.0
2012-11-07,0.0,0.0,0.29224155443342087,0.0,0.3157453280215271,0.0,0.0,0.392013117545052,0.0,0.0
2012-11-08,0.0,0.0,0.29224155443342087,0.0,0.3157453280215271,0.0,0.0,0.392013117545052,0.0,0.0
2012-11-09,0.0,0.0,0.29224155443342087,0.0,0.3157453280215271,0.0,0.0,0.392013117545052,0.0,0.0
2012-11-12,0.0,0.0,0.29224155443342087,0.0,0.3157453280215271,0.0,0.0,0.392013117545052,0.0,0.0
2012-11-13,0.0,0.0,0.29224155443342087,0.0,0.3157453280215271,0.0,0.0,0.392013117545052,0.0,0.0
2012-11-14,0.0,0.0,0.29224155443342087,0.0,0.3157453280215271,0.0,0.0,0.392013117545052,0.0,0.0
2012-11-15,0.0,0.0,0.29224155443342087,0.0,0.3157453280215271,0.0,0.0,0.392013117545052,0.0,0.0
2012-11-16,0.0,0.0,0.29224155443342087,0.0,0.3157453280215271,0.0,0.0,0.392013117545052,0.0,0.0
2012-11-19,0.0,0.0,0.29224155443342087,0.0,0.3157453280215271,0.0,0.0,0.392013117545052,0.0,0.0
2012-11-20,0.0,0.0,0.29224155443342087,0.0,0.3157453280215271,0.0,0.0,0.392013117545052,0.0,0.0
2012-11-21,0.0,0.0,0.29224155443342087,0.0,0.3157453280215271,0.0,0.0,0.392013117545052,0.0,0.0
2012-11-23,0.0,0.0,0.29224155443342087,0.0,0.3157453280215271,0.0,0.0,0.392013117545052,0.0,0.0
2012-11-26,0.0,0.0,0.29224155443342087,0.0,0.3157453280215271,0.0,0.0,0.392013117545052,0.0,0.0
2012-11-27,0.0,0.0,0.29224155443342087,0.0,0.3157453280215271,0.0,0.0,0.392013117545052,0.0,0.0
2012-11-28,0.0,0.0,0.29224155443342087,0.0,0.3157453280215271,0.0,0.0,0.392013117545052,0.0,0.0
2012-11-29,0.0,0.0,0.29224155443342087,0.0,0.3157453280215271,0.0,0.0,0.392013117545052,0.0,0.0
2012-11-30,0.0,0.33588643830698306,0.0,0.369715447372324,0.0,0.0,0.0,0.0,0.29439811432069296,0.0
2012-12-03,0.0,0.33588643830698306,0.0,0.369715447372324,0.0,0.0,0.0,0.0,0.29439811432069296,0.0
2012-12-04,0.0,0.33588643830698306,0.0,0.369715447372324,0.0,0.0,0.0,0.0,0.29439811432069296,0.0
2012-12-05,0.0,0.33588643830698306,0.0,0.369715447372324,0.0,0.0,0.0,0.0,0.29439811432069296,0.0
2012-12-06,0.0,0.33588643830698306,0.0,0.369715447372324,0.0,0.0,0.0,0.0,0.29439811432069296,0.0
2012-12-07,0.0,0.33588643830698306,0.0,0.369715447372324,0.0,0.0,0.0,0.0,0.29439811432069296,0.0
2012-12-10,0.0,0.33588643830698306,0.0,0.369715447372324,0.0,0.0,0.0,0.0,0.29439811432069296,0.0
2012-12-11,0.0,0.33588643830698306,0.0,0.369715447372324,0.0,0.0,0.0,0.0,0.29439811432069296,0.0
2012-12-12,0.0,0.33588643830698306,0.0,0.369715447372324,0.0,0.0,0.0,0.0,0.29439811432069296,0.0
2012-12-13,0.0,0.33588643830698306,0.0,0.369715447372324,0.0,0.0,0.0,0.0,0.29439811432069296,0.0
2012-12-14,0.0,0.33588643830698306,0.0,0.369715447372324,0.0,0.0,0.0,0.0,0.29439811432069296,0.0
2012-12-17,0.0,0.33588643830698306,0.0,0.369715447372324,0.0,0.0,0.0,0.0,0.29439811432069296,0.0
2012-12-18,0.0,0.33588643830698306,0.0,0.369715447372324,0.0,0.0,0.0,0.0,0.29439811432069296,0.0
2012-12-19,0.0,0.33588643830698306,0.0,0.369715447372324,0.0,0.0,0.0,0.0,0.29439811432069296,0.0
2012-12-20,0.0,0.33588643830698306,0.0,0.369715447372324,0.0,0.0,0.0,0.0,0.29439811432069296,0.0
2012-12-21,0.0,0.33588643830698306,0.0,0.369715447372324,0.0,0.0,0.0,0.0,0.29439811432069296,0.0
2012-12-24,0.0,0.33588643830698306,0.0,0.369715447372324,0.0,0.0,0.0,0.0,0.29439811432069296,0.0
2012-12-26,0.0,0.33588643830698306,0.0,0.369715447372324,0.0,0.0,0.0,0.0,0.29439811432069296,0.0
2012-12-27,0.0,0.33588643830698306,0.0,0.369715447372324,0.0,0.0,0.0,0.0,0.29439811432069296,0.0
2012-12-28,0.0,0.33588643830698306,0.0,0.369715447372324,0.0,0.0,0.0,0.0,0.29439811432069296,0.0
2012-12-31,0.0,0.0,0.0,0.3462738801023254,0.39490856589065293,0.0,0.0,0.0,0.25881755400702156,0.0
2013-01-02,0.0,0.0,0.0,0.3462738801023254,0.39490856589065293,0.0,0.0,0.0,0.25881755400702156,0.0
2013-01-03,0.0,0.0,0.0,0.3462738801023254,0.39490856589065293,0.0,0.0,0.0,0.25881755400702156,0.0
2013-01-04,0.0,0.0,0.0,0.3462738801023254,0.39490856589065293,0.0,0.0,0.0,0.25881755400702156,0.0
2013-01-07,0.0,0.0,0.0,0.3462738801023254,0.39490856589065293,0.0,0.0,0.0,0.25881755400702156,0.0
2013-01-08,0.0,0.0,0.0,0.3462738801023254,0.39490856589065293,0.0,0.0,0.0,0.25881755400702156,0.0
2013-01-09,0.0,0.0,0.0,0.3462738801023254,0.39490856589065293,0.0,0.0,0.0,0.25881755400702156,0.0
2013-01-10,0.0,0.0,0.0,0.3462738801023254,0.39490856589065293,0.0,0.0,0.0,0.25881755400702156,0.0
2013-01-11,0.0,0.0,0.0,0.3462738801023254,0.39490856589065293,0.0,0.0,0.0,0.25881755400702156,0.0
2013-01-14,0.0,0.0,0.0,0.3462738801023254,0.39490856589065293,0.0,0.0,0.0,0.25881755400702156,0.0
2013-01-15,0.0,0.0,0.0,0.3462738801023254,0.39490856589065293,0.0,0.0,0.0,0.25881755400702156,0.0
2013-01-16,0.0,0.0,0.0,0.3462738801023254,0.39490856589065293,0.0,0.0,0.0,0.25881755400702156,0.0
2013-01-17,0.0,0.0,0.0,0.3462738801023254,0.39490856589065293,0.0,0.0,0.0,0.25881755400702156,0.0
2013-01-18,0.0,0.0,0.0,0.3462738801023254,0.39490856589065293,0.0,0.0,0.0,0.25881755400702156,0.0
2013-01-22,0.0,0.0,0.0,0.3462738801023254,0.39490856589065293,0.0,0.0,0.0,0.25881755400702156,0.0
2013-01-23,0.0,0.0,0.0,0.3462738801023254,0.39490856589065293,0.0,0.0,0.0,0.25881755400702156,0.0
2013-01-24,0.0,0.0,0.0,0.3462738801023254,0.39490856589065293,0.0,0.0,0.0,0.25881755400702156,0.0
2013-01-25,0.0,0.0,0.0,0.3462738801023254,0.39490856589065293,0.0,0.0,0.0,0.25881755400702156,0.0
2013-01-28,0.0,0.0,0.0,0.3462738801023254,0.39490856589065293,0.0,0.0,0.0,0.25881755400702156,0.0
2013-01-29,0.0,0.0,0.0,0.3462738801023254,0.39490856589065293,0.0,0.0,0.0,0.25881755400702156,0.0
2013-01-30,0.0,0.0,0.0,0.3462738801023254,0.39490856589065293,0.0,0.0,0.0,0.25881755400702156,0.0
2013-01-31,0.0,0.3030628227018141,0.0,0.4022867866748108,0.0,0.0,0.0,0.0,0.0,0.29465039062337517
2013-02-01,0.0,0.3030628227018141,0.0,0.4022867866748108,0.0,0.0,0.0,0.0,0.0,0.29465039062337517
2013-02-04,0.0,0.3030628227018141,0.0,0.4022867866748108,0.0,0.0,0.0,0.0,0.0,0.29465039062337517
2013-02-05,0.0,0.3030628227018141,0.0,0.4022867866748108,0.0,0.0,0.0,0.0,0.0,0.29465039062337517
2013-02-06,0.0,0.3030628227018141,0.0,0.4022867866748108,0.0,0.0,0.0,0.0,0.0,0.29465039062337517
2013-02-07,0.0,0.3030628227018141,0.0,0.4022867866748108,0.0,0.0,0.0,0.0,0.0,0.29465039062337517
2013-02-08,0.0,0.3030628227018141,0.0,0.4022867866748108,0.0,0.0,0.0,0.0,0.0,0.29465039062337517
2013-02-11,0.0,0.3030628227018141,0.0,0.4022867866748108,0.0,0.0,0.0,0.0,0.0,0.29465039062337517
2013-02-12,0.0,0.3030628227018141,0.0,0.4022867866748108,0.0,0.0,0.0,0.0,0.0,0.29465039062337517
2013-02-13,0.0,0.3030628227018141,0.0,0.4022867866748108,0.0,0.0,0.0,0.0,0.0,0.29465039062337517
2013-02-14,0.0,0.3030628227018141,0.0,0.4022867866748108,0.0,0.0,0.0,0.0,0.0,0.29465039062337517
2013-02-15,0.0,0.3030628227018141,0.0,0.4022867866748108,0.0,0.0,0.0,0.0,0.0,0.29465039062337517
2013-02-19,0.0,0.3030628227018141,0.0,0.4022867866748108,0.0,0.0,0.0,0.0,0.0,0.29465039062337517
2013-02-20,0.0,0.3030628227018141,0.0,0.4022867866748108,0.0,0.0,0.0,0.0,0.0,0.29465039062337517
2013-02-21,0.0,0.3030628227018141,0.0,0.4022867866748108,0.0,0.0,0.0,0.0,0.0,0.29465039062337517
2013-02-22,0.0,0.3030628227018141,0.0,0.4022867866748108,0.0,0.0,0.0,0.0,0.0,0.29465039062337517
2013-02-25,0.0,0.3030628227018141,0.0,0.4022867866748108,0.0,0.0,0.0,0.0,0.0,0.29465039062337517
2013-02-26,0.0,0.3030628227018141,0.0,0.4022867866748108,0.0,0.0,0.0,0.0,0.0,0.29465039062337517
2013-02-27,0.0,0.3030628227018141,0.0,0.4022867866748108,0.0,0.0,0.0,0.0,0.0,0.29465039062337517
2013-02-28,0.0,0.30838728047377684,0.0,0.3725257387478278,0.0,0.0,0.0,0.0,0.0,0.3190869807783953
2013-03-01,0.0,0.30838728047377684,0.0,0.3725257387478278,0.0,0.0,0.0,0.0,0.0,0.3190869807783953
2013-03-04,0.0,0.30838728047377684,0.0,0.3725257387478278,0.0,0.0,0.0,0.0,0.0,0.3190869807783953
2013-03-05,0.0,0.30838728047377684,0.0,0.3725257387478278,0.0,0.0,0.0,0.0,0.0,0.3190869807783953
2013-03-06,0.0,0.30838728047377684,0.0,0.3725257387478278,0.0,0.0,0.0,0.0,0.0,0.3190869807783953
2013-03-07,0.0,0.30838728047377684,0.0,0.3725257387478278,0.0,0.0,0.0,0.0,0.0,0.3190869807783953
2013-03-08,0.0,0.30838728047377684,0.0,0.3725257387478278,0.0,0.0,0.0,0.0,0.0,0.3190869807783953
2013-03-11,0.0,0.30838728047377684,0.0,0.3725257387478278,0.0,0.0,0.0,0.0,0.0,0.3190869807783953
2013-03-12,0.0,0.30838728047377684,0.0,0.3725257387478278,0.0,0.0,0.0,0.0,0.0,0.3190869807783953
2013-03-13,0.0,0.30838728047377684,0.0,0.3725257387478278,0.0,0.0,0.0,0.0,0.0,0.3190869807783953
2013-03-14,0.0,0.30838728047377684,0.0,0.3725257387478278,0.0,0.0,0.0,0.0,0.0,0.3190869807783953
2013-03-15,0.0,0.30838728047377684,0.0,0.3725257387478278,0.0,0.0,0.0,0.0,0.0,0.3190869807783953
2013-03-18,0.0,0.30838728047377684,0.0,0.3725257387478278,0.0,0.0,0.0,0.0,0.0,0.3190869807783953
2013-03-19,0.0,0.30838728047377684,0.0,0.3725257387478278,0.0,0.0,0.0,0.0,0.0,0.3190869807783953
2013-03-20,0.0,0.30838728047377684,0.0,0.3725257387478278,0.0,0.0,0.0,0.0,0.0,0.3190869807783953
2013-03-21,0.0,0.30838728047377684,0.0,0.3725257387478278,0.0,0.0,0.0,0.0,0.0,0.3190869807783953
2013-03-22,0.0,0.30838728047377684,0.0,0.3725257387478278,0.0,0.0,0.0,0.0,0.0,0.3190869807783953
2013-03-25,0.0,0.30838728047377684,0.0,0.3725257387478278,0.0,0.0,0.0,0.0,0.0,0.3190869807783953
2013-03-26,0.0,0.30838728047377684,0.0,0.3725257387478278,0.0,0.0,0.0,0.0,0.0,0.3190869807783953
2013-03-27,0.0,0.30838728047377684,0.0,0.3725257387478278,0.0,0.0,0.0,0.0,0.0,0.3190869807783953
2013-03-28,0.0,0.31756527362218595,0.0,0.357214170700106,0.0,0.0,0.0,0.0,0.0,0.32522055567770797
2013-04-01,0.0,0.31756527362218595,0.0,0.357214170700106,0.0,0.0,0.0,0.0,0.0,0.32522055567770797
2013-04-02,0.0,0.31756527362218595,0.0,0.357214170700106,0.0,0.0,0.0,0.0,0.0,0.32522055567770797
2013-04-03,0.0,0.31756527362218595,0.0,0.357214170700106,0.0,0.0,0.0,0.0,0.0,0.32522055567770797
2013-04-04,0.0,0.31756527362218595,0.0,0.357214170700106,0.0,0.0,0.0,0.0,0.0,0.32522055567770797
2013-04-05,0.0,0.31756527362218595,0.0,0.357214170700106,0.0,0.0,0.0,0.0,0.0,0.32522055567770797
2013-04-08,0.0,0.31756527362218595,0.0,0.357214170700106,0.0,0.0,0.0,0.0,0.0,0.32522055567770797
2013-04-09,0.0,0.31756527362218595,0.0,0.357214170700106,0.0,0.0,0.0,0.0,0.0,0.32522055567770797
2013-04-10,0.0,0.31756527362218595,0.0,0.357214170700106,0.0,0.0,0.0,0.0,0.0,0.32522055567770797
2013-04-11,0.0,0.31756527362218595,0.0,0.357214170700106,0.0,0.0,0.0,0.0,0.0,0.32522055567770797
2013-04-12,0.0,0.31756527362218595,0.0,0.357214170700106,0.0,0.0,0.0,0.0,0.0,0.32522055567770797
2013-04-15,0.0,0.31756527362218595,0.0,0.357214170700106,0.0,0.0,0.0,0.0,0.0,0.32522055567770797
2013-04-16,0.0,0.31756527362218595,0.0,0.357214170700106,0.0,0.0,0.0,0.0,0.0,0.32522055567770797
2013-04-17,0.0,0.31756527362218595,0.0,0.357214170700106,0.0,0.0,0.0,0.0,0.0,0.32522055567770797
2013-04-18,0.0,0.31756527362218595,0.0,0.357214170700106,0.0,0.0,0.0,0.0,0.0,0.32522055567770797
2013-04-19,0.0,0.31756527362218595,0.0,0.357214170700106,0.0,0.0,0.0,0.0,0.0,0.32522055567770797
2013-04-22,0.0,0.31756527362218595,0.0,0.357214170700106,0.0,0.0,0.0,0.0,0.0,0.32522055567770797
2013-04-23,0.0,0.31756527362218595,0.0,0.357214170700106,0.0,0.0,0.0,0.0,0.0,0.32522055567770797
2013-04-24,0.0,0.31756527362218595,0.0,0.357214170700106,0.0,0.0,0.0,0.0,0.0,0.32522055567770797
2013-04-25,0.0,0.31756527362218595,0.0,0.357214170700106,0.0,0.0,0.0,0.0,0.0,0.32522055567770797
2013-04-26,0.0,0.31756527362218595,0.0,0.357214170700106,0.0,0.0,0.0,0.0,0.0,0.32522055567770797
2013-04-29,0.0,0.31756527362218595,0.0,0.357214170700106,0.0,0.0,0.0,0.0,0.0,0.32522055567770797
2013-04-30,0.0,0.37595941039763203,0.0,0.0,0.2134872633526089,0.0,0.0,0.0,0.0,0.41055332624975904
2013-05-01,0.0,0.37595941039763203,0.0,0.0,0.2134872633526089,0.0,0.0,0.0,0.0,0.41055332624975904
2013-05-02,0.0,0.37595941039763203,0.0,0.0,0.2134872633526089,0.0,0.0,0.0,0.0,0.41055332624975904
2013-05-03,0.0,0.37595941039763203,0.0,0.0,0.2134872633526089,0.0,0.0,0.0,0.0,0.41055332624975904
2013-05-06,0.0,0.37595941039763203,0.0,0.0,0.2134872633526089,0.0,0.0,0.0,0.0,0.41055332624975904
2013-05-07,0.0,0.37595941039763203,0.0,0.0,0.2134872633526089,0.0,0.0,0.0,0.0,0.41055332624975904
2013-05-08,0.0,0.37595941039763203,0.0,0.0,0.2134872633526089,0.0,0.0,0.0,0.0,0.41055332624975904
2013-05-09,0.0,0.37595941039763203,0.0,0.0,0.2134872633526089,0.0,0.0,0.0,0.0,0.41055332624975904
2013-05-10,0.0,0.37595941039763203,0.0,0.0,0.2134872633526089,0.0,0.0,0.0,0.0,0.41055332624975904
2013-05-13,0.0,0.37595941039763203,0.0,0.0,0.2134872633526089,0.0,0.0,0.0,0.0,0.41055332624975904
2013-05-14,0.0,0.37595941039763203,0.0,0.0,0.2134872633526089,0.0,0.0,0.0,0.0,0.41055332624975904
2013-05-15,0.0,0.37595941039763203,0.0,0.0,0.2134872633526089,0.0,0.0,0.0,0.0,0.41055332624975904
2013-05-16,0.0,0.37595941039763203,0.0,0.0,0.2134872633526089,0.0,0.0,0.0,0.0,0.41055332624975904
2013-05-17,0.0,0.37595941039763203,0.0,0.0,0.2134872633526089,0.0,0.0,0.0,0.0,0.41055332624975904
2013-05-20,0.0,0.37595941039763203,0.0,0.0,0.2134872633526089,0.0,0.0,0.0,0.0,0.41055332624975904
2013-05-21,0.0,0.37595941039763203,0.0,0.0,0.2134872633526089,0.0,0.0,0.0,0.0,0.41055332624975904
2013-05-22,0.0,0.37595941039763203,0.0,0.0,0.2134872633526089,0.0,0.0,0.0,0.0,0.41055332624975904
2013-05-23,0.0,0.37595941039763203,0.0,0.0,0.2134872633526089,0.0,0.0,0.0,0.0,0.41055332624975904
2013-05-24,0.0,0.37595941039763203,0.0,0.0,0.2134872633526089,0.0,0.0,0.0,0.0,0.41055332624975904
2013-05-28,0.0,0.37595941039763203,0.0,0.0,0.2134872633526089,0.0,0.0,0.0,0.0,0.41055332624975904
2013-05-29,0.0,0.37595941039763203,0.0,0.0,0.2134872633526089,0.0,0.0,0.0,0.0,0.41055332624975904
2013-05-30,0.0,0.37595941039763203,0.0,0.0,0.2134872633526089,0.0,0.0,0.0,0.0,0.41055332624975904
2013-05-31,0.0,0.0,0.0,0.0,0.2048079454795553,0.3933051253600791,0.0,0.4018869291603656,0.0,0.0
2013-06-03,0.0,0.0,0.0,0.0,0.2048079454795553,0.3933051253600791,0.0,0.4018869291603656,0.0,0.0
2013-06-04,0.0,0.0,0.0,0.0,0.2048079454795553,0.3933051253600791,0.0,0.4018869291603656,0.0,0.0
2013-06-05,0.0,0.0,0.0,0.0,0.2048079454795553,0.3933051253600791,0.0,0.4018869291603656,0.0,0.0
2013-06-06,0.0,0.0,0.0,0.0,0.2048079454795553,0.3933051253600791,0.0,0.4018869291603656,0.0,0.0
2013-06-07,0.0,0.0,0.0,0.0,0.2048079454795553,0.3933051253600791,0.0,0.4018869291603656,0.0,0.0
2013-06-10,0.0,0.0,0.0,0.0,0.2048079454795553,0.3933051253600791,0.0,0.4018869291603656,0.0,0.0
2013-06-11,0.0,0.0,0.0,0.0,0.2048079454795553,0.3933051253600791,0.0,0.4018869291603656,0.0,0.0
2013-06-12,0.0,0.0,0.0,0.0,0.2048079454795553,0.3933051253600791,0.0,0.4018869291603656,0.0,0.0
2013-06-13,0.0,0.0,0.0,0.0,0.2048079454795553,0.3933051253600791,0.0,0.4018869291603656,0.0,0.0
2013-06-14,0.0,0.0,0.0,0.0,0.2048079454795553,0.3933051253600791,0.0,0.4018869291603656,0.0,0.0
2013-06-17,0.0,0.0,0.0,0.0,0.2048079454795553,0.3933051253600791,0.0,0.4018869291603656,0.0,0.0
2013-06-18,0.0,0.0,0.0,0.0,0.2048079454795553,0.3933051253600791,0.0,0.4018869291603656,0.0,0.0
2013-06-19,0.0,0.0,0.0,0.0,0.2048079454795553,0.3933051253600791,0.0,0.4018869291603656,0.0,0.0
2013-06-20,0.0,0.0,0.0,0.0,0.2048079454795553,0.3933051253600791,0.0,0.4018869291603656,0.0,0.0
2013-06-21,0.0,0.0,0.0,0.0,0.2048079454795553,0.3933051253600791,0.0,0.4018869291603656,0.0,0.0
2013-06-24,0.0,0.0,0.0,0.0,0.2048079454795553,0.3933051253600791,0.0,0.4018869291603656,0.0,0.0
2013-06-25,0.0,0.0,0.0,0.0,0.2048079454795553,0.3933051253600791,0.0,0.4018869291603656,0.0,0.0
2013-06-26,0.0,0.0,0.0,0.0,0.2048079454795553,0.3933051253600791,0.0,0.4018869291603656,0.0,0.0
2013-06-27,0.0,0.0,0.0,0.0,0.2048079454795553,0.3933051253600791,0.0,0.4018869291603656,0.0,0.0
2013-06-28,0.0,0.0,0.0,0.0,0.23512922764902103,0.41983821358902784,0.3450325587619511,0.0,0.0,0.0
2013-07-01,0.0,0.0,0.0,0.0,0.23512922764902103,0.41983821358902784,0.3450325587619511,0.0,0.0,0.0
2013-07-02,0.0,0.0,0.0,0.0,0.23512922764902103,0.41983821358902784,0.3450325587619511,0.0,0.0,0.0
2013-07-03,0.0,0.0,0.0,0.0,0.23512922764902103,0.41983821358902784,0.3450325587619511,0.0,0.0,0.0
2013-07-05,0.0,0.0,0.0,0.0,0.23512922764902103,0.41983821358902784,0.3450325587619511,0.0,0.0,0.0
2013-07-08,0.0,0.0,0.0,0.0,0.23512922764902103,0.41983821358902784,0.3450325587619511,0.0,0.0,0.0
2013-07-09,0.0,0.0,0.0,0.0,0.23512922764902103,0.41983821358902784,0.3450325587619511,0.0,0.0,0.0
2013-07-10,0.0,0.0,0.0,0.0,0.23512922764902103,0.41983821358902784,0.3450325587619511,0.0,0.0,0.0
2013-07-11,0.0,0.0,0.0,0.0,0.23512922764902103,0.41983821358902784,0.3450325587619511,0.0,0.0,0.0
2013-07-12,0.0,0.0,0.0,0.0,0.23512922764902103,0.41983821358902784,0.3450325587619511,0.0,0.0,0.0
2013-07-15,0.0,0.0,0.0,0.0,0.23512922764902103,0.41983821358902784,0.3450325587619511,0.0,0.0,0.0
2013-07-16,0.0,0.0,0.0,0.0,0.23512922764902103,0.41983821358902784,0.3450325587619511,0.0,0.0,0.0
2013-07-17,0.0,0.0,0.0,0.0,0.23512922764902103,0.41983821358902784,0.3450325587619511,0.0,0.0,0.0
2013-07-18,0.0,0.0,0.0,0.0,0.23512922764902103,0.41983821358902784,0.3450325587619511,0.0,0.0,0.0
2013-07-19,0.0,0.0,0.0,0.0,0.23512922764902103,0.41983821358902784,0.3450325587619511,0.0,0.0,0.0
2013-07-22,0.0,0.0,0.0,0.0,0.23512922764902103,0.41983821358902784,0.3450325587619511,0.0,0.0,0.0
2013-07-23,0.0,0.0,0.0,0.0,0.23512922764902103,0.41983821358902784,0.3450325587619511,0.0,0.0,0.0
2013-07-24,0.0,0.0,0.0,0.0,0.23512922764902103,0.41983821358902784,0.3450325587619511,0.0,0.0,0.0
2013-07-25,0.0,0.0,0.0,0.0,0.23512922764902103,0.41983821358902784,0.3450325587619511,0.0,0.0,0.0
2013-07-26,0.0,0.0,0.0,0.0,0.23512922764902103,0.41983821358902784,0.3450325587619511,0.0,0.0,0.0
2013-07-29,0.0,0.0,0.0,0.0,0.23512922764902103,0.41983821358902784,0.3450325587619511,0.0,0.0,0.0
2013-07-30,0.0,0.0,0.0,0.0,0.23512922764902103,0.41983821358902784,0.3450325587619511,0.0,0.0,0.0
2013-07-31,0.0,0.0,0.0,0.0,0.0,0.0,0.24646221940243707,0.2778604709137363,0.0,0.4756773096838267
2013-08-01,0.0,0.0,0.0,0.0,0.0,0.0,0.24646221940243707,0.2778604709137363,0.0,0.4756773096838267
2013-08-02,0.0,0.0,0.0,0.0,0.0,0.0,0.24646221940243707,0.2778604709137363,0.0,0.4756773096838267
2013-08-05,0.0,0.0,0.0,0.0,0.0,0.0,0.24646221940243707,0.2778604709137363,0.0,0.4756773096838267
2013-08-06,0.0,0.0,0.0,0.0,0.0,0.0,0.24646221940243707,0.2778604709137363,0.0,0.4756773096838267
2013-08-07,0.0,0.0,0.0,0.0,0.0,0.0,0.24646221940243707,0.2778604709137363,0.0,0.4756773096838267
2013-08-08,0.0,0.0,0.0,0.0,0.0,0.0,0.24646221940243707,0.2778604709137363,0.0,0.4756773096838267
2013-08-09,0.0,0.0,0.0,0.0,0.0,0.0,0.24646221940243707,0.2778604709137363,0.0,0.4756773096838267
2013-08-12,0.0,0.0,0.0,0.0,0.0,0.0,0.24646221940243707,0.2778604709137363,0.0,0.4756773096838267
2013-08-13,0.0,0.0,0.0,0.0,0.0,0.0,0.24646221940243707,0.2778604709137363,0.0,0.4756773096838267
2013-08-14,0.0,0.0,0.0,0.0,0.0,0.0,0.24646221940243707,0.2778604709137363,0.0,0.4756773096838267
2013-08-15,0.0,0.0,0.0,0.0,0.0,0.0,0.24646221940243707,0.2778604709137363,0.0,0.4756773096838267
2013-08-16,0.0,0.0,0.0,0.0,0.0,0.0,0.24646221940243707,0.2778604709137363,0.0,0.4756773096838267
2013-08-19,0.0,0.0,0.0,0.0,0.0,0.0,0.24646221940243707,0.2778604709137363,0.0,0.4756773096838267
2013-08-20,0.0,0.0,0.0,0.0,0.0,0.0,0.24646221940243707,0.2778604709137363,0.0,0.4756773096838267
2013-08-21,0.0,0.0,0.0,0.0,0.0,0.0,0.24646221940243707,0.2778604709137363,0.0,0.4756773096838267
2013-08-22,0.0,0.0,0.0,0.0,0.0,0.0,0.24646221940243707,0.2778604709137363,0.0,0.4756773096838267
2013-08-23,0.0,0.0,0.0,0.0,0.0,0.0,0.24646221940243707,0.2778604709137363,0.0,0.4756773096838267
2013-08-26,0.0,0.0,0.0,0.0,0.0,0.0,0.24646221940243707,0.2778604709137363,0.0,0.4756773096838267
2013-08-27,0.0,0.0,0.0,0.0,0.0,0.0,0.24646221940243707,0.2778604709137363,0.0,0.4756773096838267
2013-08-28,0.0,0.0,0.0,0.0,0.0,0.0,0.24646221940243707,0.2778604709137363,0.0,0.4756773096838267
2013-08-29,0.0,0.0,0.0,0.0,0.0,0.0,0.24646221940243707,0.2778604709137363,0.0,0.4756773096838267
2013-08-30,0.0,0.0,0.0,0.0,0.3206544581877236,0.0,0.30758308014691615,0.3717624616653603,0.0,0.0
2013-09-03,0.0,0.0,0.0,0.0,0.3206544581877236,0.0,0.30758308014691615,0.3717624616653603,0.0,0.0
2013-09-04,0.0,0.0,0.0,0.0,0.3206544581877236,0.0,0.30758308014691615,0.3717624616653603,0.0,0.0
2013-09-05,0.0,0.0,0.0,0.0,0.3206544581877236,0.0,0.30758308014691615,0.3717624616653603,0.0,0.0
2013-09-06,0.0,0.0,0.0,0.0,0.3206544581877236,0.0,0.30758308014691615,0.3717624616653603,0.0,0.0
2013-09-09,0.0,0.0,0.0,0.0,0.3206544581877236,0.0,0.30758308014691615,0.3717624616653603,0.0,0.0
2013-09-10,0.0,0.0,0.0,0.0,0.3206544581877236,0.0,0.30758308014691615,0.3717624616653603,0.0,0.0
2013-09-11,0.0,0.0,0.0,0.0,0.3206544581877236,0.0,0.30758308014691615,0.3717624616653603,0.0,0.0
2013-09-12,0.0,0.0,0.0,0.0,0.3206544581877236,0.0,0.30758308014691615,0.3717624616653603,0.0,0.0
2013-09-13,0.0,0.0,0.0,0.0,0.3206544581877236,0.0,0.30758308014691615,0.3717624616653603,0.0,0.0
2013-09-16,0.0,0.0,0.0,0.0,0.3206544581877236,0.0,0.30758308014691615,0.3717624616653603,0.0,0.0
2013-09-17,0.0,0.0,0.0,0.0,0.3206544581877236,0.0,0.30758308014691615,0.3717624616653603,0.0,0.0
2013-09-18,0.0,0.0,0.0,0.0,0.3206544581877236,0.0,0.30758308014691615,0.3717624616653603,0.0,0.0
2013-09-19,0.0,0.0,0.0,0.0,0.3206544581877236,0.0,0.30758308014691615,0.3717624616653603,0.0,0.0
2013-09-20,0.0,0.0,0.0,0.0,0.3206544581877236,0.0,0.30758308014691615,0.3717624616653603,0.0,0.0
2013-09-23,0.0,0.0,0.0,0.0,0.3206544581877236,0.0,0.30758308014691615,0.3717624616653603,0.0,0.0
2013-09-24,0.0,0.0,0.0,0.0,0.3206544581877236,0.0,0.30758308014691615,0.3717624616653603,0.0,0.0
2013-09-25,0.0,0.0,0.0,0.0,0.3206544581877236,0.0,0.30758308014691615,0.3717624616653603,0.0,0.0
2013-09-26,0.0,0.0,0.0,0.0,0.3206544581877236,0.0,0.30758308014691615,0.3717624616653603,0.0,0.0
2013-09-27,0.0,0.0,0.0,0.0,0.3206544581877236,0.0,0.30758308014691615,0.3717624616653603,0.0,0.0
2013-09-30,0.0,0.0,0.0,0.0,0.2640106590006795,0.0,0.24970607412819468,0.0,0.48628326687112583,0.0
2013-10-01,0.0,0.0,0.0,0.0,0.2640106590006795,0.0,0.24970607412819468,0.0,0.48628326687112583,0.0
2013-10-02,0.0,0.0,0.0,0.0,0.2640106590006795,0.0,0.24970607412819468,0.0,0.48628326687112583,0.0
2013-10-03,0.0,0.0,0.0,0.0,0.2640106590006795,0.0,0.24970607412819468,0.0,0.48628326687112583,0.0
2013-10-04,0.0,0.0,0.0,0.0,0.2640106590006795,0.0,0.24970607412819468,0.0,0.48628326687112583,0.0
2013-10-07,0.0,0.0,0.0,0.0,0.2640106590006795,0.0,0.24970607412819468,0.0,0.48628326687112583,0.0
2013-10-08,0.0,0.0,0.0,0.0,0.2640106590006795,0.0,0.24970607412819468,0.0,0.48628326687112583,0.0
2013-10-09,0.0,0.0,0.0,0.0,0.2640106590006795,0.0,0.24970607412819468,0.0,0.48628326687112583,0.0
2013-10-10,0.0,0.0,0.0,0.0,0.2640106590006795,0.0,0.24970607412819468,0.0,0.48628326687112583,0.0
2013-10-11,0.0,0.0,0.0,0.0,0.2640106590006795,0.0,0.24970607412819468,0.0,0.48628326687112583,0.0
2013-10-14,0.0,0.0,0.0,0.0,0.2640106590006795,0.0,0.24970607412819468,0.0,0.48628326687112583,0.0
2013-10-15,0.0,0.0,0.0,0.0,0.2640106590006795,0.0,0.24970607412819468,0.0,0.48628326687112583,0.0
2013-10-16,0.0,0.0,0.0,0.0,0.2640106590006795,0.0,0.24970607412819468,0.0,0.48628326687112583,0.0
2013-10-17,0.0,0.0,0.0,0.0,0.2640106590006795,0.0,0.24970607412819468,0.0,0.48628326687112583,0.0
2013-10-18,0.0,0.0,0.0,0.0,0.2640106590006795,0.0,0.24970607412819468,0.0,0.48628326687112583,0.0
2013-10-21,0.0,0.0,0.0,0.0,0.2640106590006795,0.0,0.24970607412819468,0.0,0.48628326687112583,0.0
2013-10-22,0.0,0.0,0.0,0.0,0.2640106590006795,0.0,0.24970607412819468,0.0,0.48628326687112583,0.0
2013-10-23,0.0,0.0,0.0,0.0,0.2640106590006795,0.0,0.24970607412819468,0.0,0.48628326687112583,0.0
2013-10-24,0.0,0.0,0.0,0.0,0.2640106590006795,0.0,0.24970607412819468,0.0,0.48628326687112583,0.0
2013-10-25,0.0,0.0,0.0,0.0,0.2640106590006795,0.0,0.24970607412819468,0.0,0.48628326687112583,0.0
2013-10-28,0.0,0.0,0.0,0.0,0.2640106590006795,0.0,0.24970607412819468,0.0,0.48628326687112583,0.0
2013-10-29,0.0,0.0,0.0,0.0,0.2640106590006795,0.0,0.24970607412819468,0.0,0.48628326687112583,0.0
2013-10-30,0.0,0.0,0.0,0.0,0.2640106590006795,0.0,0.24970607412819468,0.0,0.48628326687112583,0.0
2013-10-31,0.0,0.0,0.0,0.0,0.3068994043786874,0.0,0.3228232985615821,0.3702772970597305,0.0,0.0
2013-11-01,0.0,0.0,0.0,0.0,0.3068994043786874,0.0,0.3228232985615821,0.3702772970597305,0.0,0.0
2013-11-04,0.0,0.0,0.0,0.0,0.3068994043786874,0.0,0.3228232985615821,0.3702772970597305,0.0,0.0
2013-11-05,0.0,0.0,0.0,0.0,0.3068994043786874,0.0,0.3228232985615821,0.3702772970597305,0.0,0.0
2013-11-06,0.0,0.0,0.0,0.0,0.3068994043786874,0.0,0.3228232985615821,0.3702772970597305,0.0,0.0
2013-11-07,0.0,0.0,0.0,0.0,0.3068994043786874,0.0,0.3228232985615821,0.3702772970597305,0.0,0.0
2013-11-08,0.0,0.0,0.0,0.0,0.3068994043786874,0.0,0.3228232985615821,0.3702772970597305,0.0,0.0
2013-11-11,0.0,0.0,0.0,0.0,0.3068994043786874,0.0,0.3228232985615821,0.3702772970597305,0.0,0.0
2013-11-12,0.0,0.0,0.0,0.0,0.3068994043786874,0.0,0.3228232985615821,0.3702772970597305,0.0,0.0
2013-11-13,0.0,0.0,0.0,0.0,0.3068994043786874,0.0,0.3228232985615821,0.3702772970597305,0.0,0.0
2013-11-14,0.0,0.0,0.0,0.0,0.3068994043786874,0.0,0.3228232985615821,0.3702772970597305,0.0,0.0
2013-11-15,0.0,0.0,0.0,0.0,0.3068994043786874,0.0,0.3228232985615821,0.3702772970597305,0.0,0.0
2013-11-18,0.0,0.0,0.0,0.0,0.3068994043786874,0.0,0.3228232985615821,0.3702772970597305,0.0,0.0
2013-11-19,0.0,0.0,0.0,0.0,0.3068994043786874,0.0,0.3228232985615821,0.3702772970597305,0.0,0.0
2013-11-20,0.0,0.0,0.0,0.0,0.3068994043786874,0.0,0.3228232985615821,0.3702772970597305,0.0,0.0
2013-11-21,0.0,0.0,0.0,0.0,0.3068994043786874,0.0,0.3228232985615821,0.3702772970597305,0.0,0.0
2013-11-22,0.0,0.0,0.0,0.0,0.3068994043786874,0.0,0.3228232985615821,0.3702772970597305,0.0,0.0
2013-11-25,0.0,0.0,0.0,0.0,0.3068994043786874,0.0,0.3228232985615821,0.3702772970597305,0.0,0.0
2013-11-26,0.0,0.0,0.0,0.0,0.3068994043786874,0.0,0.3228232985615821,0.3702772970597305,0.0,0.0
2013-11-27,0.0,0.0,0.0,0.0,0.3068994043786874,0.0,0.3228232985615821,0.3702772970597305,0.0,0.0
2013-11-29,0.0,0.0,0.0,0.0,0.0,0.0,0.2478445912930406,0.28834322567215165,0.0,0.4638121830348078
2013-12-02,0.0,0.0,0.0,0.0,0.0,0.0,0.2478445912930406,0.28834322567215165,0.0,0.4638121830348078
2013-12-03,0.0,0.0,0.0,0.0,0.0,0.0,0.2478445912930406,0.28834322567215165,0.0,0.4638121830348078
2013-12-04,0.0,0.0,0.0,0.0,0.0,0.0,0.2478445912930406,0.28834322567215165,0.0,0.4638121830348078
2013-12-05,0.0,0.0,0.0,0.0,0.0,0.0,0.2478445912930406,0.28834322567215165,0.0,0.4638121830348078
2013-12-06,0.0,0.0,0.0,0.0,0.0,0.0,0.2478445912930406,0.28834322567215165,0.0,0.4638121830348078
2013-12-09,0.0,0.0,0.0,0.0,0.0,0.0,0.2478445912930406,0.28834322567215165,0.0,0.4638121830348078
2013-12-10,0.0,0.0,0.0,0.0,0.0,0.0,0.2478445912930406,0.28834322567215165,0.0,0.4638121830348078
2013-12-11,0.0,0.0,0.0,0.0,0.0,0.0,0.2478445912930406,0.28834322567215165,0.0,0.4638121830348078
2013-12-12,0.0,0.0,0.0,0.0,0.0,0.0,0.2478445912930406,0.28834322567215165,0.0,0.4638121830348078
2013-12-13,0.0,0.0,0.0,0.0,0.0,0.0,0.2478445912930406,0.28834322567215165,0.0,0.4638121830348078
2013-12-16,0.0,0.0,0.0,0.0,0.0,0.0,0.2478445912930406,0.28834322567215165,0.0,0.4638121830348078
2013-12-17,0.0,0.0,0.0,0.0,0.0,0.0,0.2478445912930406,0.28834322567215165,0.0,0.4638121830348078
2013-12-18,0.0,0.0,0.0,0.0,0.0,0.0,0.2478445912930406,0.28834322567215165,0.0,0.4638121830348078
2013-12-19,0.0,0.0,0.0,0.0,0.0,0.0,0.2478445912930406,0.28834322567215165,0.0,0.4638121830348078
2013-12-20,0.0,0.0,0.0,0.0,0.0,0.0,0.2478445912930406,0.28834322567215165,0.0,0.4638121830348078
2013-12-23,0.0,0.0,0.0,0.0,0.0,0.0,0.2478445912930406,0.28834322567215165,0.0,0.4638121830348078
2013-12-24,0.0,0.0,0.0,0.0,0.0,0.0,0.2478445912930406,0.28834322567215165,0.0,0.4638121830348078
2013-12-26,0.0,0.0,0.0,0.0,0.0,0.0,0.2478445912930406,0.28834322567215165,0.0,0.4638121830348078
2013-12-27,0.0,0.0,0.0,0.0,0.0,0.0,0.2478445912930406,0.28834322567215165,0.0,0.4638121830348078
2013-12-30,0.0,0.0,0.0,0.0,0.0,0.0,0.2478445912930406,0.28834322567215165,0.0,0.4638121830348078
2013-12-31,0.0,0.0,0.0,0.0,0.0,0.3789414096037704,0.0,0.29160698281832503,0.32945160757790454,0.0
2014-01-02,0.0,0.0,0.0,0.0,0.0,0.3789414096037704,0.0,0.29160698281832503,0.32945160757790454,0.0
2014-01-03,0.0,0.0,0.0,0.0,0.0,0.3789414096037704,0.0,0.29160698281832503,0.32945160757790454,0.0
2014-01-06,0.0,0.0,0.0,0.0,0.0,0.3789414096037704,0.0,0.29160698281832503,0.32945160757790454,0.0
2014-01-07,0.0,0.0,0.0,0.0,0.0,0.3789414096037704,0.0,0.29160698281832503,0.32945160757790454,0.0
2014-01-08,0.0,0.0,0.0,0.0,0.0,0.3789414096037704,0.0,0.29160698281832503,0.32945160757790454,0.0
2014-01-09,0.0,0.0,0.0,0.0,0.0,0.3789414096037704,0.0,0.29160698281832503,0.32945160757790454,0.0
2014-01-10,0.0,0.0,0.0,0.0,0.0,0.3789414096037704,0.0,0.29160698281832503,0.32945160757790454,0.0
2014-01-13,0.0,0.0,0.0,0.0,0.0,0.3789414096037704,0.0,0.29160698281832503,0.32945160757790454,0.0
2014-01-14,0.0,0.0,0.0,0.0,0.0,0.3789414096037704,0.0,0.29160698281832503,0.32945160757790454,0.0
2014-01-15,0.0,0.0,0.0,0.0,0.0,0.3789414096037704,0.0,0.29160698281832503,0.32945160757790454,0.0
2014-01-16,0.0,0.0,0.0,0.0,0.0,0.3789414096037704,0.0,0.29160698281832503,0.32945160757790454,0.0
2014-01-17,0.0,0.0,0.0,0.0,0.0,0.3789414096037704,0.0,0.29160698281832503,0.32945160757790454,0.0
2014-01-21,0.0,0.0,0.0,0.0,0.0,0.3789414096037704,0.0,0.29160698281832503,0.32945160757790454,0.0
2014-01-22,0.0,0.0,0.0,0.0,0.0,0.3789414096037704,0.0,0.29160698281832503,0.32945160757790454,0.0
2014-01-23,0.0,0.0,0.0,0.0,0.0,0.3789414096037704,0.0,0.29160698281832503,0.32945160757790454,0.0
2014-01-24,0.0,0.0,0.0,0.0,0.0,0.3789414096037704,0.0,0.29160698281832503,0.32945160757790454,0.0
2014-01-27,0.0,0.0,0.0,0.0,0.0,0.3789414096037704,0.0,0.29160698281832503,0.32945160757790454,0.0
2014-01-28,0.0,0.0,0.0,0.0,0.0,0.3789414096037704,0.0,0.29160698281832503,0.32945160757790454,0.0
2014-01-29,0.0,0.0,0.0,0.0,0.0,0.3789414096037704,0.0,0.29160698281832503,0.32945160757790454,0.0
2014-01-30,0.0,0.0,0.0,0.0,0.0,0.3789414096037704,0.0,0.29160698281832503,0.32945160757790454,0.0
2014-01-31,0.0,0.0,0.0,0.0,0.0,0.33872691627851836,0.0,0.33515347125815836,0.32611961246332327,0.0
2014-02-03,0.0,0.0,0.0,0.0,0.0,0.33872691627851836,0.0,0.33515347125815836,0.32611961246332327,0.0
2014-02-04,0.0,0.0,0.0,0.0,0.0,0.33872691627851836,0.0,0.33515347125815836,0.32611961246332327,0.0
2014-02-05,0.0,0.0,0.0,0.0,0.0,0.33872691627851836,0.0,0.33515347125815836,0.32611961246332327,0.0
2014-02-06,0.0,0.0,0.0,0.0,0.0,0.33872691627851836,0.0,0.33515347125815836,0.32611961246332327,0.0
2014-02-07,0.0,0.0,0.0,0.0,0.0,0.33872691627851836,0.0,0.33515347125815836,0.32611961246332327,0.0
2014-02-10,0.0,0.0,0.0,0.0,0.0,0.33872691627851836,0.0,0.33515347125815836,0.32611961246332327,0.0
2014-02-11,0.0,0.0,0.0,0.0,0.0,0.33872691627851836,0.0,0.33515347125815836,0.32611961246332327,0.0
2014-02-12,0.0,0.0,0.0,0.0,0.0,0.33872691627851836,0.0,0.33515347125815836,0.32611961246332327,0.0
2014-02-13,0.0,0.0,0.0,0.0,0.0,0.33872691627851836,0.0,0.33515347125815836,0.32611961246332327,0.0
2014-02-14,0.0,0.0,0.0,0.0,0.0,0.33872691627851836,0.0,0.33515347125815836,0.32611961246332327,0.0
2014-02-18,0.0,0.0,0.0,0.0,0.0,0.33872691627851836,0.0,0.33515347125815836,0.32611961246332327,0.0
2014-02-19,0.0,0.0,0.0,0.0,0.0,0.33872691627851836,0.0,0.33515347125815836,0.32611961246332327,0.0
2014-02-20,0.0,0.0,0.0,0.0,0.0,0.33872691627851836,0.0,0.33515347125815836,0.32611961246332327,0.0
2014-02-21,0.0,0.0,0.0,0.0,0.0,0.33872691627851836,0.0,0.33515347125815836,0.32611961246332327,0.0
2014-02-24,0.0,0.0,0.0,0.0,0.0,0.33872691627851836,0.0,0.33515347125815836,0.32611961246332327,0.0
2014-02-25,0.0,0.0,0.0,0.0,0.0,0.33872691627851836,0.0,0.33515347125815836,0.32611961246332327,0.0
2014-02-26,0.0,0.0,0.0,0.0,0.0,0.33872691627851836,0.0,0.33515347125815836,0.32611961246332327,0.0
2014-02-27,0.0,0.0,0.0,0.0,0.0,0.33872691627851836,0.0,0.33515347125815836,0.32611961246332327,0.0
2014-02-28,0.0,0.0,0.0,0.0,0.0,0.31431731732769713,0.0,0.3682171624475226,0.31746552022478036,0.0
2014-03-03,0.0,0.0,0.0,0.0,0.0,0.31431731732769713,0.0,0.3682171624475226,0.31746552022478036,0.0
2014-03-04,0.0,0.0,0.0,0.0,0.0,0.31431731732769713,0.0,0.3682171624475226,0.31746552022478036,0.0
2014-03-05,0.0,0.0,0.0,0.0,0.0,0.31431731732769713,0.0,0.3682171624475226,0.31746552022478036,0.0
2014-03-06,0.0,0.0,0.0,0.0,0.0,0.31431731732769713,0.0,0.3682171624475226,0.31746552022478036,0.0
2014-03-07,0.0,0.0,0.0,0.0,0.0,0.31431731732769713,0.0,0.3682171624475226,0.31746552022478036,0.0
2014-03-10,0.0,0.0,0.0,0.0,0.0,0.31431731732769713,0.0,0.3682171624475226,0.31746552022478036,0.0
2014-03-11,0.0,0.0,0.0,0.0,0.0,0.31431731732769713,0.0,0.3682171624475226,0.31746552022478036,0.0
2014-03-12,0.0,0.0,0.0,0.0,0.0,0.31431731732769713,0.0,0.3682171624475226,0.31746552022478036,0.0
2014-03-13,0.0,0.0,0.0,0.0,0.0,0.31431731732769713,0.0,0.3682171624475226,0.31746552022478036,0.0
2014-03-14,0.0,0.0,0.0,0.0,0.0,0.31431731732769713,0.0,0.3682171624475226,0.31746552022478036,0.0
2014-03-17,0.0,0.0,0.0,0.0,0.0,0.31431731732769713,0.0,0.3682171624475226,0.31746552022478036,0.0
2014-03-18,0.0,0.0,0.0,0.0,0.0,0.31431731732769713,0.0,0.3682171624475226,0.31746552022478036,0.0
2014-03-19,0.0,0.0,0.0,0.0,0.0,0.31431731732769713,0.0,0.3682171624475226,0.31746552022478036,0.0
2014-03-20,0.0,0.0,0.0,0.0,0.0,0.31431731732769713,0.0,0.3682171624475226,0.31746552022478036,0.0
2014-03-21,0.0,0.0,0.0,0.0,0.0,0.31431731732769713,0.0,0.3682171624475226,0.31746552022478036,0.0
2014-03-24,0.0,0.0,0.0,0.0,0.0,0.31431731732769713,0.0,0.3682171624475226,0.31746552022478036,0.0
2014-03-25,0.0,0.0,0.0,0.0,0.0,0.31431731732769713,0.0,0.3682171624475226,0.31746552022478036,0.0
2014-03-26,0.0,0.0,0.0,0.0,0.0,0.31431731732769713,0.0,0.3682171624475226,0.31746552022478036,0.0
2014-03-27,0.0,0.0,0.0,0.0,0.0,0.31431731732769713,0.0,0.3682171624475226,0.31746552022478036,0.0
2014-03-28,0.0,0.0,0.0,0.0,0.0,0.31431731732769713,0.0,0.3682171624475226,0.31746552022478036,0.0
2014-03-31,0.0,0.0,0.2797741895692509,0.0,0.0,0.0,0.0,0.394343266505902,0.3258825439248471,0.0
2014-04-01,0.0,0.0,0.2797741895692509,0.0,0.0,0.0,0.0,0.394343266505902,0.3258825439248471,0.0
2014-04-02,0.0,0.0,0.2797741895692509,0.0,0.0,0.0,0.0,0.394343266505902,0.3258825439248471,0.0
2014-04-03,0.0,0.0,0.2797741895692509,0.0,0.0,0.0,0.0,0.394343266505902,0.3258825439248471,0.0
2014-04-04,0.0,0.0,0.2797741895692509,0.0,0.0,0.0,0.0,0.394343266505902,0.3258825439248471,0.0
2014-04-07,0.0,0.0,0.2797741895692509,0.0,0.0,0.0,0.0,0.394343266505902,0.3258825439248471,0.0
2014-04-08,0.0,0.0,0.2797741895692509,0.0,0.0,0.0,0.0,0.394343266505902,0.3258825439248471,0.0
2014-04-09,0.0,0.0,0.2797741895692509,0.0,0.0,0.0,0.0,0.394343266505902,0.3258825439248471,0.0
2014-04-10,0.0,0.0,0.2797741895692509,0.0,0.0,0.0,0.0,0.394343266505902,0.3258825439248471,0.0
2014-04-11,0.0,0.0,0.2797741895692509,0.0,0.0,0.0,0.0,0.394343266505902,0.3258825439248471,0.0
2014-04-14,0.0,0.0,0.2797741895692509,0.0,0.0,0.0,0.0,0.394343266505902,0.3258825439248471,0.0
2014-04-15,0.0,0.0,0.2797741895692509,0.0,0.0,0.0,0.0,0.394343266505902,0.3258825439248471,0.0
2014-04-16,0.0,0.0,0.2797741895692509,0.0,0.0,0.0,0.0,0.394343266505902,0.3258825439248471,0.0
2014-04-17,0.0,0.0,0.2797741895692509,0.0,0.0,0.0,0.0,0.394343266505902,0.3258825439248471,0.0
2014-04-21,0.0,0.0,0.2797741895692509,0.0,0.0,0.0,0.0,0.394343266505902,0.3258825439248471,0.0
2014-04-22,0.0,0.0,0.2797741895692509,0.0,0.0,0.0,0.0,0.394343266505902,0.3258825439248471,0.0
2014-04-23,0.0,0.0,0.2797741895692509,0.0,0.0,0.0,0.0,0.394343266505902,0.3258825439248471,0.0
2014-04-24,0.0,0.0,0.2797741895692509,0.0,0.0,0.0,0.0,0.394343266505902,0.3258825439248471,0.0
2014-04-25,0.0,0.0,0.2797741895692509,0.0,0.0,0.0,0.0,0.394343266505902,0.3258825439248471,0.0
2014-04-28,0.0,0.0,0.2797741895692509,0.0,0.0,0.0,0.0,0.394343266505902,0.3258825439248471,0.0
2014-04-29,0.0,0.0,0.2797741895692509,0.0,0.0,0.0,0.0,0.394343266505902,0.3258825439248471,0.0
2014-04-30,0.0,0.28904668555852864,0.2724735338918157,0.0,0.0,0.0,0.0,0.43847978054965575,0.0,0.0
2014-05-01,0.0,0.28904668555852864,0.2724735338918157,0.0,0.0,0.0,0.0,0.43847978054965575,0.0,0.0
2014-05-02,0.0,0.28904668555852864,0.2724735338918157,0.0,0.0,0.0,0.0,0.43847978054965575,0.0,0.0
2014-05-05,0.0,0.28904668555852864,0.2724735338918157,0.0,0.0,0.0,0.0,0.43847978054965575,0.0,0.0
2014-05-06,0.0,0.28904668555852864,0.2724735338918157,0.0,0.0,0.0,0.0,0.43847978054965575,0.0,0.0
2014-05-07,0.0,0.28904668555852864,0.2724735338918157,0.0,0.0,0.0,0.0,0.43847978054965575,0.0,0.0
2014-05-08,0.0,0.28904668555852864,0.2724735338918157,0.0,0.0,0.0,0.0,0.43847978054965575,0.0,0.0
2014-05-09,0.0,0.28904668555852864,0.2724735338918157,0.0,0.0,0.0,0.0,0.43847978054965575,0.0,0.0
2014-05-12,0.0,0.28904668555852864,0.2724735338918157,0.0,0.0,0.0,0.0,0.43847978054965575,0.0,0.0
2014-05-13,0.0,0.28904668555852864,0.2724735338918157,0.0,0.0,0.0,0.0,0.43847978054965575,0.0,0.0
2014-05-14,0.0,0.28904668555852864,0.2724735338918157,0.0,0.0,0.0,0.0,0.43847978054965575,0.0,0.0
2014-05-15,0.0,0.28904668555852864,0.2724735338918157,0.0,0.0,0.0,0.0,0.43847978054965575,0.0,0.0
2014-05-16,0.0,0.28904668555852864,0.2724735338918157,0.0,0.0,0.0,0.0,0.43847978054965575,0.0,0.0
2014-05-19,0.0,0.28904668555852864,0.2724735338918157,0.0,0.0,0.0,0.0,0.43847978054965575,0.0,0.0
2014-05-20,0.0,0.28904668555852864,0.2724735338918157,0.0,0.0,0.0,0.0,0.43847978054965575,0.0,0.0
2014-05-21,0.0,0.28904668555852864,0.2724735338918157,0.0,0.0,0.0,0.0,0.43847978054965575,0.0,0.0
2014-05-22,0.0,0.28904668555852864,0.2724735338918157,0.0,0.0,0.0,0.0,0.43847978054965575,0.0,0.0
2014-05-23,0.0,0.28904668555852864,0.2724735338918157,0.0,0.0,0.0,0.0,0.43847978054965575,0.0,0.0
2014-05-27,0.0,0.28904668555852864,0.2724735338918157,0.0,0.0,0.0,0.0,0.43847978054965575,0.0,0.0
2014-05-28,0.0,0.28904668555852864,0.2724735338918157,0.0,0.0,0.0,0.0,0.43847978054965575,0.0,0.0
2014-05-29,0.0,0.28904668555852864,0.2724735338918157,0.0,0.0,0.0,0.0,0.43847978054965575,0.0,0.0
2014-05-30,0.0,0.0,0.22675854874521992,0.3852795144173589,0.0,0.0,0.0,0.38796193683742125,0.0,0.0
2014-06-02,0.0,0.0,0.22675854874521992,0.3852795144173589,0.0,0.0,0.0,0.38796193683742125,0.0,0.0
2014-06-03,0.0,0.0,0.22675854874521992,0.3852795144173589,0.0,0.0,0.0,0.38796193683742125,0.0,0.0
2014-06-04,0.0,0.0,0.22675854874521992,0.3852795144173589,0.0,0.0,0.0,0.38796193683742125,0.0,0.0
2014-06-05,0.0,0.0,0.22675854874521992,0.3852795144173589,0.0,0.0,0.0,0.38796193683742125,0.0,0.0
2014-06-06,0.0,0.0,0.22675854874521992,0.3852795144173589,0.0,0.0,0.0,0.38796193683742125,0.0,0.0
2014-06-09,0.0,0.0,0.22675854874521992,0.3852795144173589,0.0,0.0,0.0,0.38796193683742125,0.0,0.0
2014-06-10,0.0,0.0,0.22675854874521992,0.3852795144173589,0.0,0.0,0.0,0.38796193683742125,0.0,0.0
2014-06-11,0.0,0.0,0.22675854874521992,0.3852795144173589,0.0,0.0,0.0,0.38796193683742125,0.0,0.0
2014-06-12,0.0,0.0,0.22675854874521992,0.3852795144173589,0.0,0.0,0.0,0.38796193683742125,0.0,0.0
2014-06-13,0.0,0.0,0.22675854874521992,0.3852795144173589,0.0,0.0,0.0,0.38796193683742125,0.0,0.0
2014-06-16,0.0,0.0,0.22675854874521992,0.3852795144173589,0.0,0.0,0.0,0.38796193683742125,0.0,0.0
2014-06-17,0.0,0.0,0.22675854874521992,0.3852795144173589,0.0,0.0,0.0,0.38796193683742125,0.0,0.0
2014-06-18,0.0,0.0,0.22675854874521992,0.3852795144173589,0.0,0.0,0.0,0.38796193683742125,0.0,0.0
2014-06-19,0.0,0.0,0.22675854874521992,0.3852795144173589,0.0,0.0,0.0,0.38796193683742125,0.0,0.0
2014-06-20,0.0,0.0,0.22675854874521992,0.3852795144173589,0.0,0.0,0.0,0.38796193683742125,0.0,0.0
2014-06-23,0.0,0.0,0.22675854874521992,0.3852795144173589,0.0,0.0,0.0,0.38796193683742125,0.0,0.0
2014-06-24,0.0,0.0,0.22675854874521992,0.3852795144173589,0.0,0.0,0.0,0.38796193683742125,0.0,0.0
2014-06-25,0.0,0.0,0.22675854874521992,0.3852795144173589,0.0,0.0,0.0,0.38796193683742125,0.0,0.0
2014-06-26,0.0,0.0,0.22675854874521992,0.3852795144173589,0.0,0.0,0.0,0.38796193683742125,0.0,0.0
2014-06-27,0.0,0.0,0.22675854874521992,0.3852795144173589,0.0,0.0,0.0,0.38796193683742125,0.0,0.0
2014-06-30,0.0,0.0,0.0,0.3406014929161529,0.0,0.0,0.29376785210444106,0.365630654979406,0.0,0.0
2014-07-01,0.0,0.0,0.0,0.3406014929161529,0.0,0.0,0.29376785210444106,0.365630654979406,0.0,0.0
2014-07-02,0.0,0.0,0.0,0.3406014929161529,0.0,0.0,0.29376785210444106,0.365630654979406,0.0,0.0
2014-07-03,0.0,0.0,0.0,0.3406014929161529,0.0,0.0,0.29376785210444106,0.365630654979406,0.0,0.0
2014-07-07,0.0,0.0,0.0,0.3406014929161529,0.0,0.0,0.29376785210444106,0.365630654979406,0.0,0.0
2014-07-08,0.0,0.0,0.0,0.3406014929161529,0.0,0.0,0.29376785210444106,0.365630654979406,0.0,0.0
2014-07-09,0.0,0.0,0.0,0.3406014929161529,0.0,0.0,0.29376785210444106,0.365630654979406,0.0,0.0
2014-07-10,0.0,0.0,0.0,0.3406014929161529,0.0,0.0,0.29376785210444106,0.365630654979406,0.0,0.0
2014-07-11,0.0,0.0,0.0,0.3406014929161529,0.0,0.0,0.29376785210444106,0.365630654979406,0.0,0.0
2014-07-14,0.0,0.0,0.0,0.3406014929161529,0.0,0.0,0.29376785210444106,0.365630654979406,0.0,0.0
2014-07-15,0.0,0.0,0.0,0.3406014929161529,0.0,0.0,0.29376785210444106,0.365630654979406,0.0,0.0
2014-07-16,0.0,0.0,0.0,0.3406014929161529,0.0,0.0,0.29376785210444106,0.365630654979406,0.0,0.0
2014-07-17,0.0,0.0,0.0,0.3406014929161529,0.0,0.0,0.29376785210444106,0.365630654979406,0.0,0.0
2014-07-18,0.0,0.0,0.0,0.3406014929161529,0.0,0.0,0.29376785210444106,0.365630654979406,0.0,0.0
2014-07-21,0.0,0.0,0.0,0.3406014929161529,0.0,0.0,0.29376785210444106,0.365630654979406,0.0,0.0
2014-07-22,0.0,0.0,0.0,0.3406014929161529,0.0,0.0,0.29376785210444106,0.365630654979406,0.0,0.0
2014-07-23,0.0,0.0,0.0,0.3406014929161529,0.0,0.0,0.29376785210444106,0.365630654979406,0.0,0.0
2014-07-24,0.0,0.0,0.0,0.3406014929161529,0.0,0.0,0.29376785210444106,0.365630654979406,0.0,0.0
2014-07-25,0.0,0.0,0.0,0.3406014929161529,0.0,0.0,0.29376785210444106,0.365630654979406,0.0,0.0
2014-07-28,0.0,0.0,0.0,0.3406014929161529,0.0,0.0,0.29376785210444106,0.365630654979406,0.0,0.0
2014-07-29,0.0,0.0,0.0,0.3406014929161529,0.0,0.0,0.29376785210444106,0.365630654979406,0.0,0.0
2014-07-30,0.0,0.0,0.0,0.3406014929161529,0.0,0.0,0.29376785210444106,0.365630654979406,0.0,0.0
2014-07-31,0.404950763978047,0.0,0.225476631856652,0.0,0.0,0.0,0.0,0.36957260416530086,0.0,0.0
2014-08-01,0.404950763978047,0.0,0.225476631856652,0.0,0.0,0.0,0.0,0.36957260416530086,0.0,0.0
2014-08-04,0.404950763978047,0.0,0.225476631856652,0.0,0.0,0.0,0.0,0.36957260416530086,0.0,0.0
2014-08-05,0.404950763978047,0.0,0.225476631856652,0.0,0.0,0.0,0.0,0.36957260416530086,0.0,0.0
2014-08-06,0.404950763978047,0.0,0.225476631856652,0.0,0.0,0.0,0.0,0.36957260416530086,0.0,0.0
2014-08-07,0.404950763978047,0.0,0.225476631856652,0.0,0.0,0.0,0.0,0.36957260416530086,0.0,0.0
2014-08-08,0.404950763978047,0.0,0.225476631856652,0.0,0.0,0.0,0.0,0.36957260416530086,0.0,0.0
2014-08-11,0.404950763978047,0.0,0.225476631856652,0.0,0.0,0.0,0.0,0.36957260416530086,0.0,0.0
2014-08-12,0.404950763978047,0.0,0.225476631856652,0.0,0.0,0.0,0.0,0.36957260416530086,0.0,0.0
2014-08-13,0.404950763978047,0.0,0.225476631856652,0.0,0.0,0.0,0.0,0.36957260416530086,0.0,0.0
2014-08-14,0.404950763978047,0.0,0.225476631856652,0.0,0.0,0.0,0.0,0.36957260416530086,0.0,0.0
2014-08-15,0.404950763978047,0.0,0.225476631856652,0.0,0.0,0.0,0.0,0.36957260416530086,0.0,0.0
2014-08-18,0.404950763978047,0.0,0.225476631856652,0.0,0.0,0.0,0.0,0.36957260416530086,0.0,0.0
2014-08-19,0.404950763978047,0.0,0.225476631856652,0.0,0.0,0.0,0.0,0.36957260416530086,0.0,0.0
2014-08-20,0.404950763978047,0.0,0.225476631856652,0.0,0.0,0.0,0.0,0.36957260416530086,0.0,0.0
2014-08-21,0.404950763978047,0.0,0.225476631856652,0.0,0.0,0.0,0.0,0.36957260416530086,0.0,0.0
2014-08-22,0.404950763978047,0.0,0.225476631856652,0.0,0.0,0.0,0.0,0.36957260416530086,0.0,0.0
2014-08-25,0.404950763978047,0.0,0.225476631856652,0.0,0.0,0.0,0.0,0.36957260416530086,0.0,0.0
2014-08-26,0.404950763978047,0.0,0.225476631856652,0.0,0.0,0.0,0.0,0.36957260416530086,0.0,0.0
2014-08-27,0.404950763978047,0.0,0.225476631856652,0.0,0.0,0.0,0.0,0.36957260416530086,0.0,0.0
2014-08-28,0.404950763978047,0.0,0.225476631856652,0.0,0.0,0.0,0.0,0.36957260416530086,0.0,0.0
2014-08-29,0.0,0.0,0.26998819105770855,0.33958430604269946,0.0,0.3904275028995921,0.0,0.0,0.0,0.0
2014-09-02,0.0,0.0,0.26998819105770855,0.33958430604269946,0.0,0.3904275028995921,0.0,0.0,0.0,0.0
2014-09-03,0.0,0.0,0.26998819105770855,0.33958430604269946,0.0,0.3904275028995921,0.0,0.0,0.0,0.0
2014-09-04,0.0,0.0,0.26998819105770855,0.33958430604269946,0.0,0.3904275028995921,0.0,0.0,0.0,0.0
2014-09-05,0.0,0.0,0.26998819105770855,0.33958430604269946,0.0,0.3904275028995921,0.0,0.0,0.0,0.0
2014-09-08,0.0,0.0,0.26998819105770855,0.33958430604269946,0.0,0.3904275028995921,0.0,0.0,0.0,0.0
2014-09-09,0.0,0.0,0.26998819105770855,0.33958430604269946,0.0,0.3904275028995921,0.0,0.0,0.0,0.0
2014-09-10,0.0,0.0,0.26998819105770855,0.33958430604269946,0.0,0.3904275028995921,0.0,0.0,0.0,0.0
2014-09-11,0.0,0.0,0.26998819105770855,0.33958430604269946,0.0,0.3904275028995921,0.0,0.0,0.0,0.0
2014-09-12,0.0,0.0,0.26998819105770855,0.33958430604269946,0.0,0.3904275028995921,0.0,0.0,0.0,0.0
2014-09-15,0.0,0.0,0.26998819105770855,0.33958430604269946,0.0,0.3904275028995921,0.0,0.0,0.0,0.0
2014-09-16,0.0,0.0,0.26998819105770855,0.33958430604269946,0.0,0.3904275028995921,0.0,0.0,0.0,0.0
2014-09-17,0.0,0.0,0.26998819105770855,0.33958430604269946,0.0,0.3904275028995921,0.0,0.0,0.0,0.0
2014-09-18,0.0,0.0,0.26998819105770855,0.33958430604269946,0.0,0.3904275028995921,0.0,0.0,0.0,0.0
2014-09-19,0.0,0.0,0.26998819105770855,0.33958430604269946,0.0,0.3904275028995921,0.0,0.0,0.0,0.0
2014-09-22,0.0,0.0,0.26998819105770855,0.33958430604269946,0.0,0.3904275028995921,0.0,0.0,0.0,0.0
2014-09-23,0.0,0.0,0.26998819105770855,0.33958430604269946,0.0,0.3904275028995921,0.0,0.0,0.0,0.0
2014-09-24,0.0,0.0,0.26998819105770855,0.33958430604269946,0.0,0.3904275028995921,0.0,0.0,0.0,0.0
2014-09-25,0.0,0.0,0.26998819105770855,0.33958430604269946,0.0,0.3904275028995921,0.0,0.0,0.0,0.0
2014-09-26,0.0,0.0,0.26998819105770855,0.33958430604269946,0.0,0.3904275028995921,0.0,0.0,0.0,0.0
2014-09-29,0.0,0.0,0.26998819105770855,0.33958430604269946,0.0,0.3904275028995921,0.0,0.0,0.0,0.0
2014-09-30,0.0,0.0,0.0,0.0,0.0,0.0,0.30992523876981526,0.38191946938754484,0.3081552918426399,0.0
2014-10-01,0.0,0.0,0.0,0.0,0.0,0.0,0.30992523876981526,0.38191946938754484,0.3081552918426399,0.0
2014-10-02,0.0,0.0,0.0,0.0,0.0,0.0,0.30992523876981526,0.38191946938754484,0.3081552918426399,0.0
2014-10-03,0.0,0.0,0.0,0.0,0.0,0.0,0.30992523876981526,0.38191946938754484,0.3081552918426399,0.0
2014-10-06,0.0,0.0,0.0,0.0,0.0,0.0,0.30992523876981526,0.38191946938754484,0.3081552918426399,0.0
2014-10-07,0.0,0.0,0.0,0.0,0.0,0.0,0.30992523876981526,0.38191946938754484,0.3081552918426399,0.0
2014-10-08,0.0,0.0,0.0,0.0,0.0,0.0,0.30992523876981526,0.38191946938754484,0.3081552918426399,0.0
2014-10-09,0.0,0.0,0.0,0.0,0.0,0.0,0.30992523876981526,0.38191946938754484,0.3081552918426399,0.0
2014-10-10,0.0,0.0,0.0,0.0,0.0,0.0,0.30992523876981526,0.38191946938754484,0.3081552918426399,0.0
2014-10-13,0.0,0.0,0.0,0.0,0.0,0.0,0.30992523876981526,0.38191946938754484,0.3081552918426399,0.0
2014-10-14,0.0,0.0,0.0,0.0,0.0,0.0,0.30992523876981526,0.38191946938754484,0.3081552918426399,0.0
2014-10-15,0.0,0.0,0.0,0.0,0.0,0.0,0.30992523876981526,0.38191946938754484,0.3081552918426399,0.0
2014-10-16,0.0,0.0,0.0,0.0,0.0,0.0,0.30992523876981526,0.38191946938754484,0.3081552918426399,0.0
2014-10-17,0.0,0.0,0.0,0.0,0.0,0.0,0.30992523876981526,0.38191946938754484,0.3081552918426399,0.0
2014-10-20,0.0,0.0,0.0,0.0,0.0,0.0,0.30992523876981526,0.38191946938754484,0.3081552918426399,0.0
2014-10-21,0.0,0.0,0.0,0.0,0.0,0.0,0.30992523876981526,0.38191946938754484,0.3081552918426399,0.0
2014-10-22,0.0,0.0,0.0,0.0,0.0,0.0,0.30992523876981526,0.38191946938754484,0.3081552918426399,0.0
2014-10-23,0.0,0.0,0.0,0.0,0.0,0.0,0.30992523876981526,0.38191946938754484,0.3081552918426399,0.0
2014-10-24,0.0,0.0,0.0,0.0,0.0,0.0,0.30992523876981526,0.38191946938754484,0.3081552918426399,0.0
2014-10-27,0.0,0.0,0.0,0.0,0.0,0.0,0.30992523876981526,0.38191946938754484,0.3081552918426399,0.0
2014-10-28,0.0,0.0,0.0,0.0,0.0,0.0,0.30992523876981526,0.38191946938754484,0.3081552918426399,0.0
2014-10-29,0.0,0.0,0.0,0.0,0.0,0.0,0.30992523876981526,0.38191946938754484,0.3081552918426399,0.0
2014-10-30,0.0,0.0,0.0,0.0,0.0,0.0,0.30992523876981526,0.38191946938754484,0.3081552918426399,0.0
2014-10-31,0.3373959131131004,0.0,0.0,0.39203768562557956,0.0,0.0,0.27056640126132003,0.0,0.0,0.0
2014-11-03,0.3373959131131004,0.0,0.0,0.39203768562557956,0.0,0.0,0.27056640126132003,0.0,0.0,0.0
2014-11-04,0.3373959131131004,0.0,0.0,0.39203768562557956,0.0,0.0,0.27056640126132003,0.0,0.0,0.0
2014-11-05,0.3373959131131004,0.0,0.0,0.39203768562557956,0.0,0.0,0.27056640126132003,0.0,0.0,0.0
2014-11-06,0.3373959131131004,0.0,0.0,0.39203768562557956,0.0,0.0,0.27056640126132003,0.0,0.0,0.0
2014-11-07,0.3373959131131004,0.0,0.0,0.39203768562557956,0.0,0.0,0.27056640126132003,0.0,0.0,0.0
2014-11-10,0.3373959131131004,0.0,0.0,0.39203768562557956,0.0,0.0,0.27056640126132003,0.0,0.0,0.0
2014-11-11,0.3373959131131004,0.0,0.0,0.39203768562557956,0.0,0.0,0.27056640126132003,0.0,0.0,0.0
2014-11-12,0.3373959131131004,0.0,0.0,0.39203768562557956,0.0,0.0,0.27056640126132003,0.0,0.0,0.0
2014-11-13,0.3373959131131004,0.0,0.0,0.39203768562557956,0.0,0.0,0.27056640126132003,0.0,0.0,0.0
2014-11-14,0.3373959131131004,0.0,0.0,0.39203768562557956,0.0,0.0,0.27056640126132003,0.0,0.0,0.0
2014-11-17,0.3373959131131004,0.0,0.0,0.39203768562557956,0.0,0.0,0.27056640126132003,0.0,0.0,0.0
2014-11-18,0.3373959131131004,0.0,0.0,0.39203768562557956,0.0,0.0,0.27056640126132003,0.0,0.0,0.0
2014-11-19,0.3373959131131004,0.0,0.0,0.39203768562557956,0.0,0.0,0.27056640126132003,0.0,0.0,0.0
2014-11-20,0.3373959131131004,0.0,0.0,0.39203768562557956,0.0,0.0,0.27056640126132003,0.0,0.0,0.0
2014-11-21,0.3373959131131004,0.0,0.0,0.39203768562557956,0.0,0.0,0.27056640126132003,0.0,0.0,0.0
2014-11-24,0.3373959131131004,0.0,0.0,0.39203768562557956,0.0,0.0,0.27056640126132003,0.0,0.0,0.0
2014-11-25,0.3373959131131004,0.0,0.0,0.39203768562557956,0.0,0.0,0.27056640126132003,0.0,0.0,0.0
2014-11-26,0.3373959131131004,0.0,0.0,0.39203768562557956,0.0,0.0,0.27056640126132003,0.0,0.0,0.0
2014-11-28,0.4541785113028358,0.0,0.0,0.0,0.0,0.0,0.3193734422697911,0.0,0.2264480464273731,0.0
2014-12-01,0.4541785113028358,0.0,0.0,0.0,0.0,0.0,0.3193734422697911,0.0,0.2264480464273731,0.0
2014-12-02,0.4541785113028358,0.0,0.0,0.0,0.0,0.0,0.3193734422697911,0.0,0.2264480464273731,0.0
2014-12-03,0.4541785113028358,0.0,0.0,0.0,0.0,0.0,0.3193734422697911,0.0,0.2264480464273731,0.0
2014-12-04,0.4541785113028358,0.0,0.0,0.0,0.0,0.0,0.3193734422697911,0.0,0.2264480464273731,0.0
2014-12-05,0.4541785113028358,0.0,0.0,0.0,0.0,0.0,0.3193734422697911,0.0,0.2264480464273731,0.0
2014-12-08,0.4541785113028358,0.0,0.0,0.0,0.0,0.0,0.3193734422697911,0.0,0.2264480464273731,0.0
2014-12-09,0.4541785113028358,0.0,0.0,0.0,0.0,0.0,0.3193734422697911,0.0,0.2264480464273731,0.0
2014-12-10,0.4541785113028358,0.0,0.0,0.0,0.0,0.0,0.3193734422697911,0.0,0.2264480464273731,0.0
2014-12-11,0.4541785113028358,0.0,0.0,0.0,0.0,0.0,0.3193734422697911,0.0,0.2264480464273731,0.0
2014-12-12,0.4541785113028358,0.0,0.0,0.0,0.0,0.0,0.3193734422697911,0.0,0.2264480464273731,0.0
2014-12-15,0.4541785113028358,0.0,0.0,0.0,0.0,0.0,0.3193734422697911,0.0,0.2264480464273731,0.0
2014-12-16,0.4541785113028358,0.0,0.0,0.0,0.0,0.0,0.3193734422697911,0.0,0.2264480464273731,0.0
2014-12-17,0.4541785113028358,0.0,0.0,0.0,0.0,0.0,0.3193734422697911,0.0,0.2264480464273731,0.0
2014-12-18,0.4541785113028358,0.0,0.0,0.0,0.0,0.0,0.3193734422697911,0.0,0.2264480464273731,0.0
2014-12-19,0.4541785113028358,0.0,0.0,0.0,0.0,0.0,0.3193734422697911,0.0,0.2264480464273731,0.0
2014-12-22,0.4541785113028358,0.0,0.0,0.0,0.0,0.0,0.3193734422697911,0.0,0.2264480464273731,0.0
2014-12-23,0.4541785113028358,0.0,0.0,0.0,0.0,0.0,0.3193734422697911,0.0,0.2264480464273731,0.0
2014-12-24,0.4541785113028358,0.0,0.0,0.0,0.0,0.0,0.3193734422697911,0.0,0.2264480464273731,0.0
2014-12-26,0.4541785113028358,0.0,0.0,0.0,0.0,0.0,0.3193734422697911,0.0,0.2264480464273731,0.0
2014-12-29,0.4541785113028358,0.0,0.0,0.0,0.0,0.0,0.3193734422697911,0.0,0.2264480464273731,0.0
2014-12-30,0.4541785113028358,0.0,0.0,0.0,0.0,0.0,0.3193734422697911,0.0,0.2264480464273731,0.0
2014-12-31,0.4422674506118374,0.0,0.3433061809828272,0.0,0.0,0.0,0.0,0.0,0.2144263684053353,0.0
2015-01-02,0.4422674506118374,0.0,0.3433061809828272,0.0,0.0,0.0,0.0,0.0,0.2144263684053353,0.0
2015-01-05,0.4422674506118374,0.0,0.3433061809828272,0.0,0.0,0.0,0.0,0.0,0.2144263684053353,0.0
2015-01-06,0.4422674506118374,0.0,0.3433061809828272,0.0,0.0,0.0,0.0,0.0,0.2144263684053353,0.0
2015-01-07,0.4422674506118374,0.0,0.3433061809828272,0.0,0.0,0.0,0.0,0.0,0.2144263684053353,0.0
2015-01-08,0.4422674506118374,0.0,0.3433061809828272,0.0,0.0,0.0,0.0,0.0,0.2144263684053353,0.0
2015-01-09,0.4422674506118374,0.0,0.3433061809828272,0.0,0.0,0.0,0.0,0.0,0.2144263684053353,0.0
2015-01-12,0.4422674506118374,0.0,0.3433061809828272,0.0,0.0,0.0,0.0,0.0,0.2144263684053353,0.0
2015-01-13,0.4422674506118374,0.0,0.3433061809828272,0.0,0.0,0.0,0.0,0.0,0.2144263684053353,0.0
2015-01-14,0.4422674506118374,0.0,0.3433061809828272,0.0,0.0,0.0,0.0,0.0,0.2144263684053353,0.0
2015-01-15,0.4422674506118374,0.0,0.3433061809828272,0.0,0.0,0.0,0.0,0.0,0.2144263684053353,0.0
2015-01-16,0.4422674506118374,0.0,0.3433061809828272,0.0,0.0,0.0,0.0,0.0,0.2144263684053353,0.0
2015-01-20,0.4422674506118374,0.0,0.3433061809828272,0.0,0.0,0.0,0.0,0.0,0.2144263684053353,0.0
2015-01-21,0.4422674506118374,0.0,0.3433061809828272,0.0,0.0,0.0,0.0,0.0,0.2144263684053353,0.0
2015-01-22,0.4422674506118374,0.0,0.3433061809828272,0.0,0.0,0.0,0.0,0.0,0.2144263684053353,0.0
2015-01-23,0.4422674506118374,0.0,0.3433061809828272,0.0,0.0,0.0,0.0,0.0,0.2144263684053353,0.0
2015-01-26,0.4422674506118374,0.0,0.3433061809828272,0.0,0.0,0.0,0.0,0.0,0.2144263684053353,0.0
2015-01-27,0.4422674506118374,0.0,0.3433061809828272,0.0,0.0,0.0,0.0,0.0,0.2144263684053353,0.0
2015-01-28,0.4422674506118374,0.0,0.3433061809828272,0.0,0.0,0.0,0.0,0.0,0.2144263684053353,0.0
2015-01-29,0.4422674506118374,0.0,0.3433061809828272,0.0,0.0,0.0,0.0,0.0,0.2144263684053353,0.0
2015-01-30,0.0,0.0,0.0,0.0,0.3151217706080201,0.0,0.0,0.0,0.23630551397251318,0.44857271541946675
2015-02-02,0.0,0.0,0.0,0.0,0.3151217706080201,0.0,0.0,0.0,0.23630551397251318,0.44857271541946675
2015-02-03,0.0,0.0,0.0,0.0,0.3151217706080201,0.0,0.0,0.0,0.23630551397251318,0.44857271541946675
2015-02-04,0.0,0.0,0.0,0.0,0.3151217706080201,0.0,0.0,0.0,0.23630551397251318,0.44857271541946675
2015-02-05,0.0,0.0,0.0,0.0,0.3151217706080201,0.0,0.0,0.0,0.23630551397251318,0.44857271541946675
2015-02-06,0.0,0.0,0.0,0.0,0.3151217706080201,0.0,0.0,0.0,0.23630551397251318,0.44857271541946675
2015-02-09,0.0,0.0,0.0,0.0,0.3151217706080201,0.0,0.0,0.0,0.23630551397251318,0.44857271541946675
2015-02-10,0.0,0.0,0.0,0.0,0.3151217706080201,0.0,0.0,0.0,0.23630551397251318,0.44857271541946675
2015-02-11,0.0,0.0,0.0,0.0,0.3151217706080201,0.0,0.0,0.0,0.23630551397251318,0.44857271541946675
2015-02-12,0.0,0.0,0.0,0.0,0.3151217706080201,0.0,0.0,0.0,0.23630551397251318,0.44857271541946675
2015-02-13,0.0,0.0,0.0,0.0,0.3151217706080201,0.0,0.0,0.0,0.23630551397251318,0.44857271541946675
2015-02-17,0.0,0.0,0.0,0.0,0.3151217706080201,0.0,0.0,0.0,0.23630551397251318,0.44857271541946675
2015-02-18,0.0,0.0,0.0,0.0,0.3151217706080201,0.0,0.0,0.0,0.23630551397251318,0.44857271541946675
2015-02-19,0.0,0.0,0.0,0.0,0.3151217706080201,0.0,0.0,0.0,0.23630551397251318,0.44857271541946675
2015-02-20,0.0,0.0,0.0,0.0,0.3151217706080201,0.0,0.0,0.0,0.23630551397251318,0.44857271541946675
2015-02-23,0.0,0.0,0.0,0.0,0.3151217706080201,0.0,0.0,0.0,0.23630551397251318,0.44857271541946675
2015-02-24,0.0,0.0,0.0,0.0,0.3151217706080201,0.0,0.0,0.0,0.23630551397251318,0.44857271541946675
2015-02-25,0.0,0.0,0.0,0.0,0.3151217706080201,0.0,0.0,0.0,0.23630551397251318,0.44857271541946675
2015-02-26,0.0,0.0,0.0,0.0,0.3151217706080201,0.0,0.0,0.0,0.23630551397251318,0.44857271541946675
2015-02-27,0.0,0.0,0.0,0.3502173083177194,0.2851777504763954,0.0,0.0,0.3646049412058853,0.0,0.0
2015-03-02,0.0,0.0,0.0,0.3502173083177194,0.2851777504763954,0.0,0.0,0.3646049412058853,0.0,0.0
2015-03-03,0.0,0.0,0.0,0.3502173083177194,0.2851777504763954,0.0,0.0,0.3646049412058853,0.0,0.0
2015-03-04,0.0,0.0,0.0,0.3502173083177194,0.2851777504763954,0.0,0.0,0.3646049412058853,0.0,0.0
2015-03-05,0.0,0.0,0.0,0.3502173083177194,0.2851777504763954,0.0,0.0,0.3646049412058853,0.0,0.0
2015-03-06,0.0,0.0,0.0,0.3502173083177194,0.2851777504763954,0.0,0.0,0.3646049412058853,0.0,0.0
2015-03-09,0.0,0.0,0.0,0.3502173083177194,0.2851777504763954,0.0,0.0,0.3646049412058853,0.0,0.0
2015-03-10,0.0,0.0,0.0,0.3502173083177194,0.2851777504763954,0.0,0.0,0.3646049412058853,0.0,0.0
2015-03-11,0.0,0.0,0.0,0.3502173083177194,0.2851777504763954,0.0,0.0,0.3646049412058853,0.0,0.0
2015-03-12,0.0,0.0,0.0,0.3502173083177194,0.2851777504763954,0.0,0.0,0.3646049412058853,0.0,0.0
2015-03-13,0.0,0.0,0.0,0.3502173083177194,0.2851777504763954,0.0,0.0,0.3646049412058853,0.0,0.0
2015-03-16,0.0,0.0,0.0,0.3502173083177194,0.2851777504763954,0.0,0.0,0.3646049412058853,0.0,0.0
2015-03-17,0.0,0.0,0.0,0.3502173083177194,0.2851777504763954,0.0,0.0,0.3646049412058853,0.0,0.0
2015-03-18,0.0,0.0,0.0,0.3502173083177194,0.2851777504763954,0.0,0.0,0.3646049412058853,0.0,0.0
2015-03-19,0.0,0.0,0.0,0.3502173083177194,0.2851777504763954,0.0,0.0,0.3646049412058853,0.0,0.0
2015-03-20,0.0,0.0,0.0,0.3502173083177194,0.2851777504763954,0.0,0.0,0.3646049412058853,0.0,0.0
2015-03-23,0.0,0.0,0.0,0.3502173083177194,0.2851777504763954,0.0,0.0,0.3646049412058853,0.0,0.0
2015-03-24,0.0,0.0,0.0,0.3502173083177194,0.2851777504763954,0.0,0.0,0.3646049412058853,0.0,0.0
2015-03-25,0.0,0.0,0.0,0.3502173083177194,0.2851777504763954,0.0,0.0,0.3646049412058853,0.0,0.0
2015-03-26,0.0,0.0,0.0,0.3502173083177194,0.2851777504763954,0.0,0.0,0.3646049412058853,0.0,0.0
2015-03-27,0.0,0.0,0.0,0.3502173083177194,0.2851777504763954,0.0,0.0,0.3646049412058853,0.0,0.0
2015-03-30,0.0,0.0,0.0,0.3502173083177194,0.2851777504763954,0.0,0.0,0.3646049412058853,0.0,0.0
2015-03-31,0.0,0.0,0.37878229069122366,0.0,0.0,0.0,0.0,0.0,0.24879174659787956,0.37242596271089673
2015-04-01,0.0,0.0,0.37878229069122366,0.0,0.0,0.0,0.0,0.0,0.24879174659787956,0.37242596271089673
2015-04-02,0.0,0.0,0.37878229069122366,0.0,0.0,0.0,0.0,0.0,0.24879174659787956,0.37242596271089673
2015-04-06,0.0,0.0,0.37878229069122366,0.0,0.0,0.0,0.0,0.0,0.24879174659787956,0.37242596271089673
2015-04-07,0.0,0.0,0.37878229069122366,0.0,0.0,0.0,0.0,0.0,0.24879174659787956,0.37242596271089673
2015-04-08,0.0,0.0,0.37878229069122366,0.0,0.0,0.0,0.0,0.0,0.24879174659787956,0.37242596271089673
2015-04-09,0.0,0.0,0.37878229069122366,0.0,0.0,0.0,0.0,0.0,0.24879174659787956,0.37242596271089673
2015-04-10,0.0,0.0,0.37878229069122366,0.0,0.0,0.0,0.0,0.0,0.24879174659787956,0.37242596271089673
2015-04-13,0.0,0.0,0.37878229069122366,0.0,0.0,0.0,0.0,0.0,0.24879174659787956,0.37242596271089673
2015-04-14,0.0,0.0,0.37878229069122366,0.0,0.0,0.0,0.0,0.0,0.24879174659787956,0.37242596271089673
2015-04-15,0.0,0.0,0.37878229069122366,0.0,0.0,0.0,0.0,0.0,0.24879174659787956,0.37242596271089673
2015-04-16,0.0,0.0,0.37878229069122366,0.0,0.0,0.0,0.0,0.0,0.24879174659787956,0.37242596271089673
2015-04-17,0.0,0.0,0.37878229069122366,0.0,0.0,0.0,0.0,0.0,0.24879174659787956,0.37242596271089673
2015-04-20,0.0,0.0,0.37878229069122366,0.0,0.0,0.0,0.0,0.0,0.24879174659787956,0.37242596271089673
2015-04-21,0.0,0.0,0.37878229069122366,0.0,0.0,0.0,0.0,0.0,0.24879174659787956,0.37242596271089673
2015-04-22,0.0,0.0,0.37878229069122366,0.0,0.0,0.0,0.0,0.0,0.24879174659787956,0.37242596271089673
2015-04-23,0.0,0.0,0.37878229069122366,0.0,0.0,0.0,0.0,0.0,0.24879174659787956,0.37242596271089673
2015-04-24,0.0,0.0,0.37878229069122366,0.0,0.0,0.0,0.0,0.0,0.24879174659787956,0.37242596271089673
2015-04-27,0.0,0.0,0.37878229069122366,0.0,0.0,0.0,0.0,0.0,0.24879174659787956,0.37242596271089673
2015-04-28,0.0,0.0,0.37878229069122366,0.0,0.0,0.0,0.0,0.0,0.24879174659787956,0.37242596271089673
2015-04-29,0.0,0.0,0.37878229069122366,0.0,0.0,0.0,0.0,0.0,0.24879174659787956,0.37242596271089673
2015-04-30,0.40452915455663574,0.0,0.3414864818146579,0.0,0.0,0.0,0.0,0.2539843636287063,0.0,0.0
2015-05-01,0.40452915455663574,0.0,0.3414864818146579,0.0,0.0,0.0,0.0,0.2539843636287063,0.0,0.0
2015-05-04,0.40452915455663574,0.0,0.3414864818146579,0.0,0.0,0.0,0.0,0.2539843636287063,0.0,0.0
2015-05-05,0.40452915455663574,0.0,0.3414864818146579,0.0,0.0,0.0,0.0,0.2539843636287063,0.0,0.0
2015-05-06,0.40452915455663574,0.0,0.3414864818146579,0.0,0.0,0.0,0.0,0.2539843636287063,0.0,0.0
2015-05-07,0.40452915455663574,0.0,0.3414864818146579,0.0,0.0,0.0,0.0,0.2539843636287063,0.0,0.0
2015-05-08,0.40452915455663574,0.0,0.3414864818146579,0.0,0.0,0.0,0.0,0.2539843636287063,0.0,0.0
2015-05-11,0.40452915455663574,0.0,0.3414864818146579,0.0,0.0,0.0,0.0,0.2539843636287063,0.0,0.0
2015-05-12,0.40452915455663574,0.0,0.3414864818146579,0.0,0.0,0.0,0.0,0.2539843636287063,0.0,0.0
2015-05-13,0.40452915455663574,0.0,0.3414864818146579,0.0,0.0,0.0,0.0,0.2539843636287063,0.0,0.0
2015-05-14,0.40452915455663574,0.0,0.3414864818146579,0.0,0.0,0.0,0.0,0.2539843636287063,0.0,0.0
2015-05-15,0.40452915455663574,0.0,0.3414864818146579,0.0,0.0,0.0,0.0,0.2539843636287063,0.0,0.0
2015-05-18,0.40452915455663574,0.0,0.3414864818146579,0.0,0.0,0.0,0.0,0.2539843636287063,0.0,0.0
2015-05-19,0.40452915455663574,0.0,0.3414864818146579,0.0,0.0,0.0,0.0,0.2539843636287063,0.0,0.0
2015-05-20,0.40452915455663574,0.0,0.3414864818146579,0.0,0.0,0.0,0.0,0.2539843636287063,0.0,0.0
2015-05-21,0.40452915455663574,0.0,0.3414864818146579,0.0,0.0,0.0,0.0,0.2539843636287063,0.0,0.0
2015-05-22,0.40452915455663574,0.0,0.3414864818146579,0.0,0.0,0.0,0.0,0.2539843636287063,0.0,0.0
2015-05-26,0.40452915455663574,0.0,0.3414864818146579,0.0,0.0,0.0,0.0,0.2539843636287063,0.0,0.0
2015-05-27,0.40452915455663574,0.0,0.3414864818146579,0.0,0.0,0.0,0.0,0.2539843636287063,0.0,0.0
2015-05-28,0.40452915455663574,0.0,0.3414864818146579,0.0,0.0,0.0,0.0,0.2539843636287063,0.0,0.0
2015-05-29,0.0,0.0,0.3966609489868244,0.0,0.0,0.0,0.29863663085111825,0.0,0.3047024201620573,0.0
2015-06-01,0.0,0.0,0.3966609489868244,0.0,0.0,0.0,0.29863663085111825,0.0,0.3047024201620573,0.0
2015-06-02,0.0,0.0,0.3966609489868244,0.0,0.0,0.0,0.29863663085111825,0.0,0.3047024201620573,0.0
2015-06-03,0.0,0.0,0.3966609489868244,0.0,0.0,0.0,0.29863663085111825,0.0,0.3047024201620573,0.0
2015-06-04,0.0,0.0,0.3966609489868244,0.0,0.0,0.0,0.29863663085111825,0.0,0.3047024201620573,0.0
2015-06-05,0.0,0.0,0.3966609489868244,0.0,0.0,0.0,0.29863663085111825,0.0,0.3047024201620573,0.0
2015-06-08,0.0,0.0,0.3966609489868244,0.0,0.0,0.0,0.29863663085111825,0.0,0.3047024201620573,0.0
2015-06-09,0.0,0.0,0.3966609489868244,0.0,0.0,0.0,0.29863663085111825,0.0,0.3047024201620573,0.0
2015-06-10,0.0,0.0,0.3966609489868244,0.0,0.0,0.0,0.29863663085111825,0.0,0.3047024201620573,0.0
2015-06-11,0.0,0.0,0.3966609489868244,0.0,0.0,0.0,0.29863663085111825,0.0,0.3047024201620573,0.0
2015-06-12,0.0,0.0,0.3966609489868244,0.0,0.0,0.0,0.29863663085111825,0.0,0.3047024201620573,0.0
2015-06-15,0.0,0.0,0.3966609489868244,0.0,0.0,0.0,0.29863663085111825,0.0,0.3047024201620573,0.0
2015-06-16,0.0,0.0,0.3966609489868244,0.0,0.0,0.0,0.29863663085111825,0.0,0.3047024201620573,0.0
2015-06-17,0.0,0.0,0.3966609489868244,0.0,0.0,0.0,0.29863663085111825,0.0,0.3047024201620573,0.0
2015-06-18,0.0,0.0,0.3966609489868244,0.0,0.0,0.0,0.29863663085111825,0.0,0.3047024201620573,0.0
2015-06-19,0.0,0.0,0.3966609489868244,0.0,0.0,0.0,0.29863663085111825,0.0,0.3047024201620573,0.0
2015-06-22,0.0,0.0,0.3966609489868244,0.0,0.0,0.0,0.29863663085111825,0.0,0.3047024201620573,0.0
2015-06-23,0.0,0.0,0.3966609489868244,0.0,0.0,0.0,0.29863663085111825,0.0,0.3047024201620573,0.0
2015-06-24,0.0,0.0,0.3966609489868244,0.0,0.0,0.0,0.29863663085111825,0.0,0.3047024201620573,0.0
2015-06-25,0.0,0.0,0.3966609489868244,0.0,0.0,0.0,0.29863663085111825,0.0,0.3047024201620573,0.0
2015-06-26,0.0,0.0,0.3966609489868244,0.0,0.0,0.0,0.29863663085111825,0.0,0.3047024201620573,0.0
2015-06-29,0.0,0.0,0.3966609489868244,0.0,0.0,0.0,0.29863663085111825,0.0,0.3047024201620573,0.0
2015-06-30,0.0,0.0,0.0,0.2891079187298474,0.0,0.0,0.0,0.33602889843697825,0.0,0.3748631828331743
2015-07-01,0.0,0.0,0.0,0.2891079187298474,0.0,0.0,0.0,0.33602889843697825,0.0,0.3748631828331743
2015-07-02,0.0,0.0,0.0,0.2891079187298474,0.0,0.0,0.0,0.33602889843697825,0.0,0.3748631828331743
2015-07-06,0.0,0.0,0.0,0.2891079187298474,0.0,0.0,0.0,0.33602889843697825,0.0,0.3748631828331743
2015-07-07,0.0,0.0,0.0,0.2891079187298474,0.0,0.0,0.0,0.33602889843697825,0.0,0.3748631828331743
2015-07-08,0.0,0.0,0.0,0.2891079187298474,0.0,0.0,0.0,0.33602889843697825,0.0,0.3748631828331743
2015-07-09,0.0,0.0,0.0,0.2891079187298474,0.0,0.0,0.0,0.33602889843697825,0.0,0.3748631828331743
2015-07-10,0.0,0.0,0.0,0.2891079187298474,0.0,0.0,0.0,0.33602889843697825,0.0,0.3748631828331743
2015-07-13,0.0,0.0,0.0,0.2891079187298474,0.0,0.0,0.0,0.33602889843697825,0.0,0.3748631828331743
2015-07-14,0.0,0.0,0.0,0.2891079187298474,0.0,0.0,0.0,0.33602889843697825,0.0,0.3748631828331743
2015-07-15,0.0,0.0,0.0,0.2891079187298474,0.0,0.0,0.0,0.33602889843697825,0.0,0.3748631828331743
2015-07-16,0.0,0.0,0.0,0.2891079187298474,0.0,0.0,0.0,0.33602889843697825,0.0,0.3748631828331743
2015-07-17,0.0,0.0,0.0,0.2891079187298474,0.0,0.0,0.0,0.33602889843697825,0.0,0.3748631828331743
2015-07-20,0.0,0.0,0.0,0.2891079187298474,0.0,0.0,0.0,0.33602889843697825,0.0,0.3748631828331743
2015-07-21,0.0,0.0,0.0,0.2891079187298474,0.0,0.0,0.0,0.33602889843697825,0.0,0.3748631828331743
2015-07-22,0.0,0.0,0.0,0.2891079187298474,0.0,0.0,0.0,0.33602889843697825,0.0,0.3748631828331743
2015-07-23,0.0,0.0,0.0,0.2891079187298474,0.0,0.0,0.0,0.33602889843697825,0.0,0.3748631828331743
2015-07-24,0.0,0.0,0.0,0.2891079187298474,0.0,0.0,0.0,0.33602889843697825,0.0,0.3748631828331743
2015-07-27,0.0,0.0,0.0,0.2891079187298474,0.0,0.0,0.0,0.33602889843697825,0.0,0.3748631828331743
2015-07-28,0.0,0.0,0.0,0.2891079187298474,0.0,0.0,0.0,0.33602889843697825,0.0,0.3748631828331743
2015-07-29,0.0,0.0,0.0,0.2891079187298474,0.0,0.0,0.0,0.33602889843697825,0.0,0.3748631828331743
2015-07-30,0.0,0.0,0.0,0.2891079187298474,0.0,0.0,0.0,0.33602889843697825,0.0,0.3748631828331743
2015-07-31,0.0,0.0,0.0,0.0,0.4322928382125955,0.0,0.2682695234457861,0.0,0.2994376383416185,0.0
2015-08-03,0.0,0.0,0.0,0.0,0.4322928382125955,0.0,0.2682695234457861,0.0,0.2994376383416185,0.0
2015-08-04,0.0,0.0,0.0,0.0,0.4322928382125955,0.0,0.2682695234457861,0.0,0.2994376383416185,0.0
2015-08-05,0.0,0.0,0.0,0.0,0.4322928382125955,0.0,0.2682695234457861,0.0,0.2994376383416185,0.0
2015-08-06,0.0,0.0,0.0,0.0,0.4322928382125955,0.0,0.2682695234457861,0.0,0.2994376383416185,0.0
2015-08-07,0.0,0.0,0.0,0.0,0.4322928382125955,0.0,0.2682695234457861,0.0,0.2994376383416185,0.0
2015-08-10,0.0,0.0,0.0,0.0,0.4322928382125955,0.0,0.2682695234457861,0.0,0.2994376383416185,0.0
2015-08-11,0.0,0.0,0.0,0.0,0.4322928382125955,0.0,0.2682695234457861,0.0,0.2994376383416185,0.0
2015-08-12,0.0,0.0,0.0,0.0,0.4322928382125955,0.0,0.2682695234457861,0.0,0.2994376383416185,0.0
2015-08-13,0.0,0.0,0.0,0.0,0.4322928382125955,0.0,0.2682695234457861,0.0,0.2994376383416185,0.0
2015-08-14,0.0,0.0,0.0,0.0,0.4322928382125955,0.0,0.2682695234457861,0.0,0.2994376383416185,0.0
2015-08-17,0.0,0.0,0.0,0.0,0.4322928382125955,0.0,0.2682695234457861,0.0,0.2994376383416185,0.0
2015-08-18,0.0,0.0,0.0,0.0,0.4322928382125955,0.0,0.2682695234457861,0.0,0.2994376383416185,0.0
2015-08-19,0.0,0.0,0.0,0.0,0.4322928382125955,0.0,0.2682695234457861,0.0,0.2994376383416185,0.0
2015-08-20,0.0,0.0,0.0,0.0,0.4322928382125955,0.0,0.2682695234457861,0.0,0.2994376383416185,0.0
2015-08-21,0.0,0.0,0.0,0.0,0.4322928382125955,0.0,0.2682695234457861,0.0,0.2994376383416185,0.0
2015-08-24,0.0,0.0,0.0,0.0,0.4322928382125955,0.0,0.2682695234457861,0.0,0.2994376383416185,0.0
2015-08-25,0.0,0.0,0.0,0.0,0.4322928382125955,0.0,0.2682695234457861,0.0,0.2994376383416185,0.0
2015-08-26,0.0,0.0,0.0,0.0,0.4322928382125955,0.0,0.2682695234457861,0.0,0.2994376383416185,0.0
2015-08-27,0.0,0.0,0.0,0.0,0.4322928382125955,0.0,0.2682695234457861,0.0,0.2994376383416185,0.0
2015-08-28,0.0,0.0,0.0,0.0,0.4322928382125955,0.0,0.2682695234457861,0.0,0.2994376383416185,0.0
2015-08-31,0.35178935433401487,0.2935018153999092,0.0,0.0,0.0,0.0,0.0,0.354708830266076,0.0,0.0
2015-09-01,0.35178935433401487,0.2935018153999092,0.0,0.0,0.0,0.0,0.0,0.354708830266076,0.0,0.0
2015-09-02,0.35178935433401487,0.2935018153999092,0.0,0.0,0.0,0.0,0.0,0.354708830266076,0.0,0.0
2015-09-03,0.35178935433401487,0.2935018153999092,0.0,0.0,0.0,0.0,0.0,0.354708830266076,0.0,0.0
2015-09-04,0.35178935433401487,0.2935018153999092,0.0,0.0,0.0,0.0,0.0,0.354708830266076,0.0,0.0
2015-09-08,0.35178935433401487,0.2935018153999092,0.0,0.0,0.0,0.0,0.0,0.354708830266076,0.0,0.0
2015-09-09,0.35178935433401487,0.2935018153999092,0.0,0.0,0.0,0.0,0.0,0.354708830266076,0.0,0.0
2015-09-10,0.35178935433401487,0.2935018153999092,0.0,0.0,0.0,0.0,0.0,0.354708830266076,0.0,0.0
2015-09-11,0.35178935433401487,0.2935018153999092,0.0,0.0,0.0,0.0,0.0,0.354708830266076,0.0,0.0
2015-09-14,0.35178935433401487,0.2935018153999092,0.0,0.0,0.0,0.0,0.0,0.354708830266076,0.0,0.0
2015-09-15,0.35178935433401487,0.2935018153999092,0.0,0.0,0.0,0.0,0.0,0.354708830266076,0.0,0.0
2015-09-16,0.35178935433401487,0.2935018153999092,0.0,0.0,0.0,0.0,0.0,0.354708830266076,0.0,0.0
2015-09-17,0.35178935433401487,0.2935018153999092,0.0,0.0,0.0,0.0,0.0,0.354708830266076,0.0,0.0
2015-09-18,0.35178935433401487,0.2935018153999092,0.0,0.0,0.0,0.0,0.0,0.354708830266076,0.0,0.0
2015-09-21,0.35178935433401487,0.2935018153999092,0.0,0.0,0.0,0.0,0.0,0.354708830266076,0.0,0.0
2015-09-22,0.35178935433401487,0.2935018153999092,0.0,0.0,0.0,0.0,0.0,0.354708830266076,0.0,0.0
2015-09-23,0.35178935433401487,0.2935018153999092,0.0,0.0,0.0,0.0,0.0,0.354708830266076,0.0,0.0
2015-09-24,0.35178935433401487,0.2935018153999092,0.0,0.0,0.0,0.0,0.0,0.354708830266076,0.0,0.0
2015-09-25,0.35178935433401487,0.2935018153999092,0.0,0.0,0.0,0.0,0.0,0.354708830266076,0.0,0.0
2015-09-28,0.35178935433401487,0.2935018153999092,0.0,0.0,0.0,0.0,0.0,0.354708830266076,0.0,0.0
2015-09-29,0.35178935433401487,0.2935018153999092,0.0,0.0,0.0,0.0,0.0,0.354708830266076,0.0,0.0
2015-09-30,0.0,0.34309444748514034,0.0,0.0,0.0,0.0,0.3026334473261047,0.0,0.0,0.35427210518875507
2015-10-01,0.0,0.34309444748514034,0.0,0.0,0.0,0.0,0.3026334473261047,0.0,0.0,0.35427210518875507
2015-10-02,0.0,0.34309444748514034,0.0,0.0,0.0,0.0,0.3026334473261047,0.0,0.0,0.35427210518875507
2015-10-05,0.0,0.34309444748514034,0.0,0.0,0.0,0.0,0.3026334473261047,0.0,0.0,0.35427210518875507
2015-10-06,0.0,0.34309444748514034,0.0,0.0,0.0,0.0,0.3026334473261047,0.0,0.0,0.35427210518875507
2015-10-07,0.0,0.34309444748514034,0.0,0.0,0.0,0.0,0.3026334473261047,0.0,0.0,0.35427210518875507
2015-10-08,0.0,0.34309444748514034,0.0,0.0,0.0,0.0,0.3026334473261047,0.0,0.0,0.35427210518875507
2015-10-09,0.0,0.34309444748514034,0.0,0.0,0.0,0.0,0.3026334473261047,0.0,0.0,0.35427210518875507
2015-10-12,0.0,0.34309444748514034,0.0,0.0,0.0,0.0,0.3026334473261047,0.0,0.0,0.35427210518875507
2015-10-13,0.0,0.34309444748514034,0.0,0.0,0.0,0.0,0.3026334473261047,0.0,0.0,0.35427210518875507
2015-10-14,0.0,0.34309444748514034,0.0,0.0,0.0,0.0,0.3026334473261047,0.0,0.0,0.35427210518875507
2015-10-15,0.0,0.34309444748514034,0.0,0.0,0.0,0.0,0.3026334473261047,0.0,0.0,0.35427210518875507
2015-10-16,0.0,0.34309444748514034,0.0,0.0,0.0,0.0,0.3026334473261047,0.0,0.0,0.35427210518875507
2015-10-19,0.0,0.34309444748514034,0.0,0.0,0.0,0.0,0.3026334473261047,0.0,0.0,0.35427210518875507
2015-10-20,0.0,0.34309444748514034,0.0,0.0,0.0,0.0,0.3026334473261047,0.0,0.0,0.35427210518875507
2015-10-21,0.0,0.34309444748514034,0.0,0.0,0.0,0.0,0.3026334473261047,0.0,0.0,0.35427210518875507
2015-10-22,0.0,0.34309444748514034,0.0,0.0,0.0,0.0,0.3026334473261047,0.0,0.0,0.35427210518875507
2015-10-23,0.0,0.34309444748514034,0.0,0.0,0.0,0.0,0.3026334473261047,0.0,0.0,0.35427210518875507
2015-10-26,0.0,0.34309444748514034,0.0,0.0,0.0,0.0,0.3026334473261047,0.0,0.0,0.35427210518875507
2015-10-27,0.0,0.34309444748514034,0.0,0.0,0.0,0.0,0.3026334473261047,0.0,0.0,0.35427210518875507
2015-10-28,0.0,0.34309444748514034,0.0,0.0,0.0,0.0,0.3026334473261047,0.0,0.0,0.35427210518875507
2015-10-29,0.0,0.34309444748514034,0.0,0.0,0.0,0.0,0.3026334473261047,0.0,0.0,0.35427210518875507
2015-10-30,0.3651822907426584,0.3129449788398963,0.0,0.0,0.0,0.0,0.0,0.0,0.0,0.32187273041744535
2015-11-02,0.3651822907426584,0.3129449788398963,0.0,0.0,0.0,0.0,0.0,0.0,0.0,0.32187273041744535
2015-11-03,0.3651822907426584,0.3129449788398963,0.0,0.0,0.0,0.0,0.0,0.0,0.0,0.32187273041744535
2015-11-04,0.3651822907426584,0.3129449788398963,0.0,0.0,0.0,0.0,0.0,0.0,0.0,0.32187273041744535
2015-11-05,0.3651822907426584,0.3129449788398963,0.0,0.0,0.0,0.0,0.0,0.0,0.0,0.32187273041744535
2015-11-06,0.3651822907426584,0.3129449788398963,0.0,0.0,0.0,0.0,0.0,0.0,0.0,0.32187273041744535
2015-11-09,0.3651822907426584,0.3129449788398963,0.0,0.0,0.0,0.0,0.0,0.0,0.0,0.32187273041744535
2015-11-10,0.3651822907426584,0.3129449788398963,0.0,0.0,0.0,0.0,0.0,0.0,0.0,0.32187273041744535
2015-11-11,0.3651822907426584,0.3129449788398963,0.0,0.0,0.0,0.0,0.0,0.0,0.0,0.32187273041744535
2015-11-12,0.3651822907426584,0.3129449788398963,0.0,0.0,0.0,0.0,0.0,0.0,0.0,0.32187273041744535
2015-11-13,0.3651822907426584,0.3129449788398963,0.0,0.0,0.0,0.0,0.0,0.0,0.0,0.32187273041744535
2015-11-16,0.3651822907426584,0.3129449788398963,0.0,0.0,0.0,0.0,0.0,0.0,0.0,0.32187273041744535
2015-11-17,0.3651822907426584,0.3129449788398963,0.0,0.0,0.0,0.0,0.0,0.0,0.0,0.32187273041744535
2015-11-18,0.3651822907426584,0.3129449788398963,0.0,0.0,0.0,0.0,0.0,0.0,0.0,0.32187273041744535
2015-11-19,0.3651822907426584,0.3129449788398963,0.0,0.0,0.0,0.0,0.0,0.0,0.0,0.32187273041744535
2015-11-20,0.3651822907426584,0.3129449788398963,0.0,0.0,0.0,0.0,0.0,0.0,0.0,0.32187273041744535
2015-11-23,0.3651822907426584,0.3129449788398963,0.0,0.0,0.0,0.0,0.0,0.0,0.0,0.32187273041744535
2015-11-24,0.3651822907426584,0.3129449788398963,0.0,0.0,0.0,0.0,0.0,0.0,0.0,0.32187273041744535
2015-11-25,0.3651822907426584,0.3129449788398963,0.0,0.0,0.0,0.0,0.0,0.0,0.0,0.32187273041744535
2015-11-27,0.3651822907426584,0.3129449788398963,0.0,0.0,0.0,0.0,0.0,0.0,0.0,0.32187273041744535
2015-11-30,0.0,0.0,0.0,0.0,0.0,0.0,0.3002773154835364,0.43352864240227157,0.266194042114192,0.0
2015-12-01,0.0,0.0,0.0,0.0,0.0,0.0,0.3002773154835364,0.43352864240227157,0.266194042114192,0.0
2015-12-02,0.0,0.0,0.0,0.0,0.0,0.0,0.3002773154835364,0.43352864240227157,0.266194042114192,0.0
2015-12-03,0.0,0.0,0.0,0.0,0.0,0.0,0.3002773154835364,0.43352864240227157,0.266194042114192,0.0
2015-12-04,0.0,0.0,0.0,0.0,0.0,0.0,0.3002773154835364,0.43352864240227157,0.266194042114192,0.0
2015-12-07,0.0,0.0,0.0,0.0,0.0,0.0,0.3002773154835364,0.43352864240227157,0.266194042114192,0.0
2015-12-08,0.0,0.0,0.0,0.0,0.0,0.0,0.3002773154835364,0.43352864240227157,0.266194042114192,0.0
2015-12-09,0.0,0.0,0.0,0.0,0.0,0.0,0.3002773154835364,0.43352864240227157,0.266194042114192,0.0
2015-12-10,0.0,0.0,0.0,0.0,0.0,0.0,0.3002773154835364,0.43352864240227157,0.266194042114192,0.0
2015-12-11,0.0,0.0,0.0,0.0,0.0,0.0,0.3002773154835364,0.43352864240227157,0.266194042114192,0.0
2015-12-14,0.0,0.0,0.0,0.0,0.0,0.0,0.3002773154835364,0.43352864240227157,0.266194042114192,0.0
2015-12-15,0.0,0.0,0.0,0.0,0.0,0.0,0.3002773154835364,0.43352864240227157,0.266194042114192,0.0
2015-12-16,0.0,0.0,0.0,0.0,0.0,0.0,0.3002773154835364,0.43352864240227157,0.266194042114192,0.0
2015-12-17,0.0,0.0,0.0,0.0,0.0,0.0,0.3002773154835364,0.43352864240227157,0.266194042114192,0.0
2015-12-18,0.0,0.0,0.0,0.0,0.0,0.0,0.3002773154835364,0.43352864240227157,0.266194042114192,0.0
2015-12-21,0.0,0.0,0.0,0.0,0.0,0.0,0.3002773154835364,0.43352864240227157,0.266194042114192,0.0
2015-12-22,0.0,0.0,0.0,0.0,0.0,0.0,0.3002773154835364,0.43352864240227157,0.266194042114192,0.0
2015-12-23,0.0,0.0,0.0,0.0,0.0,0.0,0.3002773154835364,0.43352864240227157,0.266194042114192,0.0
2015-12-24,0.0,0.0,0.0,0.0,0.0,0.0,0.3002773154835364,0.43352864240227157,0.266194042114192,0.0
2015-12-28,0.0,0.0,0.0,0.0,0.0,0.0,0.3002773154835364,0.43352864240227157,0.266194042114192,0.0
2015-12-29,0.0,0.0,0.0,0.0,0.0,0.0,0.3002773154835364,0.43352864240227157,0.266194042114192,0.0
2015-12-30,0.0,0.0,0.0,0.0,0.0,0.0,0.3002773154835364,0.43352864240227157,0.266194042114192,0.0
2015-12-31,0.0,0.0,0.3405920684764851,0.0,0.0,0.44116403172940033,0.0,0.0,0.21824389979411468,0.0
2016-01-04,0.0,0.0,0.3405920684764851,0.0,0.0,0.44116403172940033,0.0,0.0,0.21824389979411468,0.0
2016-01-05,0.0,0.0,0.3405920684764851,0.0,0.0,0.44116403172940033,0.0,0.0,0.21824389979411468,0.0
2016-01-06,0.0,0.0,0.3405920684764851,0.0,0.0,0.44116403172940033,0.0,0.0,0.21824389979411468,0.0
2016-01-07,0.0,0.0,0.3405920684764851,0.0,0.0,0.44116403172940033,0.0,0.0,0.21824389979411468,0.0
2016-01-08,0.0,0.0,0.3405920684764851,0.0,0.0,0.44116403172940033,0.0,0.0,0.21824389979411468,0.0
2016-01-11,0.0,0.0,0.3405920684764851,0.0,0.0,0.44116403172940033,0.0,0.0,0.21824389979411468,0.0
2016-01-12,0.0,0.0,0.3405920684764851,0.0,0.0,0.44116403172940033,0.0,0.0,0.21824389979411468,0.0
2016-01-13,0.0,0.0,0.3405920684764851,0.0,0.0,0.44116403172940033,0.0,0.0,0.21824389979411468,0.0
2016-01-14,0.0,0.0,0.3405920684764851,0.0,0.0,0.44116403172940033,0.0,0.0,0.21824389979411468,0.0
2016-01-15,0.0,0.0,0.3405920684764851,0.0,0.0,0.44116403172940033,0.0,0.0,0.21824389979411468,0.0
2016-01-19,0.0,0.0,0.3405920684764851,0.0,0.0,0.44116403172940033,0.0,0.0,0.21824389979411468,0.0
2016-01-20,0.0,0.0,0.3405920684764851,0.0,0.0,0.44116403172940033,0.0,0.0,0.21824389979411468,0.0
2016-01-21,0.0,0.0,0.3405920684764851,0.0,0.0,0.44116403172940033,0.0,0.0,0.21824389979411468,0.0
2016-01-22,0.0,0.0,0.3405920684764851,0.0,0.0,0.44116403172940033,0.0,0.0,0.21824389979411468,0.0
2016-01-25,0.0,0.0,0.3405920684764851,0.0,0.0,0.44116403172940033,0.0,0.0,0.21824389979411468,0.0
2016-01-26,0.0,0.0,0.3405920684764851,0.0,0.0,0.44116403172940033,0.0,0.0,0.21824389979411468,0.0
2016-01-27,0.0,0.0,0.3405920684764851,0.0,0.0,0.44116403172940033,0.0,0.0,0.21824389979411468,0.0
2016-01-28,0.0,0.0,0.3405920684764851,0.0,0.0,0.44116403172940033,0.0,0.0,0.21824389979411468,0.0
2016-01-29,0.3678433587576044,0.3091711870291306,0.0,0.0,0.0,0.0,0.0,0.0,0.0,0.322985454213265
2016-02-01,0.3678433587576044,0.3091711870291306,0.0,0.0,0.0,0.0,0.0,0.0,0.0,0.322985454213265
2016-02-02,0.3678433587576044,0.3091711870291306,0.0,0.0,0.0,0.0,0.0,0.0,0.0,0.322985454213265
2016-02-03,0.3678433587576044,0.3091711870291306,0.0,0.0,0.0,0.0,0.0,0.0,0.0,0.322985454213265
2016-02-04,0.3678433587576044,0.3091711870291306,0.0,0.0,0.0,0.0,0.0,0.0,0.0,0.322985454213265
2016-02-05,0.3678433587576044,0.3091711870291306,0.0,0.0,0.0,0.0,0.0,0.0,0.0,0.322985454213265
2016-02-08,0.3678433587576044,0.3091711870291306,0.0,0.0,0.0,0.0,0.0,0.0,0.0,0.322985454213265
2016-02-09,0.3678433587576044,0.3091711870291306,0.0,0.0,0.0,0.0,0.0,0.0,0.0,0.322985454213265
2016-02-10,0.3678433587576044,0.3091711870291306,0.0,0.0,0.0,0.0,0.0,0.0,0.0,0.322985454213265
2016-02-11,0.3678433587576044,0.3091711870291306,0.0,0.0,0.0,0.0,0.0,0.0,0.0,0.322985454213265
2016-02-12,0.3678433587576044,0.3091711870291306,0.0,0.0,0.0,0.0,0.0,0.0,0.0,0.322985454213265
2016-02-16,0.3678433587576044,0.3091711870291306,0.0,0.0,0.0,0.0,0.0,0.0,0.0,0.322985454213265
2016-02-17,0.3678433587576044,0.3091711870291306,0.0,0.0,0.0,0.0,0.0,0.0,0.0,0.322985454213265
2016-02-18,0.3678433587576044,0.3091711870291306,0.0,0.0,0.0,0.0,0.0,0.0,0.0,0.322985454213265
2016-02-19,0.3678433587576044,0.3091711870291306,0.0,0.0,0.0,0.0,0.0,0.0,0.0,0.322985454213265
2016-02-22,0.3678433587576044,0.3091711870291306,0.0,0.0,0.0,0.0,0.0,0.0,0.0,0.322985454213265
2016-02-23,0.3678433587576044,0.3091711870291306,0.0,0.0,0.0,0.0,0.0,0.0,0.0,0.322985454213265
2016-02-24,0.3678433587576044,0.3091711870291306,0.0,0.0,0.0,0.0,0.0,0.0,0.0,0.322985454213265
2016-02-25,0.3678433587576044,0.3091711870291306,0.0,0.0,0.0,0.0,0.0,0.0,0.0,0.322985454213265
2016-02-26,0.3678433587576044,0.3091711870291306,0.0,0.0,0.0,0.0,0.0,0.0,0.0,0.322985454213265
2016-02-29,0.0,0.30070239149360917,0.0,0.4994365874747348,0.0,0.0,0.0,0.0,0.19986102103165607,0.0
2016-03-01,0.0,0.30070239149360917,0.0,0.4994365874747348,0.0,0.0,0.0,0.0,0.19986102103165607,0.0
2016-03-02,0.0,0.30070239149360917,0.0,0.4994365874747348,0.0,0.0,0.0,0.0,0.19986102103165607,0.0
2016-03-03,0.0,0.30070239149360917,0.0,0.4994365874747348,0.0,0.0,0.0,0.0,0.19986102103165607,0.0
2016-03-04,0.0,0.30070239149360917,0.0,0.4994365874747348,0.0,0.0,0.0,0.0,0.19986102103165607,0.0
2016-03-07,0.0,0.30070239149360917,0.0,0.4994365874747348,0.0,0.0,0.0,0.0,0.19986102103165607,0.0
2016-03-08,0.0,0.30070239149360917,0.0,0.4994365874747348,0.0,0.0,0.0,0.0,0.19986102103165607,0.0
2016-03-09,0.0,0.30070239149360917,0.0,0.4994365874747348,0.0,0.0,0.0,0.0,0.19986102103165607,0.0
2016-03-10,0.0,0.30070239149360917,0.0,0.4994365874747348,0.0,0.0,0.0,0.0,0.19986102103165607,0.0
2016-03-11,0.0,0.30070239149360917,0.0,0.4994365874747348,0.0,0.0,0.0,0.0,0.19986102103165607,0.0
2016-03-14,0.0,0.30070239149360917,0.0,0.4994365874747348,0.0,0.0,0.0,0.0,0.19986102103165607,0.0
2016-03-15,0.0,0.30070239149360917,0.0,0.4994365874747348,0.0,0.0,0.0,0.0,0.19986102103165607,0.0
2016-03-16,0.0,0.30070239149360917,0.0,0.4994365874747348,0.0,0.0,0.0,0.0,0.19986102103165607,0.0
2016-03-17,0.0,0.30070239149360917,0.0,0.4994365874747348,0.0,0.0,0.0,0.0,0.19986102103165607,0.0
2016-03-18,0.0,0.30070239149360917,0.0,0.4994365874747348,0.0,0.0,0.0,0.0,0.19986102103165607,0.0
2016-03-21,0.0,0.30070239149360917,0.0,0.4994365874747348,0.0,0.0,0.0,0.0,0.19986102103165607,0.0
2016-03-22,0.0,0.30070239149360917,0.0,0.4994365874747348,0.0,0.0,0.0,0.0,0.19986102103165607,0.0
2016-03-23,0.0,0.30070239149360917,0.0,0.4994365874747348,0.0,0.0,0.0,0.0,0.19986102103165607,0.0
2016-03-24,0.0,0.30070239149360917,0.0,0.4994365874747348,0.0,0.0,0.0,0.0,0.19986102103165607,0.0
2016-03-28,0.0,0.30070239149360917,0.0,0.4994365874747348,0.0,0.0,0.0,0.0,0.19986102103165607,0.0
2016-03-29,0.0,0.30070239149360917,0.0,0.4994365874747348,0.0,0.0,0.0,0.0,0.19986102103165607,0.0
2016-03-30,0.0,0.30070239149360917,0.0,0.4994365874747348,0.0,0.0,0.0,0.0,0.19986102103165607,0.0
2016-03-31,0.0,0.2518436036287081,0.0,0.4482199464069688,0.29993644996432317,0.0,0.0,0.0,0.0,0.0
2016-04-01,0.0,0.2518436036287081,0.0,0.4482199464069688,0.29993644996432317,0.0,0.0,0.0,0.0,0.0
2016-04-04,0.0,0.2518436036287081,0.0,0.4482199464069688,0.29993644996432317,0.0,0.0,0.0,0.0,0.0
2016-04-05,0.0,0.2518436036287081,0.0,0.4482199464069688,0.29993644996432317,0.0,0.0,0.0,0.0,0.0
2016-04-06,0.0,0.2518436036287081,0.0,0.4482199464069688,0.29993644996432317,0.0,0.0,0.0,0.0,0.0
2016-04-07,0.0,0.2518436036287081,0.0,0.4482199464069688,0.29993644996432317,0.0,0.0,0.0,0.0,0.0
2016-04-08,0.0,0.2518436036287081,0.0,0.4482199464069688,0.29993644996432317,0.0,0.0,0.0,0.0,0.0
2016-04-11,0.0,0.2518436036287081,0.0,0.4482199464069688,0.29993644996432317,0.0,0.0,0.0,0.0,0.0
2016-04-12,0.0,0.2518436036287081,0.0,0.4482199464069688,0.29993644996432317,0.0,0.0,0.0,0.0,0.0
2016-04-13,0.0,0.2518436036287081,0.0,0.4482199464069688,0.29993644996432317,0.0,0.0,0.0,0.0,0.0
2016-04-14,0.0,0.2518436036287081,0.0,0.4482199464069688,0.29993644996432317,0.0,0.0,0.0,0.0,0.0
2016-04-15,0.0,0.2518436036287081,0.0,0.4482199464069688,0.29993644996432317,0.0,0.0,0.0,0.0,0.0
2016-04-18,0.0,0.2518436036287081,0.0,0.4482199464069688,0.29993644996432317,0.0,0.0,0.0,0.0,0.0
2016-04-19,0.0,0.2518436036287081,0.0,0.4482199464069688,0.29993644996432317,0.0,0.0,0.0,0.0,0.0
2016-04-20,0.0,0.2518436036287081,0.0,0.4482199464069688,0.29993644996432317,0.0,0.0,0.0,0.0,0.0
2016-04-21,0.0,0.2518436036287081,0.0,0.4482199464069688,0.29993644996432317,0.0,0.0,0.0,0.0,0.0
2016-04-22,0.0,0.2518436036287081,0.0,0.4482199464069688,0.29993644996432317,0.0,0.0,0.0,0.0,0.0
2016-04-25,0.0,0.2518436036287081,0.0,0.4482199464069688,0.29993644996432317,0.0,0.0,0.0,0.0,0.0
2016-04-26,0.0,0.2518436036287081,0.0,0.4482199464069688,0.29993644996432317,0.0,0.0,0.0,0.0,0.0
2016-04-27,0.0,0.2518436036287081,0.0,0.4482199464069688,0.29993644996432317,0.0,0.0,0.0,0.0,0.0
2016-04-28,0.0,0.2518436036287081,0.0,0.4482199464069688,0.29993644996432317,0.0,0.0,0.0,0.0,0.0
2016-04-29,0.0,0.0,0.0,0.4440176567506559,0.0,0.0,0.0,0.0,0.20510204575160362,0.3508802974977405
2016-05-02,0.0,0.0,0.0,0.4440176567506559,0.0,0.0,0.0,0.0,0.20510204575160362,0.3508802974977405
2016-05-03,0.0,0.0,0.0,0.4440176567506559,0.0,0.0,0.0,0.0,0.20510204575160362,0.3508802974977405
2016-05-04,0.0,0.0,0.0,0.4440176567506559,0.0,0.0,0.0,0.0,0.20510204575160362,0.3508802974977405
2016-05-05,0.0,0.0,0.0,0.4440176567506559,0.0,0.0,0.0,0.0,0.20510204575160362,0.3508802974977405
2016-05-06,0.0,0.0,0.0,0.4440176567506559,0.0,0.0,0.0,0.0,0.20510204575160362,0.3508802974977405
2016-05-09,0.0,0.0,0.0,0.4440176567506559,0.0,0.0,0.0,0.0,0.20510204575160362,0.3508802974977405
2016-05-10,0.0,0.0,0.0,0.4440176567506559,0.0,0.0,0.0,0.0,0.20510204575160362,0.3508802974977405
2016-05-11,0.0,0.0,0.0,0.4440176567506559,0.0,0.0,0.0,0.0,0.20510204575160362,0.3508802974977405
2016-05-12,0.0,0.0,0.0,0.4440176567506559,0.0,0.0,0.0,0.0,0.20510204575160362,0.3508802974977405
2016-05-13,0.0,0.0,0.0,0.4440176567506559,0.0,0.0,0.0,0.0,0.20510204575160362,0.3508802974977405
2016-05-16,0.0,0.0,0.0,0.4440176567506559,0.0,0.0,0.0,0.0,0.20510204575160362,0.3508802974977405
2016-05-17,0.0,0.0,0.0,0.4440176567506559,0.0,0.0,0.0,0.0,0.20510204575160362,0.3508802974977405
2016-05-18,0.0,0.0,0.0,0.4440176567506559,0.0,0.0,0.0,0.0,0.20510204575160362,0.3508802974977405
2016-05-19,0.0,0.0,0.0,0.4440176567506559,0.0,0.0,0.0,0.0,0.20510204575160362,0.3508802974977405
2016-05-20,0.0,0.0,0.0,0.4440176567506559,0.0,0.0,0.0,0.0,0.20510204575160362,0.3508802974977405
2016-05-23,0.0,0.0,0.0,0.4440176567506559,0.0,0.0,0.0,0.0,0.20510204575160362,0.3508802974977405
2016-05-24,0.0,0.0,0.0,0.4440176567506559,0.0,0.0,0.0,0.0,0.20510204575160362,0.3508802974977405
2016-05-25,0.0,0.0,0.0,0.4440176567506559,0.0,0.0,0.0,0.0,0.20510204575160362,0.3508802974977405
2016-05-26,0.0,0.0,0.0,0.4440176567506559,0.0,0.0,0.0,0.0,0.20510204575160362,0.3508802974977405
2016-05-27,0.0,0.0,0.0,0.4440176567506559,0.0,0.0,0.0,0.0,0.20510204575160362,0.3508802974977405
2016-05-31,0.0,0.0,0.0,0.4282436958144237,0.26981893899338205,0.0,0.0,0.3019373651921943,0.0,0.0
2016-06-01,0.0,0.0,0.0,0.4282436958144237,0.26981893899338205,0.0,0.0,0.3019373651921943,0.0,0.0
2016-06-02,0.0,0.0,0.0,0.4282436958144237,0.26981893899338205,0.0,0.0,0.3019373651921943,0.0,0.0
2016-06-03,0.0,0.0,0.0,0.4282436958144237,0.26981893899338205,0.0,0.0,0.3019373651921943,0.0,0.0
2016-06-06,0.0,0.0,0.0,0.4282436958144237,0.26981893899338205,0.0,0.0,0.3019373651921943,0.0,0.0
2016-06-07,0.0,0.0,0.0,0.4282436958144237,0.26981893899338205,0.0,0.0,0.3019373651921943,0.0,0.0
2016-06-08,0.0,0.0,0.0,0.4282436958144237,0.26981893899338205,0.0,0.0,0.3019373651921943,0.0,0.0
2016-06-09,0.0,0.0,0.0,0.4282436958144237,0.26981893899338205,0.0,0.0,0.3019373651921943,0.0,0.0
2016-06-10,0.0,0.0,0.0,0.4282436958144237,0.26981893899338205,0.0,0.0,0.3019373651921943,0.0,0.0
2016-06-13,0.0,0.0,0.0,0.4282436958144237,0.26981893899338205,0.0,0.0,0.3019373651921943,0.0,0.0
2016-06-14,0.0,0.0,0.0,0.4282436958144237,0.26981893899338205,0.0,0.0,0.3019373651921943,0.0,0.0
2016-06-15,0.0,0.0,0.0,0.4282436958144237,0.26981893899338205,0.0,0.0,0.3019373651921943,0.0,0.0
2016-06-16,0.0,0.0,0.0,0.4282436958144237,0.26981893899338205,0.0,0.0,0.3019373651921943,0.0,0.0
2016-06-17,0.0,0.0,0.0,0.4282436958144237,0.26981893899338205,0.0,0.0,0.3019373651921943,0.0,0.0
2016-06-20,0.0,0.0,0.0,0.4282436958144237,0.26981893899338205,0.0,0.0,0.3019373651921943,0.0,0.0
2016-06-21,0.0,0.0,0.0,0.4282436958144237,0.26981893899338205,0.0,0.0,0.3019373651921943,0.0,0.0
2016-06-22,0.0,0.0,0.0,0.4282436958144237,0.26981893899338205,0.0,0.0,0.3019373651921943,0.0,0.0
2016-06-23,0.0,0.0,0.0,0.4282436958144237,0.26981893899338205,0.0,0.0,0.3019373651921943,0.0,0.0
2016-06-24,0.0,0.0,0.0,0.4282436958144237,0.26981893899338205,0.0,0.0,0.3019373651921943,0.0,0.0
2016-06-27,0.0,0.0,0.0,0.4282436958144237,0.26981893899338205,0.0,0.0,0.3019373651921943,0.0,0.0
2016-06-28,0.0,0.0,0.0,0.4282436958144237,0.26981893899338205,0.0,0.0,0.3019373651921943,0.0,0.0
2016-06-29,0.0,0.0,0.0,0.4282436958144237,0.26981893899338205,0.0,0.0,0.3019373651921943,0.0,0.0
2016-06-30,0.0,0.0,0.0,0.0,0.0,0.306269140329488,0.3328694092493584,0.0,0.36086145042115364,0.0
2016-07-01,0.0,0.0,0.0,0.0,0.0,0.306269140329488,0.3328694092493584,0.0,0.36086145042115364,0.0
2016-07-05,0.0,0.0,0.0,0.0,0.0,0.306269140329488,0.3328694092493584,0.0,0.36086145042115364,0.0
2016-07-06,0.0,0.0,0.0,0.0,0.0,0.306269140329488,0.3328694092493584,0.0,0.36086145042115364,0.0
2016-07-07,0.0,0.0,0.0,0.0,0.0,0.306269140329488,0.3328694092493584,0.0,0.36086145042115364,0.0
2016-07-08,0.0,0.0,0.0,0.0,0.0,0.306269140329488,0.3328694092493584,0.0,0.36086145042115364,0.0
2016-07-11,0.0,0.0,0.0,0.0,0.0,0.306269140329488,0.3328694092493584,0.0,0.36086145042115364,0.0
2016-07-12,0.0,0.0,0.0,0.0,0.0,0.306269140329488,0.3328694092493584,0.0,0.36086145042115364,0.0
2016-07-13,0.0,0.0,0.0,0.0,0.0,0.306269140329488,0.3328694092493584,0.0,0.36086145042115364,0.0
2016-07-14,0.0,0.0,0.0,0.0,0.0,0.306269140329488,0.3328694092493584,0.0,0.36086145042115364,0.0
2016-07-15,0.0,0.0,0.0,0.0,0.0,0.306269140329488,0.3328694092493584,0.0,0.36086145042115364,0.0
2016-07-18,0.0,0.0,0.0,0.0,0.0,0.306269140329488,0.3328694092493584,0.0,0.36086145042115364,0.0
2016-07-19,0.0,0.0,0.0,0.0,0.0,0.306269140329488,0.3328694092493584,0.0,0.36086145042115364,0.0
2016-07-20,0.0,0.0,0.0,0.0,0.0,0.306269140329488,0.3328694092493584,0.0,0.36086145042115364,0.0
2016-07-21,0.0,0.0,0.0,0.0,0.0,0.306269140329488,0.3328694092493584,0.0,0.36086145042115364,0.0
2016-07-22,0.0,0.0,0.0,0.0,0.0,0.306269140329488,0.3328694092493584,0.0,0.36086145042115364,0.0
2016-07-25,0.0,0.0,0.0,0.0,0.0,0.306269140329488,0.3328694092493584,0.0,0.36086145042115364,0.0
2016-07-26,0.0,0.0,0.0,0.0,0.0,0.306269140329488,0.3328694092493584,0.0,0.36086145042115364,0.0
2016-07-27,0.0,0.0,0.0,0.0,0.0,0.306269140329488,0.3328694092493584,0.0,0.36086145042115364,0.0
2016-07-28,0.0,0.0,0.0,0.0,0.0,0.306269140329488,0.3328694092493584,0.0,0.36086145042115364,0.0
2016-07-29,0.0,0.0,0.0,0.3984800257697036,0.0,0.0,0.23500803275737012,0.0,0.0,0.3665119414729264
2016-08-01,0.0,0.0,0.0,0.3984800257697036,0.0,0.0,0.23500803275737012,0.0,0.0,0.3665119414729264
2016-08-02,0.0,0.0,0.0,0.3984800257697036,0.0,0.0,0.23500803275737012,0.0,0.0,0.3665119414729264
2016-08-03,0.0,0.0,0.0,0.3984800257697036,0.0,0.0,0.23500803275737012,0.0,0.0,0.3665119414729264
2016-08-04,0.0,0.0,0.0,0.3984800257697036,0.0,0.0,0.23500803275737012,0.0,0.0,0.3665119414729264
2016-08-05,0.0,0.0,0.0,0.3984800257697036,0.0,0.0,0.23500803275737012,0.0,0.0,0.3665119414729264
2016-08-08,0.0,0.0,0.0,0.3984800257697036,0.0,0.0,0.23500803275737012,0.0,0.0,0.3665119414729264
2016-08-09,0.0,0.0,0.0,0.3984800257697036,0.0,0.0,0.23500803275737012,0.0,0.0,0.3665119414729264
2016-08-10,0.0,0.0,0.0,0.3984800257697036,0.0,0.0,0.23500803275737012,0.0,0.0,0.3665119414729264
2016-08-11,0.0,0.0,0.0,0.3984800257697036,0.0,0.0,0.23500803275737012,0.0,0.0,0.3665119414729264
2016-08-12,0.0,0.0,0.0,0.3984800257697036,0.0,0.0,0.23500803275737012,0.0,0.0,0.3665119414729264
2016-08-15,0.0,0.0,0.0,0.3984800257697036,0.0,0.0,0.23500803275737012,0.0,0.0,0.3665119414729264
2016-08-16,0.0,0.0,0.0,0.3984800257697036,0.0,0.0,0.23500803275737012,0.0,0.0,0.3665119414729264
2016-08-17,0.0,0.0,0.0,0.3984800257697036,0.0,0.0,0.23500803275737012,0.0,0.0,0.3665119414729264
2016-08-18,0.0,0.0,0.0,0.3984800257697036,0.0,0.0,0.23500803275737012,0.0,0.0,0.3665119414729264
2016-08-19,0.0,0.0,0.0,0.3984800257697036,0.0,0.0,0.23500803275737012,0.0,0.0,0.3665119414729264
2016-08-22,0.0,0.0,0.0,0.3984800257697036,0.0,0.0,0.23500803275737012,0.0,0.0,0.3665119414729264
2016-08-23,0.0,0.0,0.0,0.3984800257697036,0.0,0.0,0.23500803275737012,0.0,0.0,0.3665119414729264
2016-08-24,0.0,0.0,0.0,0.3984800257697036,0.0,0.0,0.23500803275737012,0.0,0.0,0.3665119414729264
2016-08-25,0.0,0.0,0.0,0.3984800257697036,0.0,0.0,0.23500803275737012,0.0,0.0,0.3665119414729264
2016-08-26,0.0,0.0,0.0,0.3984800257697036,0.0,0.0,0.23500803275737012,0.0,0.0,0.3665119414729264
2016-08-29,0.0,0.0,0.0,0.3984800257697036,0.0,0.0,0.23500803275737012,0.0,0.0,0.3665119414729264
2016-08-30,0.0,0.0,0.0,0.3984800257697036,0.0,0.0,0.23500803275737012,0.0,0.0,0.3665119414729264
2016-08-31,0.0,0.41697264372011655,0.0,0.0,0.3410645024315206,0.24196285384836286,0.0,0.0,0.0,0.0
2016-09-01,0.0,0.41697264372011655,0.0,0.0,0.3410645024315206,0.24196285384836286,0.0,0.0,0.0,0.0
2016-09-02,0.0,0.41697264372011655,0.0,0.0,0.3410645024315206,0.24196285384836286,0.0,0.0,0.0,0.0
2016-09-06,0.0,0.41697264372011655,0.0,0.0,0.3410645024315206,0.24196285384836286,0.0,0.0,0.0,0.0
2016-09-07,0.0,0.41697264372011655,0.0,0.0,0.3410645024315206,0.24196285384836286,0.0,0.0,0.0,0.0
2016-09-08,0.0,0.41697264372011655,0.0,0.0,0.3410645024315206,0.24196285384836286,0.0,0.0,0.0,0.0
2016-09-09,0.0,0.41697264372011655,0.0,0.0,0.3410645024315206,0.24196285384836286,0.0,0.0,0.0,0.0
2016-09-12,0.0,0.41697264372011655,0.0,0.0,0.3410645024315206,0.24196285384836286,0.0,0.0,0.0,0.0
2016-09-13,0.0,0.41697264372011655,0.0,0.0,0.3410645024315206,0.24196285384836286,0.0,0.0,0.0,0.0
2016-09-14,0.0,0.41697264372011655,0.0,0.0,0.3410645024315206,0.24196285384836286,0.0,0.0,0.0,0.0
2016-09-15,0.0,0.41697264372011655,0.0,0.0,0.3410645024315206,0.24196285384836286,0.0,0.0,0.0,0.0
2016-09-16,0.0,0.41697264372011655,0.0,0.0,0.3410645024315206,0.24196285384836286,0.0,0.0,0.0,0.0
2016-09-19,0.0,0.41697264372011655,0.0,0.0,0.3410645024315206,0.24196285384836286,0.0,0.0,0.0,0.0
2016-09-20,0.0,0.41697264372011655,0.0,0.0,0.3410645024315206,0.24196285384836286,0.0,0.0,0.0,0.0
2016-09-21,0.0,0.41697264372011655,0.0,0.0,0.3410645024315206,0.24196285384836286,0.0,0.0,0.0,0.0
2016-09-22,0.0,0.41697264372011655,0.0,0.0,0.3410645024315206,0.24196285384836286,0.0,0.0,0.0,0.0
2016-09-23,0.0,0.41697264372011655,0.0,0.0,0.3410645024315206,0.24196285384836286,0.0,0.0,0.0,0.0
2016-09-26,0.0,0.41697264372011655,0.0,0.0,0.3410645024315206,0.24196285384836286,0.0,0.0,0.0,0.0
2016-09-27,0.0,0.41697264372011655,0.0,0.0,0.3410645024315206,0.24196285384836286,0.0,0.0,0.0,0.0
2016-09-28,0.0,0.41697264372011655,0.0,0.0,0.3410645024315206,0.24196285384836286,0.0,0.0,0.0,0.0
2016-09-29,0.0,0.41697264372011655,0.0,0.0,0.3410645024315206,0.24196285384836286,0.0,0.0,0.0,0.0
2016-09-30,0.0,0.0,0.0,0.0,0.0,0.0,0.3320581462108008,0.3893068530521257,0.2786350007370735,0.0
2016-10-03,0.0,0.0,0.0,0.0,0.0,0.0,0.3320581462108008,0.3893068530521257,0.2786350007370735,0.0
2016-10-04,0.0,0.0,0.0,0.0,0.0,0.0,0.3320581462108008,0.3893068530521257,0.2786350007370735,0.0
2016-10-05,0.0,0.0,0.0,0.0,0.0,0.0,0.3320581462108008,0.3893068530521257,0.2786350007370735,0.0
2016-10-06,0.0,0.0,0.0,0.0,0.0,0.0,0.3320581462108008,0.3893068530521257,0.2786350007370735,0.0
2016-10-07,0.0,0.0,0.0,0.0,0.0,0.0,0.3320581462108008,0.3893068530521257,0.2786350007370735,0.0
2016-10-10,0.0,0.0,0.0,0.0,0.0,0.0,0.3320581462108008,0.3893068530521257,0.2786350007370735,0.0
2016-10-11,0.0,0.0,0.0,0.0,0.0,0.0,0.3320581462108008,0.3893068530521257,0.2786350007370735,0.0
2016-10-12,0.0,0.0,0.0,0.0,0.0,0.0,0.3320581462108008,0.3893068530521257,0.2786350007370735,0.0
2016-10-13,0.0,0.0,0.0,0.0,0.0,0.0,0.3320581462108008,0.3893068530521257,0.2786350007370735,0.0
2016-10-14,0.0,0.0,0.0,0.0,0.0,0.0,0.3320581462108008,0.3893068530521257,0.2786350007370735,0.0
2016-10-17,0.0,0.0,0.0,0.0,0.0,0.0,0.3320581462108008,0.3893068530521257,0.2786350007370735,0.0
2016-10-18,0.0,0.0,0.0,0.0,0.0,0.0,0.3320581462108008,0.3893068530521257,0.2786350007370735,0.0
2016-10-19,0.0,0.0,0.0,0.0,0.0,0.0,0.3320581462108008,0.3893068530521257,0.2786350007370735,0.0
2016-10-20,0.0,0.0,0.0,0.0,0.0,0.0,0.3320581462108008,0.3893068530521257,0.2786350007370735,0.0
2016-10-21,0.0,0.0,0.0,0.0,0.0,0.0,0.3320581462108008,0.3893068530521257,0.2786350007370735,0.0
2016-10-24,0.0,0.0,0.0,0.0,0.0,0.0,0.3320581462108008,0.3893068530521257,0.2786350007370735,0.0
2016-10-25,0.0,0.0,0.0,0.0,0.0,0.0,0.3320581462108008,0.3893068530521257,0.2786350007370735,0.0
2016-10-26,0.0,0.0,0.0,0.0,0.0,0.0,0.3320581462108008,0.3893068530521257,0.2786350007370735,0.0
2016-10-27,0.0,0.0,0.0,0.0,0.0,0.0,0.3320581462108008,0.3893068530521257,0.2786350007370735,0.0
2016-10-28,0.0,0.0,0.0,0.0,0.0,0.0,0.3320581462108008,0.3893068530521257,0.2786350007370735,0.0
2016-10-31,0.0,0.0,0.31673355539591863,0.4177502482868725,0.0,0.0,0.0,0.26551619631720896,0.0,0.0
2016-11-01,0.0,0.0,0.31673355539591863,0.4177502482868725,0.0,0.0,0.0,0.26551619631720896,0.0,0.0
2016-11-02,0.0,0.0,0.31673355539591863,0.4177502482868725,0.0,0.0,0.0,0.26551619631720896,0.0,0.0
2016-11-03,0.0,0.0,0.31673355539591863,0.4177502482868725,0.0,0.0,0.0,0.26551619631720896,0.0,0.0
2016-11-04,0.0,0.0,0.31673355539591863,0.4177502482868725,0.0,0.0,0.0,0.26551619631720896,0.0,0.0
2016-11-07,0.0,0.0,0.31673355539591863,0.4177502482868725,0.0,0.0,0.0,0.26551619631720896,0.0,0.0
2016-11-08,0.0,0.0,0.31673355539591863,0.4177502482868725,0.0,0.0,0.0,0.26551619631720896,0.0,0.0
2016-11-09,0.0,0.0,0.31673355539591863,0.4177502482868725,0.0,0.0,0.0,0.26551619631720896,0.0,0.0
2016-11-10,0.0,0.0,0.31673355539591863,0.4177502482868725,0.0,0.0,0.0,0.26551619631720896,0.0,0.0
2016-11-11,0.0,0.0,0.31673355539591863,0.4177502482868725,0.0,0.0,0.0,0.26551619631720896,0.0,0.0
2016-11-14,0.0,0.0,0.31673355539591863,0.4177502482868725,0.0,0.0,0.0,0.26551619631720896,0.0,0.0
2016-11-15,0.0,0.0,0.31673355539591863,0.4177502482868725,0.0,0.0,0.0,0.26551619631720896,0.0,0.0
2016-11-16,0.0,0.0,0.31673355539591863,0.4177502482868725,0.0,0.0,0.0,0.26551619631720896,0.0,0.0
2016-11-17,0.0,0.0,0.31673355539591863,0.4177502482868725,0.0,0.0,0.0,0.26551619631720896,0.0,0.0
2016-11-18,0.0,0.0,0.31673355539591863,0.4177502482868725,0.0,0.0,0.0,0.26551619631720896,0.0,0.0
2016-11-21,0.0,0.0,0.31673355539591863,0.4177502482868725,0.0,0.0,0.0,0.26551619631720896,0.0,0.0
2016-11-22,0.0,0.0,0.31673355539591863,0.4177502482868725,0.0,0.0,0.0,0.26551619631720896,0.0,0.0
2016-11-23,0.0,0.0,0.31673355539591863,0.4177502482868725,0.0,0.0,0.0,0.26551619631720896,0.0,0.0
2016-11-25,0.0,0.0,0.31673355539591863,0.4177502482868725,0.0,0.0,0.0,0.26551619631720896,0.0,0.0
2016-11-28,0.0,0.0,0.31673355539591863,0.4177502482868725,0.0,0.0,0.0,0.26551619631720896,0.0,0.0
2016-11-29,0.0,0.0,0.31673355539591863,0.4177502482868725,0.0,0.0,0.0,0.26551619631720896,0.0,0.0
2016-11-30,0.0,0.0,0.0,0.0,0.4503620977515653,0.0,0.2813023743694465,0.0,0.2683355278789882,0.0
2016-12-01,0.0,0.0,0.0,0.0,0.4503620977515653,0.0,0.2813023743694465,0.0,0.2683355278789882,0.0
2016-12-02,0.0,0.0,0.0,0.0,0.4503620977515653,0.0,0.2813023743694465,0.0,0.2683355278789882,0.0
2016-12-05,0.0,0.0,0.0,0.0,0.4503620977515653,0.0,0.2813023743694465,0.0,0.2683355278789882,0.0
2016-12-06,0.0,0.0,0.0,0.0,0.4503620977515653,0.0,0.2813023743694465,0.0,0.2683355278789882,0.0
2016-12-07,0.0,0.0,0.0,0.0,0.4503620977515653,0.0,0.2813023743694465,0.0,0.2683355278789882,0.0
2016-12-08,0.0,0.0,0.0,0.0,0.4503620977515653,0.0,0.2813023743694465,0.0,0.2683355278789882,0.0
2016-12-09,0.0,0.0,0.0,0.0,0.4503620977515653,0.0,0.2813023743694465,0.0,0.2683355278789882,0.0
2016-12-12,0.0,0.0,0.0,0.0,0.4503620977515653,0.0,0.2813023743694465,0.0,0.2683355278789882,0.0
2016-12-13,0.0,0.0,0.0,0.0,0.4503620977515653,0.0,0.2813023743694465,0.0,0.2683355278789882,0.0
2016-12-14,0.0,0.0,0.0,0.0,0.4503620977515653,0.0,0.2813023743694465,0.0,0.2683355278789882,0.0
2016-12-15,0.0,0.0,0.0,0.0,0.4503620977515653,0.0,0.2813023743694465,0.0,0.2683355278789882,0.0
2016-12-16,0.0,0.0,0.0,0.0,0.4503620977515653,0.0,0.2813023743694465,0.0,0.2683355278789882,0.0
2016-12-19,0.0,0.0,0.0,0.0,0.4503620977515653,0.0,0.2813023743694465,0.0,0.2683355278789882,0.0
2016-12-20,0.0,0.0,0.0,0.0,0.4503620977515653,0.0,0.2813023743694465,0.0,0.2683355278789882,0.0
2016-12-21,0.0,0.0,0.0,0.0,0.4503620977515653,0.0,0.2813023743694465,0.0,0.2683355278789882,0.0
2016-12-22,0.0,0.0,0.0,0.0,0.4503620977515653,0.0,0.2813023743694465,0.0,0.2683355278789882,0.0
2016-12-23,0.0,0.0,0.0,0.0,0.4503620977515653,0.0,0.2813023743694465,0.0,0.2683355278789882,0.0
2016-12-27,0.0,0.0,0.0,0.0,0.4503620977515653,0.0,0.2813023743694465,0.0,0.2683355278789882,0.0
2016-12-28,0.0,0.0,0.0,0.0,0.4503620977515653,0.0,0.2813023743694465,0.0,0.2683355278789882,0.0
2016-12-29,0.0,0.0,0.0,0.0,0.4503620977515653,0.0,0.2813023743694465,0.0,0.2683355278789882,0.0
2016-12-30,0.4132754670327998,0.2983974774415841,0.0,0.0,0.0,0.0,0.0,0.0,0.0,0.28832705552561605
2017-01-03,0.4132754670327998,0.2983974774415841,0.0,0.0,0.0,0.0,0.0,0.0,0.0,0.28832705552561605
2017-01-04,0.4132754670327998,0.2983974774415841,0.0,0.0,0.0,0.0,0.0,0.0,0.0,0.28832705552561605
2017-01-05,0.4132754670327998,0.2983974774415841,0.0,0.0,0.0,0.0,0.0,0.0,0.0,0.28832705552561605
2017-01-06,0.4132754670327998,0.2983974774415841,0.0,0.0,0.0,0.0,0.0,0.0,0.0,0.28832705552561605
2017-01-09,0.4132754670327998,0.2983974774415841,0.0,0.0,0.0,0.0,0.0,0.0,0.0,0.28832705552561605
2017-01-10,0.4132754670327998,0.2983974774415841,0.0,0.0,0.0,0.0,0.0,0.0,0.0,0.28832705552561605
2017-01-11,0.4132754670327998,0.2983974774415841,0.0,0.0,0.0,0.0,0.0,0.0,0.0,0.28832705552561605
2017-01-12,0.4132754670327998,0.2983974774415841,0.0,0.0,0.0,0.0,0.0,0.0,0.0,0.28832705552561605
2017-01-13,0.4132754670327998,0.2983974774415841,0.0,0.0,0.0,0.0,0.0,0.0,0.0,0.28832705552561605
2017-01-17,0.4132754670327998,0.2983974774415841,0.0,0.0,0.0,0.0,0.0,0.0,0.0,0.28832705552561605
2017-01-18,0.4132754670327998,0.2983974774415841,0.0,0.0,0.0,0.0,0.0,0.0,0.0,0.28832705552561605
2017-01-19,0.4132754670327998,0.2983974774415841,0.0,0.0,0.0,0.0,0.0,0.0,0.0,0.28832705552561605
2017-01-20,0.4132754670327998,0.2983974774415841,0.0,0.0,0.0,0.0,0.0,0.0,0.0,0.28832705552561605
2017-01-23,0.4132754670327998,0.2983974774415841,0.0,0.0,0.0,0.0,0.0,0.0,0.0,0.28832705552561605
2017-01-24,0.4132754670327998,0.2983974774415841,0.0,0.0,0.0,0.0,0.0,0.0,0.0,0.28832705552561605
2017-01-25,0.4132754670327998,0.2983974774415841,0.0,0.0,0.0,0.0,0.0,0.0,0.0,0.28832705552561605
2017-01-26,0.4132754670327998,0.2983974774415841,0.0,0.0,0.0,0.0,0.0,0.0,0.0,0.28832705552561605
2017-01-27,0.4132754670327998,0.2983974774415841,0.0,0.0,0.0,0.0,0.0,0.0,0.0,0.28832705552561605
2017-01-30,0.4132754670327998,0.2983974774415841,0.0,0.0,0.0,0.0,0.0,0.0,0.0,0.28832705552561605
2017-01-31,0.4568346206353216,0.33226129203152754,0.0,0.0,0.0,0.0,0.0,0.0,0.21090408733315083,0.0
2017-02-01,0.4568346206353216,0.33226129203152754,0.0,0.0,0.0,0.0,0.0,0.0,0.21090408733315083,0.0
2017-02-02,0.4568346206353216,0.33226129203152754,0.0,0.0,0.0,0.0,0.0,0.0,0.21090408733315083,0.0
2017-02-03,0.4568346206353216,0.33226129203152754,0.0,0.0,0.0,0.0,0.0,0.0,0.21090408733315083,0.0
2017-02-06,0.4568346206353216,0.33226129203152754,0.0,0.0,0.0,0.0,0.0,0.0,0.21090408733315083,0.0
2017-02-07,0.4568346206353216,0.33226129203152754,0.0,0.0,0.0,0.0,0.0,0.0,0.21090408733315083,0.0
2017-02-08,0.4568346206353216,0.33226129203152754,0.0,0.0,0.0,0.0,0.0,0.0,0.21090408733315083,0.0
2017-02-09,0.4568346206353216,0.33226129203152754,0.0,0.0,0.0,0.0,0.0,0.0,0.21090408733315083,0.0
2017-02-10,0.4568346206353216,0.33226129203152754,0.0,0.0,0.0,0.0,0.0,0.0,0.21090408733315083,0.0
2017-02-13,0.4568346206353216,0.33226129203152754,0.0,0.0,0.0,0.0,0.0,0.0,0.21090408733315083,0.0
2017-02-14,0.4568346206353216,0.33226129203152754,0.0,0.0,0.0,0.0,0.0,0.0,0.21090408733315083,0.0
2017-02-15,0.4568346206353216,0.33226129203152754,0.0,0.0,0.0,0.0,0.0,0.0,0.21090408733315083,0.0
2017-02-16,0.4568346206353216,0.33226129203152754,0.0,0.0,0.0,0.0,0.0,0.0,0.21090408733315083,0.0
2017-02-17,0.4568346206353216,0.33226129203152754,0.0,0.0,0.0,0.0,0.0,0.0,0.21090408733315083,0.0
2017-02-21,0.4568346206353216,0.33226129203152754,0.0,0.0,0.0,0.0,0.0,0.0,0.21090408733315083,0.0
2017-02-22,0.4568346206353216,0.33226129203152754,0.0,0.0,0.0,0.0,0.0,0.0,0.21090408733315083,0.0
2017-02-23,0.4568346206353216,0.33226129203152754,0.0,0.0,0.0,0.0,0.0,0.0,0.21090408733315083,0.0
2017-02-24,0.4568346206353216,0.33226129203152754,0.0,0.0,0.0,0.0,0.0,0.0,0.21090408733315083,0.0
2017-02-27,0.4568346206353216,0.33226129203152754,0.0,0.0,0.0,0.0,0.0,0.0,0.21090408733315083,0.0
2017-02-28,0.0,0.0,0.0,0.0,0.0,0.4763145207561164,0.0,0.289853843173582,0.23383163607030166,0.0
2017-03-01,0.0,0.0,0.0,0.0,0.0,0.4763145207561164,0.0,0.289853843173582,0.23383163607030166,0.0
2017-03-02,0.0,0.0,0.0,0.0,0.0,0.4763145207561164,0.0,0.289853843173582,0.23383163607030166,0.0
2017-03-03,0.0,0.0,0.0,0.0,0.0,0.4763145207561164,0.0,0.289853843173582,0.23383163607030166,0.0
2017-03-06,0.0,0.0,0.0,0.0,0.0,0.4763145207561164,0.0,0.289853843173582,0.23383163607030166,0.0
2017-03-07,0.0,0.0,0.0,0.0,0.0,0.4763145207561164,0.0,0.289853843173582,0.23383163607030166,0.0
2017-03-08,0.0,0.0,0.0,0.0,0.0,0.4763145207561164,0.0,0.289853843173582,0.23383163607030166,0.0
2017-03-09,0.0,0.0,0.0,0.0,0.0,0.4763145207561164,0.0,0.289853843173582,0.23383163607030166,0.0
2017-03-10,0.0,0.0,0.0,0.0,0.0,0.4763145207561164,0.0,0.289853843173582,0.23383163607030166,0.0
2017-03-13,0.0,0.0,0.0,0.0,0.0,0.4763145207561164,0.0,0.289853843173582,0.23383163607030166,0.0
2017-03-14,0.0,0.0,0.0,0.0,0.0,0.4763145207561164,0.0,0.289853843173582,0.23383163607030166,0.0
2017-03-15,0.0,0.0,0.0,0.0,0.0,0.4763145207561164,0.0,0.289853843173582,0.23383163607030166,0.0
2017-03-16,0.0,0.0,0.0,0.0,0.0,0.4763145207561164,0.0,0.289853843173582,0.23383163607030166,0.0
2017-03-17,0.0,0.0,0.0,0.0,0.0,0.4763145207561164,0.0,0.289853843173582,0.23383163607030166,0.0
2017-03-20,0.0,0.0,0.0,0.0,0.0,0.4763145207561164,0.0,0.289853843173582,0.23383163607030166,0.0
2017-03-21,0.0,0.0,0.0,0.0,0.0,0.4763145207561164,0.0,0.289853843173582,0.23383163607030166,0.0
2017-03-22,0.0,0.0,0.0,0.0,0.0,0.4763145207561164,0.0,0.289853843173582,0.23383163607030166,0.0
2017-03-23,0.0,0.0,0.0,0.0,0.0,0.4763145207561164,0.0,0.289853843173582,0.23383163607030166,0.0
2017-03-24,0.0,0.0,0.0,0.0,0.0,0.4763145207561164,0.0,0.289853843173582,0.23383163607030166,0.0
2017-03-27,0.0,0.0,0.0,0.0,0.0,0.4763145207561164,0.0,0.289853843173582,0.23383163607030166,0.0
2017-03-28,0.0,0.0,0.0,0.0,0.0,0.4763145207561164,0.0,0.289853843173582,0.23383163607030166,0.0
2017-03-29,0.0,0.0,0.0,0.0,0.0,0.4763145207561164,0.0,0.289853843173582,0.23383163607030166,0.0
2017-03-30,0.0,0.0,0.0,0.0,0.0,0.4763145207561164,0.0,0.289853843173582,0.23383163607030166,0.0
2017-03-31,0.4064935012924442,0.0,0.0,0.0,0.0,0.3691663534961943,0.22434014521136153,0.0,0.0,0.0
2017-04-03,0.4064935012924442,0.0,0.0,0.0,0.0,0.3691663534961943,0.22434014521136153,0.0,0.0,0.0
2017-04-04,0.4064935012924442,0.0,0.0,0.0,0.0,0.3691663534961943,0.22434014521136153,0.0,0.0,0.0
2017-04-05,0.4064935012924442,0.0,0.0,0.0,0.0,0.3691663534961943,0.22434014521136153,0.0,0.0,0.0
2017-04-06,0.4064935012924442,0.0,0.0,0.0,0.0,0.3691663534961943,0.22434014521136153,0.0,0.0,0.0
2017-04-07,0.4064935012924442,0.0,0.0,0.0,0.0,0.3691663534961943,0.22434014521136153,0.0,0.0,0.0
2017-04-10,0.4064935012924442,0.0,0.0,0.0,0.0,0.3691663534961943,0.22434014521136153,0.0,0.0,0.0
2017-04-11,0.4064935012924442,0.0,0.0,0.0,0.0,0.3691663534961943,0.22434014521136153,0.0,0.0,0.0
2017-04-12,0.4064935012924442,0.0,0.0,0.0,0.0,0.3691663534961943,0.22434014521136153,0.0,0.0,0.0
2017-04-13,0.4064935012924442,0.0,0.0,0.0,0.0,0.3691663534961943,0.22434014521136153,0.0,0.0,0.0
2017-04-17,0.4064935012924442,0.0,0.0,0.0,0.0,0.3691663534961943,0.22434014521136153,0.0,0.0,0.0
2017-04-18,0.4064935012924442,0.0,0.0,0.0,0.0,0.3691663534961943,0.22434014521136153,0.0,0.0,0.0
2017-04-19,0.4064935012924442,0.0,0.0,0.0,0.0,0.3691663534961943,0.22434014521136153,0.0,0.0,0.0
2017-04-20,0.4064935012924442,0.0,0.0,0.0,0.0,0.3691663534961943,0.22434014521136153,0.0,0.0,0.0
2017-04-21,0.4064935012924442,0.0,0.0,0.0,0.0,0.3691663534961943,0.22434014521136153,0.0,0.0,0.0
2017-04-24,0.4064935012924442,0.0,0.0,0.0,0.0,0.3691663534961943,0.22434014521136153,0.0,0.0,0.0
2017-04-25,0.4064935012924442,0.0,0.0,0.0,0.0,0.3691663534961943,0.22434014521136153,0.0,0.0,0.0
2017-04-26,0.4064935012924442,0.0,0.0,0.0,0.0,0.3691663534961943,0.22434014521136153,0.0,0.0,0.0
2017-04-27,0.4064935012924442,0.0,0.0,0.0,0.0,0.3691663534961943,0.22434014521136153,0.0,0.0,0.0
2017-04-28,0.4320972615925569,0.0,0.0,0.0,0.0,0.3551649697380868,0.0,0.0,0.21273776866935631,0.0
2017-05-01,0.4320972615925569,0.0,0.0,0.0,0.0,0.3551649697380868,0.0,0.0,0.21273776866935631,0.0
2017-05-02,0.4320972615925569,0.0,0.0,0.0,0.0,0.3551649697380868,0.0,0.0,0.21273776866935631,0.0
2017-05-03,0.4320972615925569,0.0,0.0,0.0,0.0,0.3551649697380868,0.0,0.0,0.21273776866935631,0.0
2017-05-04,0.4320972615925569,0.0,0.0,0.0,0.0,0.3551649697380868,0.0,0.0,0.21273776866935631,0.0
2017-05-05,0.4320972615925569,0.0,0.0,0.0,0.0,0.3551649697380868,0.0,0.0,0.21273776866935631,0.0
2017-05-08,0.4320972615925569,0.0,0.0,0.0,0.0,0.3551649697380868,0.0,0.0,0.21273776866935631,0.0
2017-05-09,0.4320972615925569,0.0,0.0,0.0,0.0,0.3551649697380868,0.0,0.0,0.21273776866935631,0.0
2017-05-10,0.4320972615925569,0.0,0.0,0.0,0.0,0.3551649697380868,0.0,0.0,0.21273776866935631,0.0
2017-05-11,0.4320972615925569,0.0,0.0,0.0,0.0,0.3551649697380868,0.0,0.0,0.21273776866935631,0.0
2017-05-12,0.4320972615925569,0.0,0.0,0.0,0.0,0.3551649697380868,0.0,0.0,0.21273776866935631,0.0
2017-05-15,0.4320972615925569,0.0,0.0,0.0,0.0,0.3551649697380868,0.0,0.0,0.21273776866935631,0.0
2017-05-16,0.4320972615925569,0.0,0.0,0.0,0.0,0.3551649697380868,0.0,0.0,0.21273776866935631,0.0
2017-05-17,0.4320972615925569,0.0,0.0,0.0,0.0,0.3551649697380868,0.0,0.0,0.21273776866935631,0.0
2017-05-18,0.4320972615925569,0.0,0.0,0.0,0.0,0.3551649697380868,0.0,0.0,0.21273776866935631,0.0
2017-05-19,0.4320972615925569,0.0,0.0,0.0,0.0,0.3551649697380868,0.0,0.0,0.21273776866935631,0.0
2017-05-22,0.4320972615925569,0.0,0.0,0.0,0.0,0.3551649697380868,0.0,0.0,0.21273776866935631,0.0
2017-05-23,0.4320972615925569,0.0,0.0,0.0,0.0,0.3551649697380868,0.0,0.0,0.21273776866935631,0.0
2017-05-24,0.4320972615925569,0.0,0.0,0.0,0.0,0.3551649697380868,0.0,0.0,0.21273776866935631,0.0
2017-05-25,0.4320972615925569,0.0,0.0,0.0,0.0,0.3551649697380868,0.0,0.0,0.21273776866935631,0.0
2017-05-26,0.4320972615925569,0.0,0.0,0.0,0.0,0.3551649697380868,0.0,0.0,0.21273776866935631,0.0
2017-05-30,0.4320972615925569,0.0,0.0,0.0,0.0,0.3551649697380868,0.0,0.0,0.21273776866935631,0.0
2017-05-31,0.43362595298539575,0.0,0.0,0.0,0.0,0.3412275745482425,0.0,0.0,0.22514647246636174,0.0
2017-06-01,0.43362595298539575,0.0,0.0,0.0,0.0,0.3412275745482425,0.0,0.0,0.22514647246636174,0.0
2017-06-02,0.43362595298539575,0.0,0.0,0.0,0.0,0.3412275745482425,0.0,0.0,0.22514647246636174,0.0
2017-06-05,0.43362595298539575,0.0,0.0,0.0,0.0,0.3412275745482425,0.0,0.0,0.22514647246636174,0.0
2017-06-06,0.43362595298539575,0.0,0.0,0.0,0.0,0.3412275745482425,0.0,0.0,0.22514647246636174,0.0
2017-06-07,0.43362595298539575,0.0,0.0,0.0,0.0,0.3412275745482425,0.0,0.0,0.22514647246636174,0.0
2017-06-08,0.43362595298539575,0.0,0.0,0.0,0.0,0.3412275745482425,0.0,0.0,0.22514647246636174,0.0
2017-06-09,0.43362595298539575,0.0,0.0,0.0,0.0,0.3412275745482425,0.0,0.0,0.22514647246636174,0.0
2017-06-12,0.43362595298539575,0.0,0.0,0.0,0.0,0.3412275745482425,0.0,0.0,0.22514647246636174,0.0
2017-06-13,0.43362595298539575,0.0,0.0,0.0,0.0,0.3412275745482425,0.0,0.0,0.22514647246636174,0.0
2017-06-14,0.43362595298539575,0.0,0.0,0.0,0.0,0.3412275745482425,0.0,0.0,0.22514647246636174,0.0
2017-06-15,0.43362595298539575,0.0,0.0,0.0,0.0,0.3412275745482425,0.0,0.0,0.22514647246636174,0.0
2017-06-16,0.43362595298539575,0.0,0.0,0.0,0.0,0.3412275745482425,0.0,0.0,0.22514647246636174,0.0
2017-06-19,0.43362595298539575,0.0,0.0,0.0,0.0,0.3412275745482425,0.0,0.0,0.22514647246636174,0.0
2017-06-20,0.43362595298539575,0.0,0.0,0.0,0.0,0.3412275745482425,0.0,0.0,0.22514647246636174,0.0
2017-06-21,0.43362595298539575,0.0,0.0,0.0,0.0,0.3412275745482425,0.0,0.0,0.22514647246636174,0.0
2017-06-22,0.43362595298539575,0.0,0.0,0.0,0.0,0.3412275745482425,0.0,0.0,0.22514647246636174,0.0
2017-06-23,0.43362595298539575,0.0,0.0,0.0,0.0,0.3412275745482425,0.0,0.0,0.22514647246636174,0.0
2017-06-26,0.43362595298539575,0.0,0.0,0.0,0.0,0.3412275745482425,0.0,0.0,0.22514647246636174,0.0
2017-06-27,0.43362595298539575,0.0,0.0,0.0,0.0,0.3412275745482425,0.0,0.0,0.22514647246636174,0.0
2017-06-28,0.43362595298539575,0.0,0.0,0.0,0.0,0.3412275745482425,0.0,0.0,0.22514647246636174,0.0
2017-06-29,0.43362595298539575,0.0,0.0,0.0,0.0,0.3412275745482425,0.0,0.0,0.22514647246636174,0.0
2017-06-30,0.42224350104574204,0.0,0.0,0.0,0.0,0.3232212566638455,0.2545352422904125,0.0,0.0,0.0
2017-07-03,0.42224350104574204,0.0,0.0,0.0,0.0,0.3232212566638455,0.2545352422904125,0.0,0.0,0.0
2017-07-05,0.42224350104574204,0.0,0.0,0.0,0.0,0.3232212566638455,0.2545352422904125,0.0,0.0,0.0
2017-07-06,0.42224350104574204,0.0,0.0,0.0,0.0,0.3232212566638455,0.2545352422904125,0.0,0.0,0.0
2017-07-07,0.42224350104574204,0.0,0.0,0.0,0.0,0.3232212566638455,0.2545352422904125,0.0,0.0,0.0
2017-07-10,0.42224350104574204,0.0,0.0,0.0,0.0,0.3232212566638455,0.2545352422904125,0.0,0.0,0.0
2017-07-11,0.42224350104574204,0.0,0.0,0.0,0.0,0.3232212566638455,0.2545352422904125,0.0,0.0,0.0
2017-07-12,0.42224350104574204,0.0,0.0,0.0,0.0,0.3232212566638455,0.2545352422904125,0.0,0.0,0.0
2017-07-13,0.42224350104574204,0.0,0.0,0.0,0.0,0.3232212566638455,0.2545352422904125,0.0,0.0,0.0
2017-07-14,0.42224350104574204,0.0,0.0,0.0,0.0,0.3232212566638455,0.2545352422904125,0.0,0.0,0.0
2017-07-17,0.42224350104574204,0.0,0.0,0.0,0.0,0.3232212566638455,0.2545352422904125,0.0,0.0,0.0
2017-07-18,0.42224350104574204,0.0,0.0,0.0,0.0,0.3232212566638455,0.2545352422904125,0.0,0.0,0.0
2017-07-19,0.42224350104574204,0.0,0.0,0.0,0.0,0.3232212566638455,0.2545352422904125,0.0,0.0,0.0
2017-07-20,0.42224350104574204,0.0,0.0,0.0,0.0,0.3232212566638455,0.2545352422904125,0.0,0.0,0.0
2017-07-21,0.42224350104574204,0.0,0.0,0.0,0.0,0.3232212566638455,0.2545352422904125,0.0,0.0,0.0
2017-07-24,0.42224350104574204,0.0,0.0,0.0,0.0,0.3232212566638455,0.2545352422904125,0.0,0.0,0.0
2017-07-25,0.42224350104574204,0.0,0.0,0.0,0.0,0.3232212566638455,0.2545352422904125,0.0,0.0,0.0
2017-07-26,0.42224350104574204,0.0,0.0,0.0,0.0,0.3232212566638455,0.2545352422904125,0.0,0.0,0.0
2017-07-27,0.42224350104574204,0.0,0.0,0.0,0.0,0.3232212566638455,0.2545352422904125,0.0,0.0,0.0
2017-07-28,0.42224350104574204,0.0,0.0,0.0,0.0,0.3232212566638455,0.2545352422904125,0.0,0.0,0.0
2017-07-31,0.40722510925576055,0.0,0.2459177040578048,0.0,0.0,0.34685718668643456,0.0,0.0,0.0,0.0
2017-08-01,0.40722510925576055,0.0,0.2459177040578048,0.0,0.0,0.34685718668643456,0.0,0.0,0.0,0.0
2017-08-02,0.40722510925576055,0.0,0.2459177040578048,0.0,0.0,0.34685718668643456,0.0,0.0,0.0,0.0
2017-08-03,0.40722510925576055,0.0,0.2459177040578048,0.0,0.0,0.34685718668643456,0.0,0.0,0.0,0.0
2017-08-04,0.40722510925576055,0.0,0.2459177040578048,0.0,0.0,0.34685718668643456,0.0,0.0,0.0,0.0
2017-08-07,0.40722510925576055,0.0,0.2459177040578048,0.0,0.0,0.34685718668643456,0.0,0.0,0.0,0.0
2017-08-08,0.40722510925576055,0.0,0.2459177040578048,0.0,0.0,0.34685718668643456,0.0,0.0,0.0,0.0
2017-08-09,0.40722510925576055,0.0,0.2459177040578048,0.0,0.0,0.34685718668643456,0.0,0.0,0.0,0.0
2017-08-10,0.40722510925576055,0.0,0.2459177040578048,0.0,0.0,0.34685718668643456,0.0,0.0,0.0,0.0
2017-08-11,0.40722510925576055,0.0,0.2459177040578048,0.0,0.0,0.34685718668643456,0.0,0.0,0.0,0.0
2017-08-14,0.40722510925576055,0.0,0.2459177040578048,0.0,0.0,0.34685718668643456,0.0,0.0,0.0,0.0
2017-08-15,0.40722510925576055,0.0,0.2459177040578048,0.0,0.0,0.34685718668643456,0.0,0.0,0.0,0.0
2017-08-16,0.40722510925576055,0.0,0.2459177040578048,0.0,0.0,0.34685718668643456,0.0,0.0,0.0,0.0
2017-08-17,0.40722510925576055,0.0,0.2459177040578048,0.0,0.0,0.34685718668643456,0.0,0.0,0.0,0.0
2017-08-18,0.40722510925576055,0.0,0.2459177040578048,0.0,0.0,0.34685718668643456,0.0,0.0,0.0,0.0
2017-08-21,0.40722510925576055,0.0,0.2459177040578048,0.0,0.0,0.34685718668643456,0.0,0.0,0.0,0.0
2017-08-22,0.40722510925576055,0.0,0.2459177040578048,0.0,0.0,0.34685718668643456,0.0,0.0,0.0,0.0
2017-08-23,0.40722510925576055,0.0,0.2459177040578048,0.0,0.0,0.34685718668643456,0.0,0.0,0.0,0.0
2017-08-24,0.40722510925576055,0.0,0.2459177040578048,0.0,0.0,0.34685718668643456,0.0,0.0,0.0,0.0
2017-08-25,0.40722510925576055,0.0,0.2459177040578048,0.0,0.0,0.34685718668643456,0.0,0.0,0.0,0.0
2017-08-28,0.40722510925576055,0.0,0.2459177040578048,0.0,0.0,0.34685718668643456,0.0,0.0,0.0,0.0
2017-08-29,0.40722510925576055,0.0,0.2459177040578048,0.0,0.0,0.34685718668643456,0.0,0.0,0.0,0.0
2017-08-30,0.40722510925576055,0.0,0.2459177040578048,0.0,0.0,0.34685718668643456,0.0,0.0,0.0,0.0
2017-08-31,0.0,0.2603569414657207,0.0,0.0,0.0,0.4640640258365257,0.0,0.0,0.0,0.2755790326977537
2017-09-01,0.0,0.2603569414657207,0.0,0.0,0.0,0.4640640258365257,0.0,0.0,0.0,0.2755790326977537
2017-09-05,0.0,0.2603569414657207,0.0,0.0,0.0,0.4640640258365257,0.0,0.0,0.0,0.2755790326977537
2017-09-06,0.0,0.2603569414657207,0.0,0.0,0.0,0.4640640258365257,0.0,0.0,0.0,0.2755790326977537
2017-09-07,0.0,0.2603569414657207,0.0,0.0,0.0,0.4640640258365257,0.0,0.0,0.0,0.2755790326977537
2017-09-08,0.0,0.2603569414657207,0.0,0.0,0.0,0.4640640258365257,0.0,0.0,0.0,0.2755790326977537
2017-09-11,0.0,0.2603569414657207,0.0,0.0,0.0,0.4640640258365257,0.0,0.0,0.0,0.2755790326977537
2017-09-12,0.0,0.2603569414657207,0.0,0.0,0.0,0.4640640258365257,0.0,0.0,0.0,0.2755790326977537
2017-09-13,0.0,0.2603569414657207,0.0,0.0,0.0,0.4640640258365257,0.0,0.0,0.0,0.2755790326977537
2017-09-14,0.0,0.2603569414657207,0.0,0.0,0.0,0.4640640258365257,0.0,0.0,0.0,0.2755790326977537
2017-09-15,0.0,0.2603569414657207,0.0,0.0,0.0,0.4640640258365257,0.0,0.0,0.0,0.2755790326977537
2017-09-18,0.0,0.2603569414657207,0.0,0.0,0.0,0.4640640258365257,0.0,0.0,0.0,0.2755790326977537
2017-09-19,0.0,0.2603569414657207,0.0,0.0,0.0,0.4640640258365257,0.0,0.0,0.0,0.2755790326977537
2017-09-20,0.0,0.2603569414657207,0.0,0.0,0.0,0.4640640258365257,0.0,0.0,0.0,0.2755790326977537
2017-09-21,0.0,0.2603569414657207,0.0,0.0,0.0,0.4640640258365257,0.0,0.0,0.0,0.2755790326977537
2017-09-22,0.0,0.2603569414657207,0.0,0.0,0.0,0.4640640258365257,0.0,0.0,0.0,0.2755790326977537
2017-09-25,0.0,0.2603569414657207,0.0,0.0,0.0,0.4640640258365257,0.0,0.0,0.0,0.2755790326977537
2017-09-26,0.0,0.2603569414657207,0.0,0.0,0.0,0.4640640258365257,0.0,0.0,0.0,0.2755790326977537
2017-09-27,0.0,0.2603569414657207,0.0,0.0,0.0,0.4640640258365257,0.0,0.0,0.0,0.2755790326977537
2017-09-28,0.0,0.2603569414657207,0.0,0.0,0.0,0.4640640258365257,0.0,0.0,0.0,0.2755790326977537
2017-09-29,0.3816750283823406,0.23780102060414007,0.0,0.0,0.0,0.38052395101351943,0.0,0.0,0.0,0.0
2017-10-02,0.3816750283823406,0.23780102060414007,0.0,0.0,0.0,0.38052395101351943,0.0,0.0,0.0,0.0
2017-10-03,0.3816750283823406,0.23780102060414007,0.0,0.0,0.0,0.38052395101351943,0.0,0.0,0.0,0.0
2017-10-04,0.3816750283823406,0.23780102060414007,0.0,0.0,0.0,0.38052395101351943,0.0,0.0,0.0,0.0
2017-10-05,0.3816750283823406,0.23780102060414007,0.0,0.0,0.0,0.38052395101351943,0.0,0.0,0.0,0.0
2017-10-06,0.3816750283823406,0.23780102060414007,0.0,0.0,0.0,0.38052395101351943,0.0,0.0,0.0,0.0
2017-10-09,0.3816750283823406,0.23780102060414007,0.0,0.0,0.0,0.38052395101351943,0.0,0.0,0.0,0.0
2017-10-10,0.3816750283823406,0.23780102060414007,0.0,0.0,0.0,0.38052395101351943,0.0,0.0,0.0,0.0
2017-10-11,0.3816750283823406,0.23780102060414007,0.0,0.0,0.0,0.38052395101351943,0.0,0.0,0.0,0.0
2017-10-12,0.3816750283823406,0.23780102060414007,0.0,0.0,0.0,0.38052395101351943,0.0,0.0,0.0,0.0
2017-10-13,0.3816750283823406,0.23780102060414007,0.0,0.0,0.0,0.38052395101351943,0.0,0.0,0.0,0.0
2017-10-16,0.3816750283823406,0.23780102060414007,0.0,0.0,0.0,0.38052395101351943,0.0,0.0,0.0,0.0
2017-10-17,0.3816750283823406,0.23780102060414007,0.0,0.0,0.0,0.38052395101351943,0.0,0.0,0.0,0.0
2017-10-18,0.3816750283823406,0.23780102060414007,0.0,0.0,0.0,0.38052395101351943,0.0,0.0,0.0,0.0
2017-10-19,0.3816750283823406,0.23780102060414007,0.0,0.0,0.0,0.38052395101351943,0.0,0.0,0.0,0.0
2017-10-20,0.3816750283823406,0.23780102060414007,0.0,0.0,0.0,0.38052395101351943,0.0,0.0,0.0,0.0
2017-10-23,0.3816750283823406,0.23780102060414007,0.0,0.0,0.0,0.38052395101351943,0.0,0.0,0.0,0.0
2017-10-24,0.3816750283823406,0.23780102060414007,0.0,0.0,0.0,0.38052395101351943,0.0,0.0,0.0,0.0
2017-10-25,0.3816750283823406,0.23780102060414007,0.0,0.0,0.0,0.38052395101351943,0.0,0.0,0.0,0.0
2017-10-26,0.3816750283823406,0.23780102060414007,0.0,0.0,0.0,0.38052395101351943,0.0,0.0,0.0,0.0
2017-10-27,0.3816750283823406,0.23780102060414007,0.0,0.0,0.0,0.38052395101351943,0.0,0.0,0.0,0.0
2017-10-30,0.3816750283823406,0.23780102060414007,0.0,0.0,0.0,0.38052395101351943,0.0,0.0,0.0,0.0
2017-10-31,0.3725614782476435,0.0,0.24986764738288642,0.0,0.0,0.3775708743694701,0.0,0.0,0.0,0.0
2017-11-01,0.3725614782476435,0.0,0.24986764738288642,0.0,0.0,0.3775708743694701,0.0,0.0,0.0,0.0
2017-11-02,0.3725614782476435,0.0,0.24986764738288642,0.0,0.0,0.3775708743694701,0.0,0.0,0.0,0.0
2017-11-03,0.3725614782476435,0.0,0.24986764738288642,0.0,0.0,0.3775708743694701,0.0,0.0,0.0,0.0
2017-11-06,0.3725614782476435,0.0,0.24986764738288642,0.0,0.0,0.3775708743694701,0.0,0.0,0.0,0.0
2017-11-07,0.3725614782476435,0.0,0.24986764738288642,0.0,0.0,0.3775708743694701,0.0,0.0,0.0,0.0
2017-11-08,0.3725614782476435,0.0,0.24986764738288642,0.0,0.0,0.3775708743694701,0.0,0.0,0.0,0.0
2017-11-09,0.3725614782476435,0.0,0.24986764738288642,0.0,0.0,0.3775708743694701,0.0,0.0,0.0,0.0
2017-11-10,0.3725614782476435,0.0,0.24986764738288642,0.0,0.0,0.3775708743694701,0.0,0.0,0.0,0.0
2017-11-13,0.3725614782476435,0.0,0.24986764738288642,0.0,0.0,0.3775708743694701,0.0,0.0,0.0,0.0
2017-11-14,0.3725614782476435,0.0,0.24986764738288642,0.0,0.0,0.3775708743694701,0.0,0.0,0.0,0.0
2017-11-15,0.3725614782476435,0.0,0.24986764738288642,0.0,0.0,0.3775708743694701,0.0,0.0,0.0,0.0
2017-11-16,0.3725614782476435,0.0,0.24986764738288642,0.0,0.0,0.3775708743694701,0.0,0.0,0.0,0.0
2017-11-17,0.3725614782476435,0.0,0.24986764738288642,0.0,0.0,0.3775708743694701,0.0,0.0,0.0,0.0
2017-11-20,0.3725614782476435,0.0,0.24986764738288642,0.0,0.0,0.3775708743694701,0.0,0.0,0.0,0.0
2017-11-21,0.3725614782476435,0.0,0.24986764738288642,0.0,0.0,0.3775708743694701,0.0,0.0,0.0,0.0
2017-11-22,0.3725614782476435,0.0,0.24986764738288642,0.0,0.0,0.3775708743694701,0.0,0.0,0.0,0.0
2017-11-24,0.3725614782476435,0.0,0.24986764738288642,0.0,0.0,0.3775708743694701,0.0,0.0,0.0,0.0
2017-11-27,0.3725614782476435,0.0,0.24986764738288642,0.0,0.0,0.3775708743694701,0.0,0.0,0.0,0.0
2017-11-28,0.3725614782476435,0.0,0.24986764738288642,0.0,0.0,0.3775708743694701,0.0,0.0,0.0,0.0
2017-11-29,0.3725614782476435,0.0,0.24986764738288642,0.0,0.0,0.3775708743694701,0.0,0.0,0.0,0.0
2017-11-30,0.40169560329541776,0.0,0.2421360670225722,0.0,0.0,0.3561683296820101,0.0,0.0,0.0,0.0
2017-12-01,0.40169560329541776,0.0,0.2421360670225722,0.0,0.0,0.3561683296820101,0.0,0.0,0.0,0.0
2017-12-04,0.40169560329541776,0.0,0.2421360670225722,0.0,0.0,0.3561683296820101,0.0,0.0,0.0,0.0
2017-12-05,0.40169560329541776,0.0,0.2421360670225722,0.0,0.0,0.3561683296820101,0.0,0.0,0.0,0.0
2017-12-06,0.40169560329541776,0.0,0.2421360670225722,0.0,0.0,0.3561683296820101,0.0,0.0,0.0,0.0
2017-12-07,0.40169560329541776,0.0,0.2421360670225722,0.0,0.0,0.3561683296820101,0.0,0.0,0.0,0.0
2017-12-08,0.40169560329541776,0.0,0.2421360670225722,0.0,0.0,0.3561683296820101,0.0,0.0,0.0,0.0
2017-12-11,0.40169560329541776,0.0,0.2421360670225722,0.0,0.0,0.3561683296820101,0.0,0.0,0.0,0.0
2017-12-12,0.40169560329541776,0.0,0.2421360670225722,0.0,0.0,0.3561683296820101,0.0,0.0,0.0,0.0
2017-12-13,0.40169560329541776,0.0,0.2421360670225722,0.0,0.0,0.3561683296820101,0.0,0.0,0.0,0.0
2017-12-14,0.40169560329541776,0.0,0.2421360670225722,0.0,0.0,0.3561683296820101,0.0,0.0,0.0,0.0
2017-12-15,0.40169560329541776,0.0,0.2421360670225722,0.0,0.0,0.3561683296820101,0.0,0.0,0.0,0.0
2017-12-18,0.40169560329541776,0.0,0.2421360670225722,0.0,0.0,0.3561683296820101,0.0,0.0,0.0,0.0
2017-12-19,0.40169560329541776,0.0,0.2421360670225722,0.0,0.0,0.3561683296820101,0.0,0.0,0.0,0.0
2017-12-20,0.40169560329541776,0.0,0.2421360670225722,0.0,0.0,0.3561683296820101,0.0,0.0,0.0,0.0
2017-12-21,0.40169560329541776,0.0,0.2421360670225722,0.0,0.0,0.3561683296820101,0.0,0.0,0.0,0.0
2017-12-22,0.40169560329541776,0.0,0.2421360670225722,0.0,0.0,0.3561683296820101,0.0,0.0,0.0,0.0
2017-12-26,0.40169560329541776,0.0,0.2421360670225722,0.0,0.0,0.3561683296820101,0.0,0.0,0.0,0.0
2017-12-27,0.40169560329541776,0.0,0.2421360670225722,0.0,0.0,0.3561683296820101,0.0,0.0,0.0,0.0
2017-12-28,0.40169560329541776,0.0,0.2421360670225722,0.0,0.0,0.3561683296820101,0.0,0.0,0.0,0.0
2017-12-29,0.4009109725229147,0.0,0.2293459235049976,0.0,0.0,0.36974310397208776,0.0,0.0,0.0,0.0
2018-01-02,0.4009109725229147,0.0,0.2293459235049976,0.0,0.0,0.36974310397208776,0.0,0.0,0.0,0.0
2018-01-03,0.4009109725229147,0.0,0.2293459235049976,0.0,0.0,0.36974310397208776,0.0,0.0,0.0,0.0
2018-01-04,0.4009109725229147,0.0,0.2293459235049976,0.0,0.0,0.36974310397208776,0.0,0.0,0.0,0.0
2018-01-05,0.4009109725229147,0.0,0.2293459235049976,0.0,0.0,0.36974310397208776,0.0,0.0,0.0,0.0
2018-01-08,0.4009109725229147,0.0,0.2293459235049976,0.0,0.0,0.36974310397208776,0.0,0.0,0.0,0.0
2018-01-09,0.4009109725229147,0.0,0.2293459235049976,0.0,0.0,0.36974310397208776,0.0,0.0,0.0,0.0
2018-01-10,0.4009109725229147,0.0,0.2293459235049976,0.0,0.0,0.36974310397208776,0.0,0.0,0.0,0.0
2018-01-11,0.4009109725229147,0.0,0.2293459235049976,0.0,0.0,0.36974310397208776,0.0,0.0,0.0,0.0
2018-01-12,0.4009109725229147,0.0,0.2293459235049976,0.0,0.0,0.36974310397208776,0.0,0.0,0.0,0.0
2018-01-16,0.4009109725229147,0.0,0.2293459235049976,0.0,0.0,0.36974310397208776,0.0,0.0,0.0,0.0
2018-01-17,0.4009109725229147,0.0,0.2293459235049976,0.0,0.0,0.36974310397208776,0.0,0.0,0.0,0.0
2018-01-18,0.4009109725229147,0.0,0.2293459235049976,0.0,0.0,0.36974310397208776,0.0,0.0,0.0,0.0
2018-01-19,0.4009109725229147,0.0,0.2293459235049976,0.0,0.0,0.36974310397208776,0.0,0.0,0.0,0.0
2018-01-22,0.4009109725229147,0.0,0.2293459235049976,0.0,0.0,0.36974310397208776,0.0,0.0,0.0,0.0
2018-01-23,0.4009109725229147,0.0,0.2293459235049976,0.0,0.0,0.36974310397208776,0.0,0.0,0.0,0.0
2018-01-24,0.4009109725229147,0.0,0.2293459235049976,0.0,0.0,0.36974310397208776,0.0,0.0,0.0,0.0
2018-01-25,0.4009109725229147,0.0,0.2293459235049976,0.0,0.0,0.36974310397208776,0.0,0.0,0.0,0.0
2018-01-26,0.4009109725229147,0.0,0.2293459235049976,0.0,0.0,0.36974310397208776,0.0,0.0,0.0,0.0
2018-01-29,0.4009109725229147,0.0,0.2293459235049976,0.0,0.0,0.36974310397208776,0.0,0.0,0.0,0.0
2018-01-30,0.4009109725229147,0.0,0.2293459235049976,0.0,0.0,0.36974310397208776,0.0,0.0,0.0,0.0
2018-01-31,0.3897577830472412,0.0,0.2478159741654583,0.0,0.0,0.3624262427873005,0.0,0.0,0.0,0.0
2018-02-01,0.3897577830472412,0.0,0.2478159741654583,0.0,0.0,0.3624262427873005,0.0,0.0,0.0,0.0
2018-02-02,0.3897577830472412,0.0,0.2478159741654583,0.0,0.0,0.3624262427873005,0.0,0.0,0.0,0.0
2018-02-05,0.3897577830472412,0.0,0.2478159741654583,0.0,0.0,0.3624262427873005,0.0,0.0,0.0,0.0
2018-02-06,0.3897577830472412,0.0,0.2478159741654583,0.0,0.0,0.3624262427873005,0.0,0.0,0.0,0.0
2018-02-07,0.3897577830472412,0.0,0.2478159741654583,0.0,0.0,0.3624262427873005,0.0,0.0,0.0,0.0
2018-02-08,0.3897577830472412,0.0,0.2478159741654583,0.0,0.0,0.3624262427873005,0.0,0.0,0.0,0.0
2018-02-09,0.3897577830472412,0.0,0.2478159741654583,0.0,0.0,0.3624262427873005,0.0,0.0,0.0,0.0
2018-02-12,0.3897577830472412,0.0,0.2478159741654583,0.0,0.0,0.3624262427873005,0.0,0.0,0.0,0.0
2018-02-13,0.3897577830472412,0.0,0.2478159741654583,0.0,0.0,0.3624262427873005,0.0,0.0,0.0,0.0
2018-02-14,0.3897577830472412,0.0,0.2478159741654583,0.0,0.0,0.3624262427873005,0.0,0.0,0.0,0.0
2018-02-15,0.3897577830472412,0.0,0.2478159741654583,0.0,0.0,0.3624262427873005,0.0,0.0,0.0,0.0
2018-02-16,0.3897577830472412,0.0,0.2478159741654583,0.0,0.0,0.3624262427873005,0.0,0.0,0.0,0.0
2018-02-20,0.3897577830472412,0.0,0.2478159741654583,0.0,0.0,0.3624262427873005,0.0,0.0,0.0,0.0
2018-02-21,0.3897577830472412,0.0,0.2478159741654583,0.0,0.0,0.3624262427873005,0.0,0.0,0.0,0.0
2018-02-22,0.3897577830472412,0.0,0.2478159741654583,0.0,0.0,0.3624262427873005,0.0,0.0,0.0,0.0
2018-02-23,0.3897577830472412,0.0,0.2478159741654583,0.0,0.0,0.3624262427873005,0.0,0.0,0.0,0.0
2018-02-26,0.3897577830472412,0.0,0.2478159741654583,0.0,0.0,0.3624262427873005,0.0,0.0,0.0,0.0
2018-02-27,0.3897577830472412,0.0,0.2478159741654583,0.0,0.0,0.3624262427873005,0.0,0.0,0.0,0.0
2018-02-28,0.3958487695949469,0.0,0.0,0.0,0.0,0.0,0.2981722973108759,0.0,0.3059789330941772,0.0
2018-03-01,0.3958487695949469,0.0,0.0,0.0,0.0,0.0,0.2981722973108759,0.0,0.3059789330941772,0.0
2018-03-02,0.3958487695949469,0.0,0.0,0.0,0.0,0.0,0.2981722973108759,0.0,0.3059789330941772,0.0
2018-03-05,0.3958487695949469,0.0,0.0,0.0,0.0,0.0,0.2981722973108759,0.0,0.3059789330941772,0.0
2018-03-06,0.3958487695949469,0.0,0.0,0.0,0.0,0.0,0.2981722973108759,0.0,0.3059789330941772,0.0
2018-03-07,0.3958487695949469,0.0,0.0,0.0,0.0,0.0,0.2981722973108759,0.0,0.3059789330941772,0.0
2018-03-08,0.3958487695949469,0.0,0.0,0.0,0.0,0.0,0.2981722973108759,0.0,0.3059789330941772,0.0
2018-03-09,0.3958487695949469,0.0,0.0,0.0,0.0,0.0,0.2981722973108759,0.0,0.3059789330941772,0.0
2018-03-12,0.3958487695949469,0.0,0.0,0.0,0.0,0.0,0.2981722973108759,0.0,0.3059789330941772,0.0
2018-03-13,0.3958487695949469,0.0,0.0,0.0,0.0,0.0,0.2981722973108759,0.0,0.3059789330941772,0.0
2018-03-14,0.3958487695949469,0.0,0.0,0.0,0.0,0.0,0.2981722973108759,0.0,0.3059789330941772,0.0
2018-03-15,0.3958487695949469,0.0,0.0,0.0,0.0,0.0,0.2981722973108759,0.0,0.3059789330941772,0.0
2018-03-16,0.3958487695949469,0.0,0.0,0.0,0.0,0.0,0.2981722973108759,0.0,0.3059789330941772,0.0
2018-03-19,0.3958487695949469,0.0,0.0,0.0,0.0,0.0,0.2981722973108759,0.0,0.3059789330941772,0.0
2018-03-20,0.3958487695949469,0.0,0.0,0.0,0.0,0.0,0.2981722973108759,0.0,0.3059789330941772,0.0
2018-03-21,0.3958487695949469,0.0,0.0,0.0,0.0,0.0,0.2981722973108759,0.0,0.3059789330941772,0.0
2018-03-22,0.3958487695949469,0.0,0.0,0.0,0.0,0.0,0.2981722973108759,0.0,0.3059789330941772,0.0
2018-03-23,0.3958487695949469,0.0,0.0,0.0,0.0,0.0,0.2981722973108759,0.0,0.3059789330941772,0.0
2018-03-26,0.3958487695949469,0.0,0.0,0.0,0.0,0.0,0.2981722973108759,0.0,0.3059789330941772,0.0
2018-03-27,0.3958487695949469,0.0,0.0,0.0,0.0,0.0,0.2981722973108759,0.0,0.3059789330941772,0.0
2018-03-28,0.3958487695949469,0.0,0.0,0.0,0.0,0.0,0.2981722973108759,0.0,0.3059789330941772,0.0
2018-03-29,0.0,0.3398145867091707,0.0,0.0,0.0,0.0,0.33126156718434313,0.0,0.0,0.3289238461064861
2018-04-02,0.0,0.3398145867091707,0.0,0.0,0.0,0.0,0.33126156718434313,0.0,0.0,0.3289238461064861
2018-04-03,0.0,0.3398145867091707,0.0,0.0,0.0,0.0,0.33126156718434313,0.0,0.0,0.3289238461064861
2018-04-04,0.0,0.3398145867091707,0.0,0.0,0.0,0.0,0.33126156718434313,0.0,0.0,0.3289238461064861
2018-04-05,0.0,0.3398145867091707,0.0,0.0,0.0,0.0,0.33126156718434313,0.0,0.0,0.3289238461064861
2018-04-06,0.0,0.3398145867091707,0.0,0.0,0.0,0.0,0.33126156718434313,0.0,0.0,0.3289238461064861
2018-04-09,0.0,0.3398145867091707,0.0,0.0,0.0,0.0,0.33126156718434313,0.0,0.0,0.3289238461064861
2018-04-10,0.0,0.3398145867091707,0.0,0.0,0.0,0.0,0.33126156718434313,0.0,0.0,0.3289238461064861
2018-04-11,0.0,0.3398145867091707,0.0,0.0,0.0,0.0,0.33126156718434313,0.0,0.0,0.3289238461064861
2018-04-12,0.0,0.3398145867091707,0.0,0.0,0.0,0.0,0.33126156718434313,0.0,0.0,0.3289238461064861
2018-04-13,0.0,0.3398145867091707,0.0,0.0,0.0,0.0,0.33126156718434313,0.0,0.0,0.3289238461064861
2018-04-16,0.0,0.3398145867091707,0.0,0.0,0.0,0.0,0.33126156718434313,0.0,0.0,0.3289238461064861
2018-04-17,0.0,0.3398145867091707,0.0,0.0,0.0,0.0,0.33126156718434313,0.0,0.0,0.3289238461064861
2018-04-18,0.0,0.3398145867091707,0.0,0.0,0.0,0.0,0.33126156718434313,0.0,0.0,0.3289238461064861
2018-04-19,0.0,0.3398145867091707,0.0,0.0,0.0,0.0,0.33126156718434313,0.0,0.0,0.3289238461064861
2018-04-20,0.0,0.3398145867091707,0.0,0.0,0.0,0.0,0.33126156718434313,0.0,0.0,0.3289238461064861
2018-04-23,0.0,0.3398145867091707,0.0,0.0,0.0,0.0,0.33126156718434313,0.0,0.0,0.3289238461064861
2018-04-24,0.0,0.3398145867091707,0.0,0.0,0.0,0.0,0.33126156718434313,0.0,0.0,0.3289238461064861
2018-04-25,0.0,0.3398145867091707,0.0,0.0,0.0,0.0,0.33126156718434313,0.0,0.0,0.3289238461064861
2018-04-26,0.0,0.3398145867091707,0.0,0.0,0.0,0.0,0.33126156718434313,0.0,0.0,0.3289238461064861
2018-04-27,0.0,0.3398145867091707,0.0,0.0,0.0,0.0,0.33126156718434313,0.0,0.0,0.3289238461064861
2018-04-30,0.0,0.3272514872010944,0.0,0.0,0.0,0.0,0.3487348721944219,0.0,0.0,0.3240136406044837
2018-05-01,0.0,0.3272514872010944,0.0,0.0,0.0,0.0,0.3487348721944219,0.0,0.0,0.3240136406044837
2018-05-02,0.0,0.3272514872010944,0.0,0.0,0.0,0.0,0.3487348721944219,0.0,0.0,0.3240136406044837
2018-05-03,0.0,0.3272514872010944,0.0,0.0,0.0,0.0,0.3487348721944219,0.0,0.0,0.3240136406044837
2018-05-04,0.0,0.3272514872010944,0.0,0.0,0.0,0.0,0.3487348721944219,0.0,0.0,0.3240136406044837
2018-05-07,0.0,0.3272514872010944,0.0,0.0,0.0,0.0,0.3487348721944219,0.0,0.0,0.3240136406044837
2018-05-08,0.0,0.3272514872010944,0.0,0.0,0.0,0.0,0.3487348721944219,0.0,0.0,0.3240136406044837
2018-05-09,0.0,0.3272514872010944,0.0,0.0,0.0,0.0,0.3487348721944219,0.0,0.0,0.3240136406044837
2018-05-10,0.0,0.3272514872010944,0.0,0.0,0.0,0.0,0.3487348721944219,0.0,0.0,0.3240136406044837
2018-05-11,0.0,0.3272514872010944,0.0,0.0,0.0,0.0,0.3487348721944219,0.0,0.0,0.3240136406044837
2018-05-14,0.0,0.3272514872010944,0.0,0.0,0.0,0.0,0.3487348721944219,0.0,0.0,0.3240136406044837
2018-05-15,0.0,0.3272514872010944,0.0,0.0,0.0,0.0,0.3487348721944219,0.0,0.0,0.3240136406044837
2018-05-16,0.0,0.3272514872010944,0.0,0.0,0.0,0.0,0.3487348721944219,0.0,0.0,0.3240136406044837
2018-05-17,0.0,0.3272514872010944,0.0,0.0,0.0,0.0,0.3487348721944219,0.0,0.0,0.3240136406044837
2018-05-18,0.0,0.3272514872010944,0.0,0.0,0.0,0.0,0.3487348721944219,0.0,0.0,0.3240136406044837
2018-05-21,0.0,0.3272514872010944,0.0,0.0,0.0,0.0,0.3487348721944219,0.0,0.0,0.3240136406044837
2018-05-22,0.0,0.3272514872010944,0.0,0.0,0.0,0.0,0.3487348721944219,0.0,0.0,0.3240136406044837
2018-05-23,0.0,0.3272514872010944,0.0,0.0,0.0,0.0,0.3487348721944219,0.0,0.0,0.3240136406044837
2018-05-24,0.0,0.3272514872010944,0.0,0.0,0.0,0.0,0.3487348721944219,0.0,0.0,0.3240136406044837
2018-05-25,0.0,0.3272514872010944,0.0,0.0,0.0,0.0,0.3487348721944219,0.0,0.0,0.3240136406044837
2018-05-29,0.0,0.3272514872010944,0.0,0.0,0.0,0.0,0.3487348721944219,0.0,0.0,0.3240136406044837
2018-05-30,0.0,0.3272514872010944,0.0,0.0,0.0,0.0,0.3487348721944219,0.0,0.0,0.3240136406044837
2018-05-31,0.0,0.0,0.0,0.0,0.0,0.4697015823308801,0.2758253490721486,0.0,0.2544730685969714,0.0
2018-06-01,0.0,0.0,0.0,0.0,0.0,0.4697015823308801,0.2758253490721486,0.0,0.2544730685969714,0.0
2018-06-04,0.0,0.0,0.0,0.0,0.0,0.4697015823308801,0.2758253490721486,0.0,0.2544730685969714,0.0
2018-06-05,0.0,0.0,0.0,0.0,0.0,0.4697015823308801,0.2758253490721486,0.0,0.2544730685969714,0.0
2018-06-06,0.0,0.0,0.0,0.0,0.0,0.4697015823308801,0.2758253490721486,0.0,0.2544730685969714,0.0
2018-06-07,0.0,0.0,0.0,0.0,0.0,0.4697015823308801,0.2758253490721486,0.0,0.2544730685969714,0.0
2018-06-08,0.0,0.0,0.0,0.0,0.0,0.4697015823308801,0.2758253490721486,0.0,0.2544730685969714,0.0
2018-06-11,0.0,0.0,0.0,0.0,0.0,0.4697015823308801,0.2758253490721486,0.0,0.2544730685969714,0.0
2018-06-12,0.0,0.0,0.0,0.0,0.0,0.4697015823308801,0.2758253490721486,0.0,0.2544730685969714,0.0
2018-06-13,0.0,0.0,0.0,0.0,0.0,0.4697015823308801,0.2758253490721486,0.0,0.2544730685969714,0.0
2018-06-14,0.0,0.0,0.0,0.0,0.0,0.4697015823308801,0.2758253490721486,0.0,0.2544730685969714,0.0
2018-06-15,0.0,0.0,0.0,0.0,0.0,0.4697015823308801,0.2758253490721486,0.0,0.2544730685969714,0.0
2018-06-18,0.0,0.0,0.0,0.0,0.0,0.4697015823308801,0.2758253490721486,0.0,0.2544730685969714,0.0
2018-06-19,0.0,0.0,0.0,0.0,0.0,0.4697015823308801,0.2758253490721486,0.0,0.2544730685969714,0.0
2018-06-20,0.0,0.0,0.0,0.0,0.0,0.4697015823308801,0.2758253490721486,0.0,0.2544730685969714,0.0
2018-06-21,0.0,0.0,0.0,0.0,0.0,0.4697015823308801,0.2758253490721486,0.0,0.2544730685969714,0.0
2018-06-22,0.0,0.0,0.0,0.0,0.0,0.4697015823308801,0.2758253490721486,0.0,0.2544730685969714,0.0
2018-06-25,0.0,0.0,0.0,0.0,0.0,0.4697015823308801,0.2758253490721486,0.0,0.2544730685969714,0.0
2018-06-26,0.0,0.0,0.0,0.0,0.0,0.4697015823308801,0.2758253490721486,0.0,0.2544730685969714,0.0
2018-06-27,0.0,0.0,0.0,0.0,0.0,0.4697015823308801,0.2758253490721486,0.0,0.2544730685969714,0.0
2018-06-28,0.0,0.0,0.0,0.0,0.0,0.4697015823308801,0.2758253490721486,0.0,0.2544730685969714,0.0
2018-06-29,0.0,0.2981349694129057,0.39520765276369546,0.0,0.0,0.0,0.0,0.0,0.0,0.3066573778233989
2018-07-02,0.0,0.2981349694129057,0.39520765276369546,0.0,0.0,0.0,0.0,0.0,0.0,0.3066573778233989
2018-07-03,0.0,0.2981349694129057,0.39520765276369546,0.0,0.0,0.0,0.0,0.0,0.0,0.3066573778233989
2018-07-05,0.0,0.2981349694129057,0.39520765276369546,0.0,0.0,0.0,0.0,0.0,0.0,0.3066573778233989
2018-07-06,0.0,0.2981349694129057,0.39520765276369546,0.0,0.0,0.0,0.0,0.0,0.0,0.3066573778233989
2018-07-09,0.0,0.2981349694129057,0.39520765276369546,0.0,0.0,0.0,0.0,0.0,0.0,0.3066573778233989
2018-07-10,0.0,0.2981349694129057,0.39520765276369546,0.0,0.0,0.0,0.0,0.0,0.0,0.3066573778233989
2018-07-11,0.0,0.2981349694129057,0.39520765276369546,0.0,0.0,0.0,0.0,0.0,0.0,0.3066573778233989
2018-07-12,0.0,0.2981349694129057,0.39520765276369546,0.0,0.0,0.0,0.0,0.0,0.0,0.3066573778233989
2018-07-13,0.0,0.2981349694129057,0.39520765276369546,0.0,0.0,0.0,0.0,0.0,0.0,0.3066573778233989
2018-07-16,0.0,0.2981349694129057,0.39520765276369546,0.0,0.0,0.0,0.0,0.0,0.0,0.3066573778233989
2018-07-17,0.0,0.2981349694129057,0.39520765276369546,0.0,0.0,0.0,0.0,0.0,0.0,0.3066573778233989
2018-07-18,0.0,0.2981349694129057,0.39520765276369546,0.0,0.0,0.0,0.0,0.0,0.0,0.3066573778233989
2018-07-19,0.0,0.2981349694129057,0.39520765276369546,0.0,0.0,0.0,0.0,0.0,0.0,0.3066573778233989
2018-07-20,0.0,0.2981349694129057,0.39520765276369546,0.0,0.0,0.0,0.0,0.0,0.0,0.3066573778233989
2018-07-23,0.0,0.2981349694129057,0.39520765276369546,0.0,0.0,0.0,0.0,0.0,0.0,0.3066573778233989
2018-07-24,0.0,0.2981349694129057,0.39520765276369546,0.0,0.0,0.0,0.0,0.0,0.0,0.3066573778233989
2018-07-25,0.0,0.2981349694129057,0.39520765276369546,0.0,0.0,0.0,0.0,0.0,0.0,0.3066573778233989
2018-07-26,0.0,0.2981349694129057,0.39520765276369546,0.0,0.0,0.0,0.0,0.0,0.0,0.3066573778233989
2018-07-27,0.0,0.2981349694129057,0.39520765276369546,0.0,0.0,0.0,0.0,0.0,0.0,0.3066573778233989
2018-07-30,0.0,0.2981349694129057,0.39520765276369546,0.0,0.0,0.0,0.0,0.0,0.0,0.3066573778233989
2018-07-31,0.0,0.0,0.3577256235240903,0.0,0.0,0.0,0.0,0.347367994905344,0.0,0.29490638157056576
2018-08-01,0.0,0.0,0.3577256235240903,0.0,0.0,0.0,0.0,0.347367994905344,0.0,0.29490638157056576
2018-08-02,0.0,0.0,0.3577256235240903,0.0,0.0,0.0,0.0,0.347367994905344,0.0,0.29490638157056576
2018-08-03,0.0,0.0,0.3577256235240903,0.0,0.0,0.0,0.0,0.347367994905344,0.0,0.29490638157056576
2018-08-06,0.0,0.0,0.3577256235240903,0.0,0.0,0.0,0.0,0.347367994905344,0.0,0.29490638157056576
2018-08-07,0.0,0.0,0.3577256235240903,0.0,0.0,0.0,0.0,0.347367994905344,0.0,0.29490638157056576
2018-08-08,0.0,0.0,0.3577256235240903,0.0,0.0,0.0,0.0,0.347367994905344,0.0,0.29490638157056576
2018-08-09,0.0,0.0,0.3577256235240903,0.0,0.0,0.0,0.0,0.347367994905344,0.0,0.29490638157056576
2018-08-10,0.0,0.0,0.3577256235240903,0.0,0.0,0.0,0.0,0.347367994905344,0.0,0.29490638157056576
2018-08-13,0.0,0.0,0.3577256235240903,0.0,0.0,0.0,0.0,0.347367994905344,0.0,0.29490638157056576
2018-08-14,0.0,0.0,0.3577256235240903,0.0,0.0,0.0,0.0,0.347367994905344,0.0,0.29490638157056576
2018-08-15,0.0,0.0,0.3577256235240903,0.0,0.0,0.0,0.0,0.347367994905344,0.0,0.29490638157056576
2018-08-16,0.0,0.0,0.3577256235240903,0.0,0.0,0.0,0.0,0.347367994905344,0.0,0.29490638157056576
2018-08-17,0.0,0.0,0.3577256235240903,0.0,0.0,0.0,0.0,0.347367994905344,0.0,0.29490638157056576
2018-08-20,0.0,0.0,0.3577256235240903,0.0,0.0,0.0,0.0,0.347367994905344,0.0,0.29490638157056576
2018-08-21,0.0,0.0,0.3577256235240903,0.0,0.0,0.0,0.0,0.347367994905344,0.0,0.29490638157056576
2018-08-22,0.0,0.0,0.3577256235240903,0.0,0.0,0.0,0.0,0.347367994905344,0.0,0.29490638157056576
2018-08-23,0.0,0.0,0.3577256235240903,0.0,0.0,0.0,0.0,0.347367994905344,0.0,0.29490638157056576
2018-08-24,0.0,0.0,0.3577256235240903,0.0,0.0,0.0,0.0,0.347367994905344,0.0,0.29490638157056576
2018-08-27,0.0,0.0,0.3577256235240903,0.0,0.0,0.0,0.0,0.347367994905344,0.0,0.29490638157056576
2018-08-28,0.0,0.0,0.3577256235240903,0.0,0.0,0.0,0.0,0.347367994905344,0.0,0.29490638157056576
2018-08-29,0.0,0.0,0.3577256235240903,0.0,0.0,0.0,0.0,0.347367994905344,0.0,0.29490638157056576
2018-08-30,0.0,0.0,0.3577256235240903,0.0,0.0,0.0,0.0,0.347367994905344,0.0,0.29490638157056576
2018-08-31,0.46626769475271973,0.0,0.0,0.0,0.0,0.0,0.1964596785081116,0.33727262673916864,0.0,0.0
2018-09-04,0.46626769475271973,0.0,0.0,0.0,0.0,0.0,0.1964596785081116,0.33727262673916864,0.0,0.0
2018-09-05,0.46626769475271973,0.0,0.0,0.0,0.0,0.0,0.1964596785081116,0.33727262673916864,0.0,0.0
2018-09-06,0.46626769475271973,0.0,0.0,0.0,0.0,0.0,0.1964596785081116,0.33727262673916864,0.0,0.0
2018-09-07,0.46626769475271973,0.0,0.0,0.0,0.0,0.0,0.1964596785081116,0.33727262673916864,0.0,0.0
2018-09-10,0.46626769475271973,0.0,0.0,0.0,0.0,0.0,0.1964596785081116,0.33727262673916864,0.0,0.0
2018-09-11,0.46626769475271973,0.0,0.0,0.0,0.0,0.0,0.1964596785081116,0.33727262673916864,0.0,0.0
2018-09-12,0.46626769475271973,0.0,0.0,0.0,0.0,0.0,0.1964596785081116,0.33727262673916864,0.0,0.0
2018-09-13,0.46626769475271973,0.0,0.0,0.0,0.0,0.0,0.1964596785081116,0.33727262673916864,0.0,0.0
2018-09-14,0.46626769475271973,0.0,0.0,0.0,0.0,0.0,0.1964596785081116,0.33727262673916864,0.0,0.0
2018-09-17,0.46626769475271973,0.0,0.0,0.0,0.0,0.0,0.1964596785081116,0.33727262673916864,0.0,0.0
2018-09-18,0.46626769475271973,0.0,0.0,0.0,0.0,0.0,0.1964596785081116,0.33727262673916864,0.0,0.0
2018-09-19,0.46626769475271973,0.0,0.0,0.0,0.0,0.0,0.1964596785081116,0.33727262673916864,0.0,0.0
2018-09-20,0.46626769475271973,0.0,0.0,0.0,0.0,0.0,0.1964596785081116,0.33727262673916864,0.0,0.0
2018-09-21,0.46626769475271973,0.0,0.0,0.0,0.0,0.0,0.1964596785081116,0.33727262673916864,0.0,0.0
2018-09-24,0.46626769475271973,0.0,0.0,0.0,0.0,0.0,0.1964596785081116,0.33727262673916864,0.0,0.0
2018-09-25,0.46626769475271973,0.0,0.0,0.0,0.0,0.0,0.1964596785081116,0.33727262673916864,0.0,0.0
2018-09-26,0.46626769475271973,0.0,0.0,0.0,0.0,0.0,0.1964596785081116,0.33727262673916864,0.0,0.0
2018-09-27,0.46626769475271973,0.0,0.0,0.0,0.0,0.0,0.1964596785081116,0.33727262673916864,0.0,0.0
2018-09-28,0.42957455952762924,0.0,0.31079677104848236,0.0,0.0,0.0,0.0,0.2596286694238883,0.0,0.0
2018-10-01,0.42957455952762924,0.0,0.31079677104848236,0.0,0.0,0.0,0.0,0.2596286694238883,0.0,0.0
2018-10-02,0.42957455952762924,0.0,0.31079677104848236,0.0,0.0,0.0,0.0,0.2596286694238883,0.0,0.0
2018-10-03,0.42957455952762924,0.0,0.31079677104848236,0.0,0.0,0.0,0.0,0.2596286694238883,0.0,0.0
2018-10-04,0.42957455952762924,0.0,0.31079677104848236,0.0,0.0,0.0,0.0,0.2596286694238883,0.0,0.0
2018-10-05,0.42957455952762924,0.0,0.31079677104848236,0.0,0.0,0.0,0.0,0.2596286694238883,0.0,0.0
2018-10-08,0.42957455952762924,0.0,0.31079677104848236,0.0,0.0,0.0,0.0,0.2596286694238883,0.0,0.0
2018-10-09,0.42957455952762924,0.0,0.31079677104848236,0.0,0.0,0.0,0.0,0.2596286694238883,0.0,0.0
2018-10-10,0.42957455952762924,0.0,0.31079677104848236,0.0,0.0,0.0,0.0,0.2596286694238883,0.0,0.0
2018-10-11,0.42957455952762924,0.0,0.31079677104848236,0.0,0.0,0.0,0.0,0.2596286694238883,0.0,0.0
2018-10-12,0.42957455952762924,0.0,0.31079677104848236,0.0,0.0,0.0,0.0,0.2596286694238883,0.0,0.0
2018-10-15,0.42957455952762924,0.0,0.31079677104848236,0.0,0.0,0.0,0.0,0.2596286694238883,0.0,0.0
2018-10-16,0.42957455952762924,0.0,0.31079677104848236,0.0,0.0,0.0,0.0,0.2596286694238883,0.0,0.0
2018-10-17,0.42957455952762924,0.0,0.31079677104848236,0.0,0.0,0.0,0.0,0.2596286694238883,0.0,0.0
2018-10-18,0.42957455952762924,0.0,0.31079677104848236,0.0,0.0,0.0,0.0,0.2596286694238883,0.0,0.0
2018-10-19,0.42957455952762924,0.0,0.31079677104848236,0.0,0.0,0.0,0.0,0.2596286694238883,0.0,0.0
2018-10-22,0.42957455952762924,0.0,0.31079677104848236,0.0,0.0,0.0,0.0,0.2596286694238883,0.0,0.0
2018-10-23,0.42957455952762924,0.0,0.31079677104848236,0.0,0.0,0.0,0.0,0.2596286694238883,0.0,0.0
2018-10-24,0.42957455952762924,0.0,0.31079677104848236,0.0,0.0,0.0,0.0,0.2596286694238883,0.0,0.0
2018-10-25,0.42957455952762924,0.0,0.31079677104848236,0.0,0.0,0.0,0.0,0.2596286694238883,0.0,0.0
2018-10-26,0.42957455952762924,0.0,0.31079677104848236,0.0,0.0,0.0,0.0,0.2596286694238883,0.0,0.0
2018-10-29,0.42957455952762924,0.0,0.31079677104848236,0.0,0.0,0.0,0.0,0.2596286694238883,0.0,0.0
2018-10-30,0.42957455952762924,0.0,0.31079677104848236,0.0,0.0,0.0,0.0,0.2596286694238883,0.0,0.0
2018-10-31,0.0,0.3353414115380129,0.0,0.0,0.0,0.0,0.3299993704349861,0.0,0.0,0.33465921802700105
2018-11-01,0.0,0.3353414115380129,0.0,0.0,0.0,0.0,0.3299993704349861,0.0,0.0,0.33465921802700105
2018-11-02,0.0,0.3353414115380129,0.0,0.0,0.0,0.0,0.3299993704349861,0.0,0.0,0.33465921802700105
2018-11-05,0.0,0.3353414115380129,0.0,0.0,0.0,0.0,0.3299993704349861,0.0,0.0,0.33465921802700105
2018-11-06,0.0,0.3353414115380129,0.0,0.0,0.0,0.0,0.3299993704349861,0.0,0.0,0.33465921802700105
2018-11-07,0.0,0.3353414115380129,0.0,0.0,0.0,0.0,0.3299993704349861,0.0,0.0,0.33465921802700105
2018-11-08,0.0,0.3353414115380129,0.0,0.0,0.0,0.0,0.3299993704349861,0.0,0.0,0.33465921802700105
2018-11-09,0.0,0.3353414115380129,0.0,0.0,0.0,0.0,0.3299993704349861,0.0,0.0,0.33465921802700105
2018-11-12,0.0,0.3353414115380129,0.0,0.0,0.0,0.0,0.3299993704349861,0.0,0.0,0.33465921802700105
2018-11-13,0.0,0.3353414115380129,0.0,0.0,0.0,0.0,0.3299993704349861,0.0,0.0,0.33465921802700105
2018-11-14,0.0,0.3353414115380129,0.0,0.0,0.0,0.0,0.3299993704349861,0.0,0.0,0.33465921802700105
2018-11-15,0.0,0.3353414115380129,0.0,0.0,0.0,0.0,0.3299993704349861,0.0,0.0,0.33465921802700105
2018-11-16,0.0,0.3353414115380129,0.0,0.0,0.0,0.0,0.3299993704349861,0.0,0.0,0.33465921802700105
2018-11-19,0.0,0.3353414115380129,0.0,0.0,0.0,0.0,0.3299993704349861,0.0,0.0,0.33465921802700105
2018-11-20,0.0,0.3353414115380129,0.0,0.0,0.0,0.0,0.3299993704349861,0.0,0.0,0.33465921802700105
2018-11-21,0.0,0.3353414115380129,0.0,0.0,0.0,0.0,0.3299993704349861,0.0,0.0,0.33465921802700105
2018-11-23,0.0,0.3353414115380129,0.0,0.0,0.0,0.0,0.3299993704349861,0.0,0.0,0.33465921802700105
2018-11-26,0.0,0.3353414115380129,0.0,0.0,0.0,0.0,0.3299993704349861,0.0,0.0,0.33465921802700105
2018-11-27,0.0,0.3353414115380129,0.0,0.0,0.0,0.0,0.3299993704349861,0.0,0.0,0.33465921802700105
2018-11-28,0.0,0.3353414115380129,0.0,0.0,0.0,0.0,0.3299993704349861,0.0,0.0,0.33465921802700105
2018-11-29,0.0,0.3353414115380129,0.0,0.0,0.0,0.0,0.3299993704349861,0.0,0.0,0.33465921802700105
2018-11-30,0.0,0.32659209958968693,0.0,0.0,0.0,0.0,0.36118505988290445,0.0,0.0,0.3122228405274087
2018-12-03,0.0,0.32659209958968693,0.0,0.0,0.0,0.0,0.36118505988290445,0.0,0.0,0.3122228405274087
2018-12-04,0.0,0.32659209958968693,0.0,0.0,0.0,0.0,0.36118505988290445,0.0,0.0,0.3122228405274087
2018-12-06,0.0,0.32659209958968693,0.0,0.0,0.0,0.0,0.36118505988290445,0.0,0.0,0.3122228405274087
2018-12-07,0.0,0.32659209958968693,0.0,0.0,0.0,0.0,0.36118505988290445,0.0,0.0,0.3122228405274087
2018-12-10,0.0,0.32659209958968693,0.0,0.0,0.0,0.0,0.36118505988290445,0.0,0.0,0.3122228405274087
2018-12-11,0.0,0.32659209958968693,0.0,0.0,0.0,0.0,0.36118505988290445,0.0,0.0,0.3122228405274087
2018-12-12,0.0,0.32659209958968693,0.0,0.0,0.0,0.0,0.36118505988290445,0.0,0.0,0.3122228405274087
2018-12-13,0.0,0.32659209958968693,0.0,0.0,0.0,0.0,0.36118505988290445,0.0,0.0,0.3122228405274087
2018-12-14,0.0,0.32659209958968693,0.0,0.0,0.0,0.0,0.36118505988290445,0.0,0.0,0.3122228405274087
2018-12-17,0.0,0.32659209958968693,0.0,0.0,0.0,0.0,0.36118505988290445,0.0,0.0,0.3122228405274087
2018-12-18,0.0,0.32659209958968693,0.0,0.0,0.0,0.0,0.36118505988290445,0.0,0.0,0.3122228405274087
2018-12-19,0.0,0.32659209958968693,0.0,0.0,0.0,0.0,0.36118505988290445,0.0,0.0,0.3122228405274087
2018-12-20,0.0,0.32659209958968693,0.0,0.0,0.0,0.0,0.36118505988290445,0.0,0.0,0.3122228405274087
2018-12-21,0.0,0.32659209958968693,0.0,0.0,0.0,0.0,0.36118505988290445,0.0,0.0,0.3122228405274087
2018-12-24,0.0,0.32659209958968693,0.0,0.0,0.0,0.0,0.36118505988290445,0.0,0.0,0.3122228405274087
2018-12-26,0.0,0.32659209958968693,0.0,0.0,0.0,0.0,0.36118505988290445,0.0,0.0,0.3122228405274087
2018-12-27,0.0,0.32659209958968693,0.0,0.0,0.0,0.0,0.36118505988290445,0.0,0.0,0.3122228405274087
2018-12-28,0.0,0.32659209958968693,0.0,0.0,0.0,0.0,0.36118505988290445,0.0,0.0,0.3122228405274087
2018-12-31,0.0,0.0,0.3772629045628841,0.0,0.0,0.0,0.0,0.0,0.33642720209476956,0.28630989334234624
2019-01-02,0.0,0.0,0.3772629045628841,0.0,0.0,0.0,0.0,0.0,0.33642720209476956,0.28630989334234624
2019-01-03,0.0,0.0,0.3772629045628841,0.0,0.0,0.0,0.0,0.0,0.33642720209476956,0.28630989334234624
2019-01-04,0.0,0.0,0.3772629045628841,0.0,0.0,0.0,0.0,0.0,0.33642720209476956,0.28630989334234624
2019-01-07,0.0,0.0,0.3772629045628841,0.0,0.0,0.0,0.0,0.0,0.33642720209476956,0.28630989334234624
2019-01-08,0.0,0.0,0.3772629045628841,0.0,0.0,0.0,0.0,0.0,0.33642720209476956,0.28630989334234624
2019-01-09,0.0,0.0,0.3772629045628841,0.0,0.0,0.0,0.0,0.0,0.33642720209476956,0.28630989334234624
2019-01-10,0.0,0.0,0.3772629045628841,0.0,0.0,0.0,0.0,0.0,0.33642720209476956,0.28630989334234624
2019-01-11,0.0,0.0,0.3772629045628841,0.0,0.0,0.0,0.0,0.0,0.33642720209476956,0.28630989334234624
2019-01-14,0.0,0.0,0.3772629045628841,0.0,0.0,0.0,0.0,0.0,0.33642720209476956,0.28630989334234624
2019-01-15,0.0,0.0,0.3772629045628841,0.0,0.0,0.0,0.0,0.0,0.33642720209476956,0.28630989334234624
2019-01-16,0.0,0.0,0.3772629045628841,0.0,0.0,0.0,0.0,0.0,0.33642720209476956,0.28630989334234624
2019-01-17,0.0,0.0,0.3772629045628841,0.0,0.0,0.0,0.0,0.0,0.33642720209476956,0.28630989334234624
2019-01-18,0.0,0.0,0.3772629045628841,0.0,0.0,0.0,0.0,0.0,0.33642720209476956,0.28630989334234624
2019-01-22,0.0,0.0,0.3772629045628841,0.0,0.0,0.0,0.0,0.0,0.33642720209476956,0.28630989334234624
2019-01-23,0.0,0.0,0.3772629045628841,0.0,0.0,0.0,0.0,0.0,0.33642720209476956,0.28630989334234624
2019-01-24,0.0,0.0,0.3772629045628841,0.0,0.0,0.0,0.0,0.0,0.33642720209476956,0.28630989334234624
2019-01-25,0.0,0.0,0.3772629045628841,0.0,0.0,0.0,0.0,0.0,0.33642720209476956,0.28630989334234624
2019-01-28,0.0,0.0,0.3772629045628841,0.0,0.0,0.0,0.0,0.0,0.33642720209476956,0.28630989334234624
2019-01-29,0.0,0.0,0.3772629045628841,0.0,0.0,0.0,0.0,0.0,0.33642720209476956,0.28630989334234624
2019-01-30,0.0,0.0,0.3772629045628841,0.0,0.0,0.0,0.0,0.0,0.33642720209476956,0.28630989334234624
2019-01-31,0.4090191609774962,0.30495077394562004,0.0,0.0,0.0,0.0,0.0,0.0,0.0,0.2860300650768838
2019-02-01,0.4090191609774962,0.30495077394562004,0.0,0.0,0.0,0.0,0.0,0.0,0.0,0.2860300650768838
2019-02-04,0.4090191609774962,0.30495077394562004,0.0,0.0,0.0,0.0,0.0,0.0,0.0,0.2860300650768838
2019-02-05,0.4090191609774962,0.30495077394562004,0.0,0.0,0.0,0.0,0.0,0.0,0.0,0.2860300650768838
2019-02-06,0.4090191609774962,0.30495077394562004,0.0,0.0,0.0,0.0,0.0,0.0,0.0,0.2860300650768838
2019-02-07,0.4090191609774962,0.30495077394562004,0.0,0.0,0.0,0.0,0.0,0.0,0.0,0.2860300650768838
2019-02-08,0.4090191609774962,0.30495077394562004,0.0,0.0,0.0,0.0,0.0,0.0,0.0,0.2860300650768838
2019-02-11,0.4090191609774962,0.30495077394562004,0.0,0.0,0.0,0.0,0.0,0.0,0.0,0.2860300650768838
2019-02-12,0.4090191609774962,0.30495077394562004,0.0,0.0,0.0,0.0,0.0,0.0,0.0,0.2860300650768838
2019-02-13,0.4090191609774962,0.30495077394562004,0.0,0.0,0.0,0.0,0.0,0.0,0.0,0.2860300650768838
2019-02-14,0.4090191609774962,0.30495077394562004,0.0,0.0,0.0,0.0,0.0,0.0,0.0,0.2860300650768838
2019-02-15,0.4090191609774962,0.30495077394562004,0.0,0.0,0.0,0.0,0.0,0.0,0.0,0.2860300650768838
2019-02-19,0.4090191609774962,0.30495077394562004,0.0,0.0,0.0,0.0,0.0,0.0,0.0,0.2860300650768838
2019-02-20,0.4090191609774962,0.30495077394562004,0.0,0.0,0.0,0.0,0.0,0.0,0.0,0.2860300650768838
2019-02-21,0.4090191609774962,0.30495077394562004,0.0,0.0,0.0,0.0,0.0,0.0,0.0,0.2860300650768838
2019-02-22,0.4090191609774962,0.30495077394562004,0.0,0.0,0.0,0.0,0.0,0.0,0.0,0.2860300650768838
2019-02-25,0.4090191609774962,0.30495077394562004,0.0,0.0,0.0,0.0,0.0,0.0,0.0,0.2860300650768838
2019-02-26,0.4090191609774962,0.30495077394562004,0.0,0.0,0.0,0.0,0.0,0.0,0.0,0.2860300650768838
2019-02-27,0.4090191609774962,0.30495077394562004,0.0,0.0,0.0,0.0,0.0,0.0,0.0,0.2860300650768838
2019-02-28,0.0,0.333383442385305,0.0,0.0,0.0,0.0,0.0,0.0,0.35258403518089626,0.3140325224337988
2019-03-01,0.0,0.333383442385305,0.0,0.0,0.0,0.0,0.0,0.0,0.35258403518089626,0.3140325224337988
2019-03-04,0.0,0.333383442385305,0.0,0.0,0.0,0.0,0.0,0.0,0.35258403518089626,0.3140325224337988
2019-03-05,0.0,0.333383442385305,0.0,0.0,0.0,0.0,0.0,0.0,0.35258403518089626,0.3140325224337988
2019-03-06,0.0,0.333383442385305,0.0,0.0,0.0,0.0,0.0,0.0,0.35258403518089626,0.3140325224337988
2019-03-07,0.0,0.333383442385305,0.0,0.0,0.0,0.0,0.0,0.0,0.35258403518089626,0.3140325224337988
2019-03-08,0.0,0.333383442385305,0.0,0.0,0.0,0.0,0.0,0.0,0.35258403518089626,0.3140325224337988
2019-03-11,0.0,0.333383442385305,0.0,0.0,0.0,0.0,0.0,0.0,0.35258403518089626,0.3140325224337988
2019-03-12,0.0,0.333383442385305,0.0,0.0,0.0,0.0,0.0,0.0,0.35258403518089626,0.3140325224337988
2019-03-13,0.0,0.333383442385305,0.0,0.0,0.0,0.0,0.0,0.0,0.35258403518089626,0.3140325224337988
2019-03-14,0.0,0.333383442385305,0.0,0.0,0.0,0.0,0.0,0.0,0.35258403518089626,0.3140325224337988
2019-03-15,0.0,0.333383442385305,0.0,0.0,0.0,0.0,0.0,0.0,0.35258403518089626,0.3140325224337988
2019-03-18,0.0,0.333383442385305,0.0,0.0,0.0,0.0,0.0,0.0,0.35258403518089626,0.3140325224337988
2019-03-19,0.0,0.333383442385305,0.0,0.0,0.0,0.0,0.0,0.0,0.35258403518089626,0.3140325224337988
2019-03-20,0.0,0.333383442385305,0.0,0.0,0.0,0.0,0.0,0.0,0.35258403518089626,0.3140325224337988
2019-03-21,0.0,0.333383442385305,0.0,0.0,0.0,0.0,0.0,0.0,0.35258403518089626,0.3140325224337988
2019-03-22,0.0,0.333383442385305,0.0,0.0,0.0,0.0,0.0,0.0,0.35258403518089626,0.3140325224337988
2019-03-25,0.0,0.333383442385305,0.0,0.0,0.0,0.0,0.0,0.0,0.35258403518089626,0.3140325224337988
2019-03-26,0.0,0.333383442385305,0.0,0.0,0.0,0.0,0.0,0.0,0.35258403518089626,0.3140325224337988
2019-03-27,0.0,0.333383442385305,0.0,0.0,0.0,0.0,0.0,0.0,0.35258403518089626,0.3140325224337988
2019-03-28,0.0,0.333383442385305,0.0,0.0,0.0,0.0,0.0,0.0,0.35258403518089626,0.3140325224337988
2019-03-29,0.0,0.0,0.0,0.0,0.4062042586534654,0.0,0.23649709441807384,0.35729864692846064,0.0,0.0
2019-04-01,0.0,0.0,0.0,0.0,0.4062042586534654,0.0,0.23649709441807384,0.35729864692846064,0.0,0.0
2019-04-02,0.0,0.0,0.0,0.0,0.4062042586534654,0.0,0.23649709441807384,0.35729864692846064,0.0,0.0
2019-04-03,0.0,0.0,0.0,0.0,0.4062042586534654,0.0,0.23649709441807384,0.35729864692846064,0.0,0.0
2019-04-04,0.0,0.0,0.0,0.0,0.4062042586534654,0.0,0.23649709441807384,0.35729864692846064,0.0,0.0
2019-04-05,0.0,0.0,0.0,0.0,0.4062042586534654,0.0,0.23649709441807384,0.35729864692846064,0.0,0.0
2019-04-08,0.0,0.0,0.0,0.0,0.4062042586534654,0.0,0.23649709441807384,0.35729864692846064,0.0,0.0
2019-04-09,0.0,0.0,0.0,0.0,0.4062042586534654,0.0,0.23649709441807384,0.35729864692846064,0.0,0.0
2019-04-10,0.0,0.0,0.0,0.0,0.4062042586534654,0.0,0.23649709441807384,0.35729864692846064,0.0,0.0
2019-04-11,0.0,0.0,0.0,0.0,0.4062042586534654,0.0,0.23649709441807384,0.35729864692846064,0.0,0.0
2019-04-12,0.0,0.0,0.0,0.0,0.4062042586534654,0.0,0.23649709441807384,0.35729864692846064,0.0,0.0
2019-04-15,0.0,0.0,0.0,0.0,0.4062042586534654,0.0,0.23649709441807384,0.35729864692846064,0.0,0.0
2019-04-16,0.0,0.0,0.0,0.0,0.4062042586534654,0.0,0.23649709441807384,0.35729864692846064,0.0,0.0
2019-04-17,0.0,0.0,0.0,0.0,0.4062042586534654,0.0,0.23649709441807384,0.35729864692846064,0.0,0.0
2019-04-18,0.0,0.0,0.0,0.0,0.4062042586534654,0.0,0.23649709441807384,0.35729864692846064,0.0,0.0
2019-04-22,0.0,0.0,0.0,0.0,0.4062042586534654,0.0,0.23649709441807384,0.35729864692846064,0.0,0.0
2019-04-23,0.0,0.0,0.0,0.0,0.4062042586534654,0.0,0.23649709441807384,0.35729864692846064,0.0,0.0
2019-04-24,0.0,0.0,0.0,0.0,0.4062042586534654,0.0,0.23649709441807384,0.35729864692846064,0.0,0.0
2019-04-25,0.0,0.0,0.0,0.0,0.4062042586534654,0.0,0.23649709441807384,0.35729864692846064,0.0,0.0
2019-04-26,0.0,0.0,0.0,0.0,0.4062042586534654,0.0,0.23649709441807384,0.35729864692846064,0.0,0.0
2019-04-29,0.0,0.0,0.0,0.0,0.4062042586534654,0.0,0.23649709441807384,0.35729864692846064,0.0,0.0
2019-04-30,0.35168108226559786,0.0,0.0,0.3573603887150335,0.0,0.0,0.0,0.2909585290193687,0.0,0.0
2019-05-01,0.35168108226559786,0.0,0.0,0.3573603887150335,0.0,0.0,0.0,0.2909585290193687,0.0,0.0
2019-05-02,0.35168108226559786,0.0,0.0,0.3573603887150335,0.0,0.0,0.0,0.2909585290193687,0.0,0.0
2019-05-03,0.35168108226559786,0.0,0.0,0.3573603887150335,0.0,0.0,0.0,0.2909585290193687,0.0,0.0
2019-05-06,0.35168108226559786,0.0,0.0,0.3573603887150335,0.0,0.0,0.0,0.2909585290193687,0.0,0.0
2019-05-07,0.35168108226559786,0.0,0.0,0.3573603887150335,0.0,0.0,0.0,0.2909585290193687,0.0,0.0
2019-05-08,0.35168108226559786,0.0,0.0,0.3573603887150335,0.0,0.0,0.0,0.2909585290193687,0.0,0.0
2019-05-09,0.35168108226559786,0.0,0.0,0.3573603887150335,0.0,0.0,0.0,0.2909585290193687,0.0,0.0
2019-05-10,0.35168108226559786,0.0,0.0,0.3573603887150335,0.0,0.0,0.0,0.2909585290193687,0.0,0.0
2019-05-13,0.35168108226559786,0.0,0.0,0.3573603887150335,0.0,0.0,0.0,0.2909585290193687,0.0,0.0
2019-05-14,0.35168108226559786,0.0,0.0,0.3573603887150335,0.0,0.0,0.0,0.2909585290193687,0.0,0.0
2019-05-15,0.35168108226559786,0.0,0.0,0.3573603887150335,0.0,0.0,0.0,0.2909585290193687,0.0,0.0
2019-05-16,0.35168108226559786,0.0,0.0,0.3573603887150335,0.0,0.0,0.0,0.2909585290193687,0.0,0.0
2019-05-17,0.35168108226559786,0.0,0.0,0.3573603887150335,0.0,0.0,0.0,0.2909585290193687,0.0,0.0
2019-05-20,0.35168108226559786,0.0,0.0,0.3573603887150335,0.0,0.0,0.0,0.2909585290193687,0.0,0.0
2019-05-21,0.35168108226559786,0.0,0.0,0.3573603887150335,0.0,0.0,0.0,0.2909585290193687,0.0,0.0
2019-05-22,0.35168108226559786,0.0,0.0,0.3573603887150335,0.0,0.0,0.0,0.2909585290193687,0.0,0.0
2019-05-23,0.35168108226559786,0.0,0.0,0.3573603887150335,0.0,0.0,0.0,0.2909585290193687,0.0,0.0
2019-05-24,0.35168108226559786,0.0,0.0,0.3573603887150335,0.0,0.0,0.0,0.2909585290193687,0.0,0.0
2019-05-28,0.35168108226559786,0.0,0.0,0.3573603887150335,0.0,0.0,0.0,0.2909585290193687,0.0,0.0
2019-05-29,0.35168108226559786,0.0,0.0,0.3573603887150335,0.0,0.0,0.0,0.2909585290193687,0.0,0.0
2019-05-30,0.35168108226559786,0.0,0.0,0.3573603887150335,0.0,0.0,0.0,0.2909585290193687,0.0,0.0
2019-05-31,0.4019625192829721,0.31010559268388865,0.0,0.0,0.0,0.0,0.0,0.0,0.0,0.2879318880331393
2019-06-03,0.4019625192829721,0.31010559268388865,0.0,0.0,0.0,0.0,0.0,0.0,0.0,0.2879318880331393
2019-06-04,0.4019625192829721,0.31010559268388865,0.0,0.0,0.0,0.0,0.0,0.0,0.0,0.2879318880331393
2019-06-05,0.4019625192829721,0.31010559268388865,0.0,0.0,0.0,0.0,0.0,0.0,0.0,0.2879318880331393
2019-06-06,0.4019625192829721,0.31010559268388865,0.0,0.0,0.0,0.0,0.0,0.0,0.0,0.2879318880331393
2019-06-07,0.4019625192829721,0.31010559268388865,0.0,0.0,0.0,0.0,0.0,0.0,0.0,0.2879318880331393
2019-06-10,0.4019625192829721,0.31010559268388865,0.0,0.0,0.0,0.0,0.0,0.0,0.0,0.2879318880331393
2019-06-11,0.4019625192829721,0.31010559268388865,0.0,0.0,0.0,0.0,0.0,0.0,0.0,0.2879318880331393
2019-06-12,0.4019625192829721,0.31010559268388865,0.0,0.0,0.0,0.0,0.0,0.0,0.0,0.2879318880331393
2019-06-13,0.4019625192829721,0.31010559268388865,0.0,0.0,0.0,0.0,0.0,0.0,0.0,0.2879318880331393
2019-06-14,0.4019625192829721,0.31010559268388865,0.0,0.0,0.0,0.0,0.0,0.0,0.0,0.2879318880331393
2019-06-17,0.4019625192829721,0.31010559268388865,0.0,0.0,0.0,0.0,0.0,0.0,0.0,0.2879318880331393
2019-06-18,0.4019625192829721,0.31010559268388865,0.0,0.0,0.0,0.0,0.0,0.0,0.0,0.2879318880331393
2019-06-19,0.4019625192829721,0.31010559268388865,0.0,0.0,0.0,0.0,0.0,0.0,0.0,0.2879318880331393
2019-06-20,0.4019625192829721,0.31010559268388865,0.0,0.0,0.0,0.0,0.0,0.0,0.0,0.2879318880331393
2019-06-21,0.4019625192829721,0.31010559268388865,0.0,0.0,0.0,0.0,0.0,0.0,0.0,0.2879318880331393
2019-06-24,0.4019625192829721,0.31010559268388865,0.0,0.0,0.0,0.0,0.0,0.0,0.0,0.2879318880331393
2019-06-25,0.4019625192829721,0.31010559268388865,0.0,0.0,0.0,0.0,0.0,0.0,0.0,0.2879318880331393
2019-06-26,0.4019625192829721,0.31010559268388865,0.0,0.0,0.0,0.0,0.0,0.0,0.0,0.2879318880331393
2019-06-27,0.4019625192829721,0.31010559268388865,0.0,0.0,0.0,0.0,0.0,0.0,0.0,0.2879318880331393
2019-06-28,0.0,0.0,0.0,0.4045521103702205,0.0,0.32234465451327793,0.0,0.2731032351165015,0.0,0.0
2019-07-01,0.0,0.0,0.0,0.4045521103702205,0.0,0.32234465451327793,0.0,0.2731032351165015,0.0,0.0
2019-07-02,0.0,0.0,0.0,0.4045521103702205,0.0,0.32234465451327793,0.0,0.2731032351165015,0.0,0.0
2019-07-03,0.0,0.0,0.0,0.4045521103702205,0.0,0.32234465451327793,0.0,0.2731032351165015,0.0,0.0
2019-07-05,0.0,0.0,0.0,0.4045521103702205,0.0,0.32234465451327793,0.0,0.2731032351165015,0.0,0.0
2019-07-08,0.0,0.0,0.0,0.4045521103702205,0.0,0.32234465451327793,0.0,0.2731032351165015,0.0,0.0
2019-07-09,0.0,0.0,0.0,0.4045521103702205,0.0,0.32234465451327793,0.0,0.2731032351165015,0.0,0.0
2019-07-10,0.0,0.0,0.0,0.4045521103702205,0.0,0.32234465451327793,0.0,0.2731032351165015,0.0,0.0
2019-07-11,0.0,0.0,0.0,0.4045521103702205,0.0,0.32234465451327793,0.0,0.2731032351165015,0.0,0.0
2019-07-12,0.0,0.0,0.0,0.4045521103702205,0.0,0.32234465451327793,0.0,0.2731032351165015,0.0,0.0
2019-07-15,0.0,0.0,0.0,0.4045521103702205,0.0,0.32234465451327793,0.0,0.2731032351165015,0.0,0.0
2019-07-16,0.0,0.0,0.0,0.4045521103702205,0.0,0.32234465451327793,0.0,0.2731032351165015,0.0,0.0
2019-07-17,0.0,0.0,0.0,0.4045521103702205,0.0,0.32234465451327793,0.0,0.2731032351165015,0.0,0.0
2019-07-18,0.0,0.0,0.0,0.4045521103702205,0.0,0.32234465451327793,0.0,0.2731032351165015,0.0,0.0
2019-07-19,0.0,0.0,0.0,0.4045521103702205,0.0,0.32234465451327793,0.0,0.2731032351165015,0.0,0.0
2019-07-22,0.0,0.0,0.0,0.4045521103702205,0.0,0.32234465451327793,0.0,0.2731032351165015,0.0,0.0
2019-07-23,0.0,0.0,0.0,0.4045521103702205,0.0,0.32234465451327793,0.0,0.2731032351165015,0.0,0.0
2019-07-24,0.0,0.0,0.0,0.4045521103702205,0.0,0.32234465451327793,0.0,0.2731032351165015,0.0,0.0
2019-07-25,0.0,0.0,0.0,0.4045521103702205,0.0,0.32234465451327793,0.0,0.2731032351165015,0.0,0.0
2019-07-26,0.0,0.0,0.0,0.4045521103702205,0.0,0.32234465451327793,0.0,0.2731032351165015,0.0,0.0
2019-07-29,0.0,0.0,0.0,0.4045521103702205,0.0,0.32234465451327793,0.0,0.2731032351165015,0.0,0.0
2019-07-30,0.0,0.0,0.0,0.4045521103702205,0.0,0.32234465451327793,0.0,0.2731032351165015,0.0,0.0
2019-07-31,0.30035067281904887,0.0,0.0,0.38782533848248607,0.0,0.31182398869846506,0.0,0.0,0.0,0.0
2019-08-01,0.30035067281904887,0.0,0.0,0.38782533848248607,0.0,0.31182398869846506,0.0,0.0,0.0,0.0
2019-08-02,0.30035067281904887,0.0,0.0,0.38782533848248607,0.0,0.31182398869846506,0.0,0.0,0.0,0.0
2019-08-05,0.30035067281904887,0.0,0.0,0.38782533848248607,0.0,0.31182398869846506,0.0,0.0,0.0,0.0
2019-08-06,0.30035067281904887,0.0,0.0,0.38782533848248607,0.0,0.31182398869846506,0.0,0.0,0.0,0.0
2019-08-07,0.30035067281904887,0.0,0.0,0.38782533848248607,0.0,0.31182398869846506,0.0,0.0,0.0,0.0
2019-08-08,0.30035067281904887,0.0,0.0,0.38782533848248607,0.0,0.31182398869846506,0.0,0.0,0.0,0.0
2019-08-09,0.30035067281904887,0.0,0.0,0.38782533848248607,0.0,0.31182398869846506,0.0,0.0,0.0,0.0
2019-08-12,0.30035067281904887,0.0,0.0,0.38782533848248607,0.0,0.31182398869846506,0.0,0.0,0.0,0.0
2019-08-13,0.30035067281904887,0.0,0.0,0.38782533848248607,0.0,0.31182398869846506,0.0,0.0,0.0,0.0
2019-08-14,0.30035067281904887,0.0,0.0,0.38782533848248607,0.0,0.31182398869846506,0.0,0.0,0.0,0.0
2019-08-15,0.30035067281904887,0.0,0.0,0.38782533848248607,0.0,0.31182398869846506,0.0,0.0,0.0,0.0
2019-08-16,0.30035067281904887,0.0,0.0,0.38782533848248607,0.0,0.31182398869846506,0.0,0.0,0.0,0.0
2019-08-19,0.30035067281904887,0.0,0.0,0.38782533848248607,0.0,0.31182398869846506,0.0,0.0,0.0,0.0
2019-08-20,0.30035067281904887,0.0,0.0,0.38782533848248607,0.0,0.31182398869846506,0.0,0.0,0.0,0.0
2019-08-21,0.30035067281904887,0.0,0.0,0.38782533848248607,0.0,0.31182398869846506,0.0,0.0,0.0,0.0
2019-08-22,0.30035067281904887,0.0,0.0,0.38782533848248607,0.0,0.31182398869846506,0.0,0.0,0.0,0.0
2019-08-23,0.30035067281904887,0.0,0.0,0.38782533848248607,0.0,0.31182398869846506,0.0,0.0,0.0,0.0
2019-08-26,0.30035067281904887,0.0,0.0,0.38782533848248607,0.0,0.31182398869846506,0.0,0.0,0.0,0.0
2019-08-27,0.30035067281904887,0.0,0.0,0.38782533848248607,0.0,0.31182398869846506,0.0,0.0,0.0,0.0
2019-08-28,0.30035067281904887,0.0,0.0,0.38782533848248607,0.0,0.31182398869846506,0.0,0.0,0.0,0.0
2019-08-29,0.30035067281904887,0.0,0.0,0.38782533848248607,0.0,0.31182398869846506,0.0,0.0,0.0,0.0
2019-08-30,0.3921417047430692,0.3194946144092538,0.0,0.0,0.0,0.0,0.0,0.0,0.0,0.28836368084767705
2019-09-03,0.3921417047430692,0.3194946144092538,0.0,0.0,0.0,0.0,0.0,0.0,0.0,0.28836368084767705
2019-09-04,0.3921417047430692,0.3194946144092538,0.0,0.0,0.0,0.0,0.0,0.0,0.0,0.28836368084767705
2019-09-05,0.3921417047430692,0.3194946144092538,0.0,0.0,0.0,0.0,0.0,0.0,0.0,0.28836368084767705
2019-09-06,0.3921417047430692,0.3194946144092538,0.0,0.0,0.0,0.0,0.0,0.0,0.0,0.28836368084767705
2019-09-09,0.3921417047430692,0.3194946144092538,0.0,0.0,0.0,0.0,0.0,0.0,0.0,0.28836368084767705
2019-09-10,0.3921417047430692,0.3194946144092538,0.0,0.0,0.0,0.0,0.0,0.0,0.0,0.28836368084767705
2019-09-11,0.3921417047430692,0.3194946144092538,0.0,0.0,0.0,0.0,0.0,0.0,0.0,0.28836368084767705
2019-09-12,0.3921417047430692,0.3194946144092538,0.0,0.0,0.0,0.0,0.0,0.0,0.0,0.28836368084767705
2019-09-13,0.3921417047430692,0.3194946144092538,0.0,0.0,0.0,0.0,0.0,0.0,0.0,0.28836368084767705
2019-09-16,0.3921417047430692,0.3194946144092538,0.0,0.0,0.0,0.0,0.0,0.0,0.0,0.28836368084767705
2019-09-17,0.3921417047430692,0.3194946144092538,0.0,0.0,0.0,0.0,0.0,0.0,0.0,0.28836368084767705
2019-09-18,0.3921417047430692,0.3194946144092538,0.0,0.0,0.0,0.0,0.0,0.0,0.0,0.28836368084767705
2019-09-19,0.3921417047430692,0.3194946144092538,0.0,0.0,0.0,0.0,0.0,0.0,0.0,0.28836368084767705
2019-09-20,0.3921417047430692,0.3194946144092538,0.0,0.0,0.0,0.0,0.0,0.0,0.0,0.28836368084767705
2019-09-23,0.3921417047430692,0.3194946144092538,0.0,0.0,0.0,0.0,0.0,0.0,0.0,0.28836368084767705
2019-09-24,0.3921417047430692,0.3194946144092538,0.0,0.0,0.0,0.0,0.0,0.0,0.0,0.28836368084767705
2019-09-25,0.3921417047430692,0.3194946144092538,0.0,0.0,0.0,0.0,0.0,0.0,0.0,0.28836368084767705
2019-09-26,0.3921417047430692,0.3194946144092538,0.0,0.0,0.0,0.0,0.0,0.0,0.0,0.28836368084767705
2019-09-27,0.3921417047430692,0.3194946144092538,0.0,0.0,0.0,0.0,0.0,0.0,0.0,0.28836368084767705
2019-09-30,0.0,0.3245536490327811,0.0,0.0,0.37808869687272484,0.0,0.0,0.0,0.0,0.29735765409449405
2019-10-01,0.0,0.3245536490327811,0.0,0.0,0.37808869687272484,0.0,0.0,0.0,0.0,0.29735765409449405
2019-10-02,0.0,0.3245536490327811,0.0,0.0,0.37808869687272484,0.0,0.0,0.0,0.0,0.29735765409449405
2019-10-03,0.0,0.3245536490327811,0.0,0.0,0.37808869687272484,0.0,0.0,0.0,0.0,0.29735765409449405
2019-10-04,0.0,0.3245536490327811,0.0,0.0,0.37808869687272484,0.0,0.0,0.0,0.0,0.29735765409449405
2019-10-07,0.0,0.3245536490327811,0.0,0.0,0.37808869687272484,0.0,0.0,0.0,0.0,0.29735765409449405
2019-10-08,0.0,0.3245536490327811,0.0,0.0,0.37808869687272484,0.0,0.0,0.0,0.0,0.29735765409449405
2019-10-09,0.0,0.3245536490327811,0.0,0.0,0.37808869687272484,0.0,0.0,0.0,0.0,0.29735765409449405
2019-10-10,0.0,0.3245536490327811,0.0,0.0,0.37808869687272484,0.0,0.0,0.0,0.0,0.29735765409449405
2019-10-11,0.0,0.3245536490327811,0.0,0.0,0.37808869687272484,0.0,0.0,0.0,0.0,0.29735765409449405
2019-10-14,0.0,0.3245536490327811,0.0,0.0,0.37808869687272484,0.0,0.0,0.0,0.0,0.29735765409449405
2019-10-15,0.0,0.3245536490327811,0.0,0.0,0.37808869687272484,0.0,0.0,0.0,0.0,0.29735765409449405
2019-10-16,0.0,0.3245536490327811,0.0,0.0,0.37808869687272484,0.0,0.0,0.0,0.0,0.29735765409449405
2019-10-17,0.0,0.3245536490327811,0.0,0.0,0.37808869687272484,0.0,0.0,0.0,0.0,0.29735765409449405
2019-10-18,0.0,0.3245536490327811,0.0,0.0,0.37808869687272484,0.0,0.0,0.0,0.0,0.29735765409449405
2019-10-21,0.0,0.3245536490327811,0.0,0.0,0.37808869687272484,0.0,0.0,0.0,0.0,0.29735765409449405
2019-10-22,0.0,0.3245536490327811,0.0,0.0,0.37808869687272484,0.0,0.0,0.0,0.0,0.29735765409449405
2019-10-23,0.0,0.3245536490327811,0.0,0.0,0.37808869687272484,0.0,0.0,0.0,0.0,0.29735765409449405
2019-10-24,0.0,0.3245536490327811,0.0,0.0,0.37808869687272484,0.0,0.0,0.0,0.0,0.29735765409449405
2019-10-25,0.0,0.3245536490327811,0.0,0.0,0.37808869687272484,0.0,0.0,0.0,0.0,0.29735765409449405
2019-10-28,0.0,0.3245536490327811,0.0,0.0,0.37808869687272484,0.0,0.0,0.0,0.0,0.29735765409449405
2019-10-29,0.0,0.3245536490327811,0.0,0.0,0.37808869687272484,0.0,0.0,0.0,0.0,0.29735765409449405
2019-10-30,0.0,0.3245536490327811,0.0,0.0,0.37808869687272484,0.0,0.0,0.0,0.0,0.29735765409449405
2019-10-31,0.0,0.0,0.0,0.32360139953145733,0.0,0.0,0.0,0.44788710913056407,0.22851149133797863,0.0
2019-11-01,0.0,0.0,0.0,0.32360139953145733,0.0,0.0,0.0,0.44788710913056407,0.22851149133797863,0.0
2019-11-04,0.0,0.0,0.0,0.32360139953145733,0.0,0.0,0.0,0.44788710913056407,0.22851149133797863,0.0
2019-11-05,0.0,0.0,0.0,0.32360139953145733,0.0,0.0,0.0,0.44788710913056407,0.22851149133797863,0.0
2019-11-06,0.0,0.0,0.0,0.32360139953145733,0.0,0.0,0.0,0.44788710913056407,0.22851149133797863,0.0
2019-11-07,0.0,0.0,0.0,0.32360139953145733,0.0,0.0,0.0,0.44788710913056407,0.22851149133797863,0.0
2019-11-08,0.0,0.0,0.0,0.32360139953145733,0.0,0.0,0.0,0.44788710913056407,0.22851149133797863,0.0
2019-11-11,0.0,0.0,0.0,0.32360139953145733,0.0,0.0,0.0,0.44788710913056407,0.22851149133797863,0.0
2019-11-12,0.0,0.0,0.0,0.32360139953145733,0.0,0.0,0.0,0.44788710913056407,0.22851149133797863,0.0
2019-11-13,0.0,0.0,0.0,0.32360139953145733,0.0,0.0,0.0,0.44788710913056407,0.22851149133797863,0.0
2019-11-14,0.0,0.0,0.0,0.32360139953145733,0.0,0.0,0.0,0.44788710913056407,0.22851149133797863,0.0
2019-11-15,0.0,0.0,0.0,0.32360139953145733,0.0,0.0,0.0,0.44788710913056407,0.22851149133797863,0.0
2019-11-18,0.0,0.0,0.0,0.32360139953145733,0.0,0.0,0.0,0.44788710913056407,0.22851149133797863,0.0
2019-11-19,0.0,0.0,0.0,0.32360139953145733,0.0,0.0,0.0,0.44788710913056407,0.22851149133797863,0.0
2019-11-20,0.0,0.0,0.0,0.32360139953145733,0.0,0.0,0.0,0.44788710913056407,0.22851149133797863,0.0
2019-11-21,0.0,0.0,0.0,0.32360139953145733,0.0,0.0,0.0,0.44788710913056407,0.22851149133797863,0.0
2019-11-22,0.0,0.0,0.0,0.32360139953145733,0.0,0.0,0.0,0.44788710913056407,0.22851149133797863,0.0
2019-11-25,0.0,0.0,0.0,0.32360139953145733,0.0,0.0,0.0,0.44788710913056407,0.22851149133797863,0.0
2019-11-26,0.0,0.0,0.0,0.32360139953145733,0.0,0.0,0.0,0.44788710913056407,0.22851149133797863,0.0
2019-11-27,0.0,0.0,0.0,0.32360139953145733,0.0,0.0,0.0,0.44788710913056407,0.22851149133797863,0.0
2019-11-29,0.0,0.0,0.0,0.0,0.28850864070210547,0.37099081161155345,0.0,0.3405005476863411,0.0,0.0
2019-12-02,0.0,0.0,0.0,0.0,0.28850864070210547,0.37099081161155345,0.0,0.3405005476863411,0.0,0.0
2019-12-03,0.0,0.0,0.0,0.0,0.28850864070210547,0.37099081161155345,0.0,0.3405005476863411,0.0,0.0
2019-12-04,0.0,0.0,0.0,0.0,0.28850864070210547,0.37099081161155345,0.0,0.3405005476863411,0.0,0.0
2019-12-05,0.0,0.0,0.0,0.0,0.28850864070210547,0.37099081161155345,0.0,0.3405005476863411,0.0,0.0
2019-12-06,0.0,0.0,0.0,0.0,0.28850864070210547,0.37099081161155345,0.0,0.3405005476863411,0.0,0.0
2019-12-09,0.0,0.0,0.0,0.0,0.28850864070210547,0.37099081161155345,0.0,0.3405005476863411,0.0,0.0
2019-12-10,0.0,0.0,0.0,0.0,0.28850864070210547,0.37099081161155345,0.0,0.3405005476863411,0.0,0.0
2019-12-11,0.0,0.0,0.0,0.0,0.28850864070210547,0.37099081161155345,0.0,0.3405005476863411,0.0,0.0
2019-12-12,0.0,0.0,0.0,0.0,0.28850864070210547,0.37099081161155345,0.0,0.3405005476863411,0.0,0.0
2019-12-13,0.0,0.0,0.0,0.0,0.28850864070210547,0.37099081161155345,0.0,0.3405005476863411,0.0,0.0
2019-12-16,0.0,0.0,0.0,0.0,0.28850864070210547,0.37099081161155345,0.0,0.3405005476863411,0.0,0.0
2019-12-17,0.0,0.0,0.0,0.0,0.28850864070210547,0.37099081161155345,0.0,0.3405005476863411,0.0,0.0
2019-12-18,0.0,0.0,0.0,0.0,0.28850864070210547,0.37099081161155345,0.0,0.3405005476863411,0.0,0.0
2019-12-19,0.0,0.0,0.0,0.0,0.28850864070210547,0.37099081161155345,0.0,0.3405005476863411,0.0,0.0
2019-12-20,0.0,0.0,0.0,0.0,0.28850864070210547,0.37099081161155345,0.0,0.3405005476863411,0.0,0.0
2019-12-23,0.0,0.0,0.0,0.0,0.28850864070210547,0.37099081161155345,0.0,0.3405005476863411,0.0,0.0
2019-12-24,0.0,0.0,0.0,0.0,0.28850864070210547,0.37099081161155345,0.0,0.3405005476863411,0.0,0.0
2019-12-26,0.0,0.0,0.0,0.0,0.28850864070210547,0.37099081161155345,0.0,0.3405005476863411,0.0,0.0
2019-12-27,0.0,0.0,0.0,0.0,0.28850864070210547,0.37099081161155345,0.0,0.3405005476863411,0.0,0.0
2019-12-30,0.0,0.0,0.0,0.0,0.28850864070210547,0.37099081161155345,0.0,0.3405005476863411,0.0,0.0
2019-12-31,0.3949367816590578,0.0,0.0,0.2747258832313387,0.0,0.0,0.0,0.3303373351096035,0.0,0.0
2020-01-02,0.3949367816590578,0.0,0.0,0.2747258832313387,0.0,0.0,0.0,0.3303373351096035,0.0,0.0
2020-01-03,0.3949367816590578,0.0,0.0,0.2747258832313387,0.0,0.0,0.0,0.3303373351096035,0.0,0.0
2020-01-06,0.3949367816590578,0.0,0.0,0.2747258832313387,0.0,0.0,0.0,0.3303373351096035,0.0,0.0
2020-01-07,0.3949367816590578,0.0,0.0,0.2747258832313387,0.0,0.0,0.0,0.3303373351096035,0.0,0.0
2020-01-08,0.3949367816590578,0.0,0.0,0.2747258832313387,0.0,0.0,0.0,0.3303373351096035,0.0,0.0
2020-01-09,0.3949367816590578,0.0,0.0,0.2747258832313387,0.0,0.0,0.0,0.3303373351096035,0.0,0.0
2020-01-10,0.3949367816590578,0.0,0.0,0.2747258832313387,0.0,0.0,0.0,0.3303373351096035,0.0,0.0
2020-01-13,0.3949367816590578,0.0,0.0,0.2747258832313387,0.0,0.0,0.0,0.3303373351096035,0.0,0.0
2020-01-14,0.3949367816590578,0.0,0.0,0.2747258832313387,0.0,0.0,0.0,0.3303373351096035,0.0,0.0
2020-01-15,0.3949367816590578,0.0,0.0,0.2747258832313387,0.0,0.0,0.0,0.3303373351096035,0.0,0.0
2020-01-16,0.3949367816590578,0.0,0.0,0.2747258832313387,0.0,0.0,0.0,0.3303373351096035,0.0,0.0
2020-01-17,0.3949367816590578,0.0,0.0,0.2747258832313387,0.0,0.0,0.0,0.3303373351096035,0.0,0.0
2020-01-21,0.3949367816590578,0.0,0.0,0.2747258832313387,0.0,0.0,0.0,0.3303373351096035,0.0,0.0
2020-01-22,0.3949367816590578,0.0,0.0,0.2747258832313387,0.0,0.0,0.0,0.3303373351096035,0.0,0.0
2020-01-23,0.3949367816590578,0.0,0.0,0.2747258832313387,0.0,0.0,0.0,0.3303373351096035,0.0,0.0
2020-01-24,0.3949367816590578,0.0,0.0,0.2747258832313387,0.0,0.0,0.0,0.3303373351096035,0.0,0.0
2020-01-27,0.3949367816590578,0.0,0.0,0.2747258832313387,0.0,0.0,0.0,0.3303373351096035,0.0,0.0
2020-01-28,0.3949367816590578,0.0,0.0,0.2747258832313387,0.0,0.0,0.0,0.3303373351096035,0.0,0.0
2020-01-29,0.3949367816590578,0.0,0.0,0.2747258832313387,0.0,0.0,0.0,0.3303373351096035,0.0,0.0
2020-01-30,0.3949367816590578,0.0,0.0,0.2747258832313387,0.0,0.0,0.0,0.3303373351096035,0.0,0.0
2020-01-31,0.0,0.0,0.0,0.0,0.0,0.4716279532310562,0.28158211977721165,0.0,0.2467899269917321,0.0
2020-02-03,0.0,0.0,0.0,0.0,0.0,0.4716279532310562,0.28158211977721165,0.0,0.2467899269917321,0.0
2020-02-04,0.0,0.0,0.0,0.0,0.0,0.4716279532310562,0.28158211977721165,0.0,0.2467899269917321,0.0
2020-02-05,0.0,0.0,0.0,0.0,0.0,0.4716279532310562,0.28158211977721165,0.0,0.2467899269917321,0.0
2020-02-06,0.0,0.0,0.0,0.0,0.0,0.4716279532310562,0.28158211977721165,0.0,0.2467899269917321,0.0
2020-02-07,0.0,0.0,0.0,0.0,0.0,0.4716279532310562,0.28158211977721165,0.0,0.2467899269917321,0.0
2020-02-10,0.0,0.0,0.0,0.0,0.0,0.4716279532310562,0.28158211977721165,0.0,0.2467899269917321,0.0
2020-02-11,0.0,0.0,0.0,0.0,0.0,0.4716279532310562,0.28158211977721165,0.0,0.2467899269917321,0.0
2020-02-12,0.0,0.0,0.0,0.0,0.0,0.4716279532310562,0.28158211977721165,0.0,0.2467899269917321,0.0
2020-02-13,0.0,0.0,0.0,0.0,0.0,0.4716279532310562,0.28158211977721165,0.0,0.2467899269917321,0.0
2020-02-14,0.0,0.0,0.0,0.0,0.0,0.4716279532310562,0.28158211977721165,0.0,0.2467899269917321,0.0
2020-02-18,0.0,0.0,0.0,0.0,0.0,0.4716279532310562,0.28158211977721165,0.0,0.2467899269917321,0.0
2020-02-19,0.0,0.0,0.0,0.0,0.0,0.4716279532310562,0.28158211977721165,0.0,0.2467899269917321,0.0
2020-02-20,0.0,0.0,0.0,0.0,0.0,0.4716279532310562,0.28158211977721165,0.0,0.2467899269917321,0.0
2020-02-21,0.0,0.0,0.0,0.0,0.0,0.4716279532310562,0.28158211977721165,0.0,0.2467899269917321,0.0
2020-02-24,0.0,0.0,0.0,0.0,0.0,0.4716279532310562,0.28158211977721165,0.0,0.2467899269917321,0.0
2020-02-25,0.0,0.0,0.0,0.0,0.0,0.4716279532310562,0.28158211977721165,0.0,0.2467899269917321,0.0
2020-02-26,0.0,0.0,0.0,0.0,0.0,0.4716279532310562,0.28158211977721165,0.0,0.2467899269917321,0.0
2020-02-27,0.0,0.0,0.0,0.0,0.0,0.4716279532310562,0.28158211977721165,0.0,0.2467899269917321,0.0
2020-02-28,0.39813172009964937,0.3363727669210144,0.0,0.0,0.0,0.0,0.0,0.0,0.26549551297933627,0.0
2020-03-02,0.39813172009964937,0.3363727669210144,0.0,0.0,0.0,0.0,0.0,0.0,0.26549551297933627,0.0
2020-03-03,0.39813172009964937,0.3363727669210144,0.0,0.0,0.0,0.0,0.0,0.0,0.26549551297933627,0.0
2020-03-04,0.39813172009964937,0.3363727669210144,0.0,0.0,0.0,0.0,0.0,0.0,0.26549551297933627,0.0
2020-03-05,0.39813172009964937,0.3363727669210144,0.0,0.0,0.0,0.0,0.0,0.0,0.26549551297933627,0.0
2020-03-06,0.39813172009964937,0.3363727669210144,0.0,0.0,0.0,0.0,0.0,0.0,0.26549551297933627,0.0
2020-03-09,0.39813172009964937,0.3363727669210144,0.0,0.0,0.0,0.0,0.0,0.0,0.26549551297933627,0.0
2020-03-10,0.39813172009964937,0.3363727669210144,0.0,0.0,0.0,0.0,0.0,0.0,0.26549551297933627,0.0
2020-03-11,0.39813172009964937,0.3363727669210144,0.0,0.0,0.0,0.0,0.0,0.0,0.26549551297933627,0.0
2020-03-12,0.39813172009964937,0.3363727669210144,0.0,0.0,0.0,0.0,0.0,0.0,0.26549551297933627,0.0
2020-03-13,0.39813172009964937,0.3363727669210144,0.0,0.0,0.0,0.0,0.0,0.0,0.26549551297933627,0.0
2020-03-16,0.39813172009964937,0.3363727669210144,0.0,0.0,0.0,0.0,0.0,0.0,0.26549551297933627,0.0
2020-03-17,0.39813172009964937,0.3363727669210144,0.0,0.0,0.0,0.0,0.0,0.0,0.26549551297933627,0.0
2020-03-18,0.39813172009964937,0.3363727669210144,0.0,0.0,0.0,0.0,0.0,0.0,0.26549551297933627,0.0
2020-03-19,0.39813172009964937,0.3363727669210144,0.0,0.0,0.0,0.0,0.0,0.0,0.26549551297933627,0.0
2020-03-20,0.39813172009964937,0.3363727669210144,0.0,0.0,0.0,0.0,0.0,0.0,0.26549551297933627,0.0
2020-03-23,0.39813172009964937,0.3363727669210144,0.0,0.0,0.0,0.0,0.0,0.0,0.26549551297933627,0.0
2020-03-24,0.39813172009964937,0.3363727669210144,0.0,0.0,0.0,0.0,0.0,0.0,0.26549551297933627,0.0
2020-03-25,0.39813172009964937,0.3363727669210144,0.0,0.0,0.0,0.0,0.0,0.0,0.26549551297933627,0.0
2020-03-26,0.39813172009964937,0.3363727669210144,0.0,0.0,0.0,0.0,0.0,0.0,0.26549551297933627,0.0
2020-03-27,0.39813172009964937,0.3363727669210144,0.0,0.0,0.0,0.0,0.0,0.0,0.26549551297933627,0.0
2020-03-30,0.39813172009964937,0.3363727669210144,0.0,0.0,0.0,0.0,0.0,0.0,0.26549551297933627,0.0
2020-03-31,0.0,0.0,0.38820823747445377,0.0,0.0,0.0,0.0,0.34305256186682914,0.268739200658717,0.0
2020-04-01,0.0,0.0,0.38820823747445377,0.0,0.0,0.0,0.0,0.34305256186682914,0.268739200658717,0.0
2020-04-02,0.0,0.0,0.38820823747445377,0.0,0.0,0.0,0.0,0.34305256186682914,0.268739200658717,0.0
2020-04-03,0.0,0.0,0.38820823747445377,0.0,0.0,0.0,0.0,0.34305256186682914,0.268739200658717,0.0
2020-04-06,0.0,0.0,0.38820823747445377,0.0,0.0,0.0,0.0,0.34305256186682914,0.268739200658717,0.0
2020-04-07,0.0,0.0,0.38820823747445377,0.0,0.0,0.0,0.0,0.34305256186682914,0.268739200658717,0.0
2020-04-08,0.0,0.0,0.38820823747445377,0.0,0.0,0.0,0.0,0.34305256186682914,0.268739200658717,0.0
2020-04-09,0.0,0.0,0.38820823747445377,0.0,0.0,0.0,0.0,0.34305256186682914,0.268739200658717,0.0
2020-04-13,0.0,0.0,0.38820823747445377,0.0,0.0,0.0,0.0,0.34305256186682914,0.268739200658717,0.0
2020-04-14,0.0,0.0,0.38820823747445377,0.0,0.0,0.0,0.0,0.34305256186682914,0.268739200658717,0.0
2020-04-15,0.0,0.0,0.38820823747445377,0.0,0.0,0.0,0.0,0.34305256186682914,0.268739200658717,0.0
2020-04-16,0.0,0.0,0.38820823747445377,0.0,0.0,0.0,0.0,0.34305256186682914,0.268739200658717,0.0
2020-04-17,0.0,0.0,0.38820823747445377,0.0,0.0,0.0,0.0,0.34305256186682914,0.268739200658717,0.0
2020-04-20,0.0,0.0,0.38820823747445377,0.0,0.0,0.0,0.0,0.34305256186682914,0.268739200658717,0.0
2020-04-21,0.0,0.0,0.38820823747445377,0.0,0.0,0.0,0.0,0.34305256186682914,0.268739200658717,0.0
2020-04-22,0.0,0.0,0.38820823747445377,0.0,0.0,0.0,0.0,0.34305256186682914,0.268739200658717,0.0
2020-04-23,0.0,0.0,0.38820823747445377,0.0,0.0,0.0,0.0,0.34305256186682914,0.268739200658717,0.0
2020-04-24,0.0,0.0,0.38820823747445377,0.0,0.0,0.0,0.0,0.34305256186682914,0.268739200658717,0.0
2020-04-27,0.0,0.0,0.38820823747445377,0.0,0.0,0.0,0.0,0.34305256186682914,0.268739200658717,0.0
2020-04-28,0.0,0.0,0.38820823747445377,0.0,0.0,0.0,0.0,0.34305256186682914,0.268739200658717,0.0
2020-04-29,0.0,0.0,0.38820823747445377,0.0,0.0,0.0,0.0,0.34305256186682914,0.268739200658717,0.0
2020-04-30,0.0,0.0,0.38100376209382264,0.0,0.0,0.0,0.0,0.3487762613397386,0.27021997656643887,0.0
2020-05-01,0.0,0.0,0.38100376209382264,0.0,0.0,0.0,0.0,0.3487762613397386,0.27021997656643887,0.0
2020-05-04,0.0,0.0,0.38100376209382264,0.0,0.0,0.0,0.0,0.3487762613397386,0.27021997656643887,0.0
2020-05-05,0.0,0.0,0.38100376209382264,0.0,0.0,0.0,0.0,0.3487762613397386,0.27021997656643887,0.0
2020-05-06,0.0,0.0,0.38100376209382264,0.0,0.0,0.0,0.0,0.3487762613397386,0.27021997656643887,0.0
2020-05-07,0.0,0.0,0.38100376209382264,0.0,0.0,0.0,0.0,0.3487762613397386,0.27021997656643887,0.0
2020-05-08,0.0,0.0,0.38100376209382264,0.0,0.0,0.0,0.0,0.3487762613397386,0.27021997656643887,0.0
2020-05-11,0.0,0.0,0.38100376209382264,0.0,0.0,0.0,0.0,0.3487762613397386,0.27021997656643887,0.0
2020-05-12,0.0,0.0,0.38100376209382264,0.0,0.0,0.0,0.0,0.3487762613397386,0.27021997656643887,0.0
2020-05-13,0.0,0.0,0.38100376209382264,0.0,0.0,0.0,0.0,0.3487762613397386,0.27021997656643887,0.0
2020-05-14,0.0,0.0,0.38100376209382264,0.0,0.0,0.0,0.0,0.3487762613397386,0.27021997656643887,0.0
2020-05-15,0.0,0.0,0.38100376209382264,0.0,0.0,0.0,0.0,0.3487762613397386,0.27021997656643887,0.0
2020-05-18,0.0,0.0,0.38100376209382264,0.0,0.0,0.0,0.0,0.3487762613397386,0.27021997656643887,0.0
2020-05-19,0.0,0.0,0.38100376209382264,0.0,0.0,0.0,0.0,0.3487762613397386,0.27021997656643887,0.0
2020-05-20,0.0,0.0,0.38100376209382264,0.0,0.0,0.0,0.0,0.3487762613397386,0.27021997656643887,0.0
2020-05-21,0.0,0.0,0.38100376209382264,0.0,0.0,0.0,0.0,0.3487762613397386,0.27021997656643887,0.0
2020-05-22,0.0,0.0,0.38100376209382264,0.0,0.0,0.0,0.0,0.3487762613397386,0.27021997656643887,0.0
2020-05-26,0.0,0.0,0.38100376209382264,0.0,0.0,0.0,0.0,0.3487762613397386,0.27021997656643887,0.0
2020-05-27,0.0,0.0,0.38100376209382264,0.0,0.0,0.0,0.0,0.3487762613397386,0.27021997656643887,0.0
2020-05-28,0.0,0.0,0.38100376209382264,0.0,0.0,0.0,0.0,0.3487762613397386,0.27021997656643887,0.0
2020-05-29,0.35753670793733877,0.0,0.0,0.0,0.0,0.0,0.3604179127728485,0.28204537928981277,0.0,0.0
2020-06-01,0.35753670793733877,0.0,0.0,0.0,0.0,0.0,0.3604179127728485,0.28204537928981277,0.0,0.0
2020-06-02,0.35753670793733877,0.0,0.0,0.0,0.0,0.0,0.3604179127728485,0.28204537928981277,0.0,0.0
2020-06-03,0.35753670793733877,0.0,0.0,0.0,0.0,0.0,0.3604179127728485,0.28204537928981277,0.0,0.0
2020-06-04,0.35753670793733877,0.0,0.0,0.0,0.0,0.0,0.3604179127728485,0.28204537928981277,0.0,0.0
2020-06-05,0.35753670793733877,0.0,0.0,0.0,0.0,0.0,0.3604179127728485,0.28204537928981277,0.0,0.0
2020-06-08,0.35753670793733877,0.0,0.0,0.0,0.0,0.0,0.3604179127728485,0.28204537928981277,0.0,0.0
2020-06-09,0.35753670793733877,0.0,0.0,0.0,0.0,0.0,0.3604179127728485,0.28204537928981277,0.0,0.0
2020-06-10,0.35753670793733877,0.0,0.0,0.0,0.0,0.0,0.3604179127728485,0.28204537928981277,0.0,0.0
2020-06-11,0.35753670793733877,0.0,0.0,0.0,0.0,0.0,0.3604179127728485,0.28204537928981277,0.0,0.0
2020-06-12,0.35753670793733877,0.0,0.0,0.0,0.0,0.0,0.3604179127728485,0.28204537928981277,0.0,0.0
2020-06-15,0.35753670793733877,0.0,0.0,0.0,0.0,0.0,0.3604179127728485,0.28204537928981277,0.0,0.0
2020-06-16,0.35753670793733877,0.0,0.0,0.0,0.0,0.0,0.3604179127728485,0.28204537928981277,0.0,0.0
2020-06-17,0.35753670793733877,0.0,0.0,0.0,0.0,0.0,0.3604179127728485,0.28204537928981277,0.0,0.0
2020-06-18,0.35753670793733877,0.0,0.0,0.0,0.0,0.0,0.3604179127728485,0.28204537928981277,0.0,0.0
2020-06-19,0.35753670793733877,0.0,0.0,0.0,0.0,0.0,0.3604179127728485,0.28204537928981277,0.0,0.0
2020-06-22,0.35753670793733877,0.0,0.0,0.0,0.0,0.0,0.3604179127728485,0.28204537928981277,0.0,0.0
2020-06-23,0.35753670793733877,0.0,0.0,0.0,0.0,0.0,0.3604179127728485,0.28204537928981277,0.0,0.0
2020-06-24,0.35753670793733877,0.0,0.0,0.0,0.0,0.0,0.3604179127728485,0.28204537928981277,0.0,0.0
2020-06-25,0.35753670793733877,0.0,0.0,0.0,0.0,0.0,0.3604179127728485,0.28204537928981277,0.0,0.0
2020-06-26,0.35753670793733877,0.0,0.0,0.0,0.0,0.0,0.3604179127728485,0.28204537928981277,0.0,0.0
2020-06-29,0.35753670793733877,0.0,0.0,0.0,0.0,0.0,0.3604179127728485,0.28204537928981277,0.0,0.0
2020-06-30,0.0,0.0,0.0,0.0,0.0,0.4692300308037602,0.0,0.3071096681978511,0.22366030099838874,0.0
2020-07-01,0.0,0.0,0.0,0.0,0.0,0.4692300308037602,0.0,0.3071096681978511,0.22366030099838874,0.0
2020-07-02,0.0,0.0,0.0,0.0,0.0,0.4692300308037602,0.0,0.3071096681978511,0.22366030099838874,0.0
2020-07-06,0.0,0.0,0.0,0.0,0.0,0.4692300308037602,0.0,0.3071096681978511,0.22366030099838874,0.0
2020-07-07,0.0,0.0,0.0,0.0,0.0,0.4692300308037602,0.0,0.3071096681978511,0.22366030099838874,0.0
2020-07-08,0.0,0.0,0.0,0.0,0.0,0.4692300308037602,0.0,0.3071096681978511,0.22366030099838874,0.0
2020-07-09,0.0,0.0,0.0,0.0,0.0,0.4692300308037602,0.0,0.3071096681978511,0.22366030099838874,0.0
2020-07-10,0.0,0.0,0.0,0.0,0.0,0.4692300308037602,0.0,0.3071096681978511,0.22366030099838874,0.0
2020-07-13,0.0,0.0,0.0,0.0,0.0,0.4692300308037602,0.0,0.3071096681978511,0.22366030099838874,0.0
2020-07-14,0.0,0.0,0.0,0.0,0.0,0.4692300308037602,0.0,0.3071096681978511,0.22366030099838874,0.0
2020-07-15,0.0,0.0,0.0,0.0,0.0,0.4692300308037602,0.0,0.3071096681978511,0.22366030099838874,0.0
2020-07-16,0.0,0.0,0.0,0.0,0.0,0.4692300308037602,0.0,0.3071096681978511,0.22366030099838874,0.0
2020-07-17,0.0,0.0,0.0,0.0,0.0,0.4692300308037602,0.0,0.3071096681978511,0.22366030099838874,0.0
2020-07-20,0.0,0.0,0.0,0.0,0.0,0.4692300308037602,0.0,0.3071096681978511,0.22366030099838874,0.0
2020-07-21,0.0,0.0,0.0,0.0,0.0,0.4692300308037602,0.0,0.3071096681978511,0.22366030099838874,0.0
2020-07-22,0.0,0.0,0.0,0.0,0.0,0.4692300308037602,0.0,0.3071096681978511,0.22366030099838874,0.0
2020-07-23,0.0,0.0,0.0,0.0,0.0,0.4692300308037602,0.0,0.3071096681978511,0.22366030099838874,0.0
2020-07-24,0.0,0.0,0.0,0.0,0.0,0.4692300308037602,0.0,0.3071096681978511,0.22366030099838874,0.0
2020-07-27,0.0,0.0,0.0,0.0,0.0,0.4692300308037602,0.0,0.3071096681978511,0.22366030099838874,0.0
2020-07-28,0.0,0.0,0.0,0.0,0.0,0.4692300308037602,0.0,0.3071096681978511,0.22366030099838874,0.0
2020-07-29,0.0,0.0,0.0,0.0,0.0,0.4692300308037602,0.0,0.3071096681978511,0.22366030099838874,0.0
2020-07-30,0.0,0.0,0.0,0.0,0.0,0.4692300308037602,0.0,0.3071096681978511,0.22366030099838874,0.0
2020-07-31,0.0,0.0,0.35842922103724306,0.0,0.0,0.0,0.0,0.3910254319424941,0.2505453470202629,0.0
2020-08-03,0.0,0.0,0.35842922103724306,0.0,0.0,0.0,0.0,0.3910254319424941,0.2505453470202629,0.0
2020-08-04,0.0,0.0,0.35842922103724306,0.0,0.0,0.0,0.0,0.3910254319424941,0.2505453470202629,0.0
2020-08-05,0.0,0.0,0.35842922103724306,0.0,0.0,0.0,0.0,0.3910254319424941,0.2505453470202629,0.0
2020-08-06,0.0,0.0,0.35842922103724306,0.0,0.0,0.0,0.0,0.3910254319424941,0.2505453470202629,0.0
2020-08-07,0.0,0.0,0.35842922103724306,0.0,0.0,0.0,0.0,0.3910254319424941,0.2505453470202629,0.0
2020-08-10,0.0,0.0,0.35842922103724306,0.0,0.0,0.0,0.0,0.3910254319424941,0.2505453470202629,0.0
2020-08-11,0.0,0.0,0.35842922103724306,0.0,0.0,0.0,0.0,0.3910254319424941,0.2505453470202629,0.0
2020-08-12,0.0,0.0,0.35842922103724306,0.0,0.0,0.0,0.0,0.3910254319424941,0.2505453470202629,0.0
2020-08-13,0.0,0.0,0.35842922103724306,0.0,0.0,0.0,0.0,0.3910254319424941,0.2505453470202629,0.0
2020-08-14,0.0,0.0,0.35842922103724306,0.0,0.0,0.0,0.0,0.3910254319424941,0.2505453470202629,0.0
2020-08-17,0.0,0.0,0.35842922103724306,0.0,0.0,0.0,0.0,0.3910254319424941,0.2505453470202629,0.0
2020-08-18,0.0,0.0,0.35842922103724306,0.0,0.0,0.0,0.0,0.3910254319424941,0.2505453470202629,0.0
2020-08-19,0.0,0.0,0.35842922103724306,0.0,0.0,0.0,0.0,0.3910254319424941,0.2505453470202629,0.0
2020-08-20,0.0,0.0,0.35842922103724306,0.0,0.0,0.0,0.0,0.3910254319424941,0.2505453470202629,0.0
2020-08-21,0.0,0.0,0.35842922103724306,0.0,0.0,0.0,0.0,0.3910254319424941,0.2505453470202629,0.0
2020-08-24,0.0,0.0,0.35842922103724306,0.0,0.0,0.0,0.0,0.3910254319424941,0.2505453470202629,0.0
2020-08-25,0.0,0.0,0.35842922103724306,0.0,0.0,0.0,0.0,0.3910254319424941,0.2505453470202629,0.0
2020-08-26,0.0,0.0,0.35842922103724306,0.0,0.0,0.0,0.0,0.3910254319424941,0.2505453470202629,0.0
2020-08-27,0.0,0.0,0.35842922103724306,0.0,0.0,0.0,0.0,0.3910254319424941,0.2505453470202629,0.0
2020-08-28,0.0,0.0,0.35842922103724306,0.0,0.0,0.0,0.0,0.3910254319424941,0.2505453470202629,0.0
2020-08-31,0.0,0.0,0.3657513802524621,0.0,0.0,0.0,0.0,0.3957653817778471,0.23848323796969081,0.0
2020-09-01,0.0,0.0,0.3657513802524621,0.0,0.0,0.0,0.0,0.3957653817778471,0.23848323796969081,0.0
2020-09-02,0.0,0.0,0.3657513802524621,0.0,0.0,0.0,0.0,0.3957653817778471,0.23848323796969081,0.0
2020-09-03,0.0,0.0,0.3657513802524621,0.0,0.0,0.0,0.0,0.3957653817778471,0.23848323796969081,0.0
2020-09-04,0.0,0.0,0.3657513802524621,0.0,0.0,0.0,0.0,0.3957653817778471,0.23848323796969081,0.0
2020-09-08,0.0,0.0,0.3657513802524621,0.0,0.0,0.0,0.0,0.3957653817778471,0.23848323796969081,0.0
2020-09-09,0.0,0.0,0.3657513802524621,0.0,0.0,0.0,0.0,0.3957653817778471,0.23848323796969081,0.0
2020-09-10,0.0,0.0,0.3657513802524621,0.0,0.0,0.0,0.0,0.3957653817778471,0.23848323796969081,0.0
2020-09-11,0.0,0.0,0.3657513802524621,0.0,0.0,0.0,0.0,0.3957653817778471,0.23848323796969081,0.0
2020-09-14,0.0,0.0,0.3657513802524621,0.0,0.0,0.0,0.0,0.3957653817778471,0.23848323796969081,0.0
2020-09-15,0.0,0.0,0.3657513802524621,0.0,0.0,0.0,0.0,0.3957653817778471,0.23848323796969081,0.0
2020-09-16,0.0,0.0,0.3657513802524621,0.0,0.0,0.0,0.0,0.3957653817778471,0.23848323796969081,0.0
2020-09-17,0.0,0.0,0.3657513802524621,0.0,0.0,0.0,0.0,0.3957653817778471,0.23848323796969081,0.0
2020-09-18,0.0,0.0,0.3657513802524621,0.0,0.0,0.0,0.0,0.3957653817778471,0.23848323796969081,0.0
2020-09-21,0.0,0.0,0.3657513802524621,0.0,0.0,0.0,0.0,0.3957653817778471,0.23848323796969081,0.0
2020-09-22,0.0,0.0,0.3657513802524621,0.0,0.0,0.0,0.0,0.3957653817778471,0.23848323796969081,0.0
2020-09-23,0.0,0.0,0.3657513802524621,0.0,0.0,0.0,0.0,0.3957653817778471,0.23848323796969081,0.0
2020-09-24,0.0,0.0,0.3657513802524621,0.0,0.0,0.0,0.0,0.3957653817778471,0.23848323796969081,0.0
2020-09-25,0.0,0.0,0.3657513802524621,0.0,0.0,0.0,0.0,0.3957653817778471,0.23848323796969081,0.0
2020-09-28,0.0,0.0,0.3657513802524621,0.0,0.0,0.0,0.0,0.3957653817778471,0.23848323796969081,0.0
2020-09-29,0.0,0.0,0.3657513802524621,0.0,0.0,0.0,0.0,0.3957653817778471,0.23848323796969081,0.0
2020-09-30,0.0,0.3625613383856829,0.0,0.0,0.0,0.0,0.0,0.0,0.2868160383649622,0.35062262324935495
2020-10-01,0.0,0.3625613383856829,0.0,0.0,0.0,0.0,0.0,0.0,0.2868160383649622,0.35062262324935495
2020-10-02,0.0,0.3625613383856829,0.0,0.0,0.0,0.0,0.0,0.0,0.2868160383649622,0.35062262324935495
2020-10-05,0.0,0.3625613383856829,0.0,0.0,0.0,0.0,0.0,0.0,0.2868160383649622,0.35062262324935495
2020-10-06,0.0,0.3625613383856829,0.0,0.0,0.0,0.0,0.0,0.0,0.2868160383649622,0.35062262324935495
2020-10-07,0.0,0.3625613383856829,0.0,0.0,0.0,0.0,0.0,0.0,0.2868160383649622,0.35062262324935495
2020-10-08,0.0,0.3625613383856829,0.0,0.0,0.0,0.0,0.0,0.0,0.2868160383649622,0.35062262324935495
2020-10-09,0.0,0.3625613383856829,0.0,0.0,0.0,0.0,0.0,0.0,0.2868160383649622,0.35062262324935495
2020-10-12,0.0,0.3625613383856829,0.0,0.0,0.0,0.0,0.0,0.0,0.2868160383649622,0.35062262324935495
2020-10-13,0.0,0.3625613383856829,0.0,0.0,0.0,0.0,0.0,0.0,0.2868160383649622,0.35062262324935495
2020-10-14,0.0,0.3625613383856829,0.0,0.0,0.0,0.0,0.0,0.0,0.2868160383649622,0.35062262324935495
2020-10-15,0.0,0.3625613383856829,0.0,0.0,0.0,0.0,0.0,0.0,0.2868160383649622,0.35062262324935495
2020-10-16,0.0,0.3625613383856829,0.0,0.0,0.0,0.0,0.0,0.0,0.2868160383649622,0.35062262324935495
2020-10-19,0.0,0.3625613383856829,0.0,0.0,0.0,0.0,0.0,0.0,0.2868160383649622,0.35062262324935495
2020-10-20,0.0,0.3625613383856829,0.0,0.0,0.0,0.0,0.0,0.0,0.2868160383649622,0.35062262324935495
2020-10-21,0.0,0.3625613383856829,0.0,0.0,0.0,0.0,0.0,0.0,0.2868160383649622,0.35062262324935495
2020-10-22,0.0,0.3625613383856829,0.0,0.0,0.0,0.0,0.0,0.0,0.2868160383649622,0.35062262324935495
2020-10-23,0.0,0.3625613383856829,0.0,0.0,0.0,0.0,0.0,0.0,0.2868160383649622,0.35062262324935495
2020-10-26,0.0,0.3625613383856829,0.0,0.0,0.0,0.0,0.0,0.0,0.2868160383649622,0.35062262324935495
2020-10-27,0.0,0.3625613383856829,0.0,0.0,0.0,0.0,0.0,0.0,0.2868160383649622,0.35062262324935495
2020-10-28,0.0,0.3625613383856829,0.0,0.0,0.0,0.0,0.0,0.0,0.2868160383649622,0.35062262324935495
2020-10-29,0.0,0.3625613383856829,0.0,0.0,0.0,0.0,0.0,0.0,0.2868160383649622,0.35062262324935495
2020-10-30,0.0,0.35030533260999036,0.0,0.0,0.0,0.0,0.0,0.0,0.3030411822875981,0.3466534851024115
2020-11-02,0.0,0.35030533260999036,0.0,0.0,0.0,0.0,0.0,0.0,0.3030411822875981,0.3466534851024115
2020-11-03,0.0,0.35030533260999036,0.0,0.0,0.0,0.0,0.0,0.0,0.3030411822875981,0.3466534851024115
2020-11-04,0.0,0.35030533260999036,0.0,0.0,0.0,0.0,0.0,0.0,0.3030411822875981,0.3466534851024115
2020-11-05,0.0,0.35030533260999036,0.0,0.0,0.0,0.0,0.0,0.0,0.3030411822875981,0.3466534851024115
2020-11-06,0.0,0.35030533260999036,0.0,0.0,0.0,0.0,0.0,0.0,0.3030411822875981,0.3466534851024115
2020-11-09,0.0,0.35030533260999036,0.0,0.0,0.0,0.0,0.0,0.0,0.3030411822875981,0.3466534851024115
2020-11-10,0.0,0.35030533260999036,0.0,0.0,0.0,0.0,0.0,0.0,0.3030411822875981,0.3466534851024115
2020-11-11,0.0,0.35030533260999036,0.0,0.0,0.0,0.0,0.0,0.0,0.3030411822875981,0.3466534851024115
2020-11-12,0.0,0.35030533260999036,0.0,0.0,0.0,0.0,0.0,0.0,0.3030411822875981,0.3466534851024115
2020-11-13,0.0,0.35030533260999036,0.0,0.0,0.0,0.0,0.0,0.0,0.3030411822875981,0.3466534851024115
2020-11-16,0.0,0.35030533260999036,0.0,0.0,0.0,0.0,0.0,0.0,0.3030411822875981,0.3466534851024115
2020-11-17,0.0,0.35030533260999036,0.0,0.0,0.0,0.0,0.0,0.0,0.3030411822875981,0.3466534851024115
2020-11-18,0.0,0.35030533260999036,0.0,0.0,0.0,0.0,0.0,0.0,0.3030411822875981,0.3466534851024115
2020-11-19,0.0,0.35030533260999036,0.0,0.0,0.0,0.0,0.0,0.0,0.3030411822875981,0.3466534851024115
2020-11-20,0.0,0.35030533260999036,0.0,0.0,0.0,0.0,0.0,0.0,0.3030411822875981,0.3466534851024115
2020-11-23,0.0,0.35030533260999036,0.0,0.0,0.0,0.0,0.0,0.0,0.3030411822875981,0.3466534851024115
2020-11-24,0.0,0.35030533260999036,0.0,0.0,0.0,0.0,0.0,0.0,0.3030411822875981,0.3466534851024115
2020-11-25,0.0,0.35030533260999036,0.0,0.0,0.0,0.0,0.0,0.0,0.3030411822875981,0.3466534851024115
2020-11-27,0.0,0.35030533260999036,0.0,0.0,0.0,0.0,0.0,0.0,0.3030411822875981,0.3466534851024115
2020-11-30,0.0,0.0,0.3367836324132566,0.0,0.0,0.0,0.0,0.3764621831999969,0.0,0.28675418438674655
2020-12-01,0.0,0.0,0.3367836324132566,0.0,0.0,0.0,0.0,0.3764621831999969,0.0,0.28675418438674655
2020-12-02,0.0,0.0,0.3367836324132566,0.0,0.0,0.0,0.0,0.3764621831999969,0.0,0.28675418438674655
2020-12-03,0.0,0.0,0.3367836324132566,0.0,0.0,0.0,0.0,0.3764621831999969,0.0,0.28675418438674655
2020-12-04,0.0,0.0,0.3367836324132566,0.0,0.0,0.0,0.0,0.3764621831999969,0.0,0.28675418438674655
2020-12-07,0.0,0.0,0.3367836324132566,0.0,0.0,0.0,0.0,0.3764621831999969,0.0,0.28675418438674655
2020-12-08,0.0,0.0,0.3367836324132566,0.0,0.0,0.0,0.0,0.3764621831999969,0.0,0.28675418438674655
2020-12-09,0.0,0.0,0.3367836324132566,0.0,0.0,0.0,0.0,0.3764621831999969,0.0,0.28675418438674655
2020-12-10,0.0,0.0,0.3367836324132566,0.0,0.0,0.0,0.0,0.3764621831999969,0.0,0.28675418438674655
2020-12-11,0.0,0.0,0.3367836324132566,0.0,0.0,0.0,0.0,0.3764621831999969,0.0,0.28675418438674655
2020-12-14,0.0,0.0,0.3367836324132566,0.0,0.0,0.0,0.0,0.3764621831999969,0.0,0.28675418438674655
2020-12-15,0.0,0.0,0.3367836324132566,0.0,0.0,0.0,0.0,0.3764621831999969,0.0,0.28675418438674655
2020-12-16,0.0,0.0,0.3367836324132566,0.0,0.0,0.0,0.0,0.3764621831999969,0.0,0.28675418438674655
2020-12-17,0.0,0.0,0.3367836324132566,0.0,0.0,0.0,0.0,0.3764621831999969,0.0,0.28675418438674655
2020-12-18,0.0,0.0,0.3367836324132566,0.0,0.0,0.0,0.0,0.3764621831999969,0.0,0.28675418438674655
2020-12-21,0.0,0.0,0.3367836324132566,0.0,0.0,0.0,0.0,0.3764621831999969,0.0,0.28675418438674655
2020-12-22,0.0,0.0,0.3367836324132566,0.0,0.0,0.0,0.0,0.3764621831999969,0.0,0.28675418438674655
2020-12-23,0.0,0.0,0.3367836324132566,0.0,0.0,0.0,0.0,0.3764621831999969,0.0,0.28675418438674655
2020-12-24,0.0,0.0,0.3367836324132566,0.0,0.0,0.0,0.0,0.3764621831999969,0.0,0.28675418438674655
2020-12-28,0.0,0.0,0.3367836324132566,0.0,0.0,0.0,0.0,0.3764621831999969,0.0,0.28675418438674655
2020-12-29,0.0,0.0,0.3367836324132566,0.0,0.0,0.0,0.0,0.3764621831999969,0.0,0.28675418438674655
2020-12-30,0.0,0.0,0.3367836324132566,0.0,0.0,0.0,0.0,0.3764621831999969,0.0,0.28675418438674655
2020-12-31,0.0,0.0,0.4131608914576534,0.0,0.0,0.0,0.0,0.0,0.18028610341888554,0.40655300512346115
2021-01-04,0.0,0.0,0.4131608914576534,0.0,0.0,0.0,0.0,0.0,0.18028610341888554,0.40655300512346115
2021-01-05,0.0,0.0,0.4131608914576534,0.0,0.0,0.0,0.0,0.0,0.18028610341888554,0.40655300512346115
2021-01-06,0.0,0.0,0.4131608914576534,0.0,0.0,0.0,0.0,0.0,0.18028610341888554,0.40655300512346115
2021-01-07,0.0,0.0,0.4131608914576534,0.0,0.0,0.0,0.0,0.0,0.18028610341888554,0.40655300512346115
2021-01-08,0.0,0.0,0.4131608914576534,0.0,0.0,0.0,0.0,0.0,0.18028610341888554,0.40655300512346115
2021-01-11,0.0,0.0,0.4131608914576534,0.0,0.0,0.0,0.0,0.0,0.18028610341888554,0.40655300512346115
2021-01-12,0.0,0.0,0.4131608914576534,0.0,0.0,0.0,0.0,0.0,0.18028610341888554,0.40655300512346115
2021-01-13,0.0,0.0,0.4131608914576534,0.0,0.0,0.0,0.0,0.0,0.18028610341888554,0.40655300512346115
2021-01-14,0.0,0.0,0.4131608914576534,0.0,0.0,0.0,0.0,0.0,0.18028610341888554,0.40655300512346115
2021-01-15,0.0,0.0,0.4131608914576534,0.0,0.0,0.0,0.0,0.0,0.18028610341888554,0.40655300512346115
2021-01-19,0.0,0.0,0.4131608914576534,0.0,0.0,0.0,0.0,0.0,0.18028610341888554,0.40655300512346115
2021-01-20,0.0,0.0,0.4131608914576534,0.0,0.0,0.0,0.0,0.0,0.18028610341888554,0.40655300512346115
2021-01-21,0.0,0.0,0.4131608914576534,0.0,0.0,0.0,0.0,0.0,0.18028610341888554,0.40655300512346115
2021-01-22,0.0,0.0,0.4131608914576534,0.0,0.0,0.0,0.0,0.0,0.18028610341888554,0.40655300512346115
2021-01-25,0.0,0.0,0.4131608914576534,0.0,0.0,0.0,0.0,0.0,0.18028610341888554,0.40655300512346115
2021-01-26,0.0,0.0,0.4131608914576534,0.0,0.0,0.0,0.0,0.0,0.18028610341888554,0.40655300512346115
2021-01-27,0.0,0.0,0.4131608914576534,0.0,0.0,0.0,0.0,0.0,0.18028610341888554,0.40655300512346115
2021-01-28,0.0,0.0,0.4131608914576534,0.0,0.0,0.0,0.0,0.0,0.18028610341888554,0.40655300512346115
2021-01-29,0.0,0.0,0.3825352854492498,0.0,0.0,0.0,0.0,0.4482091864131594,0.16925552813759095,0.0
2021-02-01,0.0,0.0,0.3825352854492498,0.0,0.0,0.0,0.0,0.4482091864131594,0.16925552813759095,0.0
2021-02-02,0.0,0.0,0.3825352854492498,0.0,0.0,0.0,0.0,0.4482091864131594,0.16925552813759095,0.0
2021-02-03,0.0,0.0,0.3825352854492498,0.0,0.0,0.0,0.0,0.4482091864131594,0.16925552813759095,0.0
2021-02-04,0.0,0.0,0.3825352854492498,0.0,0.0,0.0,0.0,0.4482091864131594,0.16925552813759095,0.0
2021-02-05,0.0,0.0,0.3825352854492498,0.0,0.0,0.0,0.0,0.4482091864131594,0.16925552813759095,0.0
2021-02-08,0.0,0.0,0.3825352854492498,0.0,0.0,0.0,0.0,0.4482091864131594,0.16925552813759095,0.0
2021-02-09,0.0,0.0,0.3825352854492498,0.0,0.0,0.0,0.0,0.4482091864131594,0.16925552813759095,0.0
2021-02-10,0.0,0.0,0.3825352854492498,0.0,0.0,0.0,0.0,0.4482091864131594,0.16925552813759095,0.0
2021-02-11,0.0,0.0,0.3825352854492498,0.0,0.0,0.0,0.0,0.4482091864131594,0.16925552813759095,0.0
2021-02-12,0.0,0.0,0.3825352854492498,0.0,0.0,0.0,0.0,0.4482091864131594,0.16925552813759095,0.0
2021-02-16,0.0,0.0,0.3825352854492498,0.0,0.0,0.0,0.0,0.4482091864131594,0.16925552813759095,0.0
2021-02-17,0.0,0.0,0.3825352854492498,0.0,0.0,0.0,0.0,0.4482091864131594,0.16925552813759095,0.0
2021-02-18,0.0,0.0,0.3825352854492498,0.0,0.0,0.0,0.0,0.4482091864131594,0.16925552813759095,0.0
2021-02-19,0.0,0.0,0.3825352854492498,0.0,0.0,0.0,0.0,0.4482091864131594,0.16925552813759095,0.0
2021-02-22,0.0,0.0,0.3825352854492498,0.0,0.0,0.0,0.0,0.4482091864131594,0.16925552813759095,0.0
2021-02-23,0.0,0.0,0.3825352854492498,0.0,0.0,0.0,0.0,0.4482091864131594,0.16925552813759095,0.0
2021-02-24,0.0,0.0,0.3825352854492498,0.0,0.0,0.0,0.0,0.4482091864131594,0.16925552813759095,0.0
2021-02-25,0.0,0.0,0.3825352854492498,0.0,0.0,0.0,0.0,0.4482091864131594,0.16925552813759095,0.0
2021-02-26,0.46161828357505746,0.0,0.0,0.0,0.0,0.0,0.0,0.37507094793771406,0.16331076848722856,0.0
2021-03-01,0.46161828357505746,0.0,0.0,0.0,0.0,0.0,0.0,0.37507094793771406,0.16331076848722856,0.0
2021-03-02,0.46161828357505746,0.0,0.0,0.0,0.0,0.0,0.0,0.37507094793771406,0.16331076848722856,0.0
2021-03-03,0.46161828357505746,0.0,0.0,0.0,0.0,0.0,0.0,0.37507094793771406,0.16331076848722856,0.0
2021-03-04,0.46161828357505746,0.0,0.0,0.0,0.0,0.0,0.0,0.37507094793771406,0.16331076848722856,0.0
2021-03-05,0.46161828357505746,0.0,0.0,0.0,0.0,0.0,0.0,0.37507094793771406,0.16331076848722856,0.0
2021-03-08,0.46161828357505746,0.0,0.0,0.0,0.0,0.0,0.0,0.37507094793771406,0.16331076848722856,0.0
2021-03-09,0.46161828357505746,0.0,0.0,0.0,0.0,0.0,0.0,0.37507094793771406,0.16331076848722856,0.0
2021-03-10,0.46161828357505746,0.0,0.0,0.0,0.0,0.0,0.0,0.37507094793771406,0.16331076848722856,0.0
2021-03-11,0.46161828357505746,0.0,0.0,0.0,0.0,0.0,0.0,0.37507094793771406,0.16331076848722856,0.0
2021-03-12,0.46161828357505746,0.0,0.0,0.0,0.0,0.0,0.0,0.37507094793771406,0.16331076848722856,0.0
2021-03-15,0.46161828357505746,0.0,0.0,0.0,0.0,0.0,0.0,0.37507094793771406,0.16331076848722856,0.0
2021-03-16,0.46161828357505746,0.0,0.0,0.0,0.0,0.0,0.0,0.37507094793771406,0.16331076848722856,0.0
2021-03-17,0.46161828357505746,0.0,0.0,0.0,0.0,0.0,0.0,0.37507094793771406,0.16331076848722856,0.0
2021-03-18,0.46161828357505746,0.0,0.0,0.0,0.0,0.0,0.0,0.37507094793771406,0.16331076848722856,0.0
2021-03-19,0.46161828357505746,0.0,0.0,0.0,0.0,0.0,0.0,0.37507094793771406,0.16331076848722856,0.0
2021-03-22,0.46161828357505746,0.0,0.0,0.0,0.0,0.0,0.0,0.37507094793771406,0.16331076848722856,0.0
2021-03-23,0.46161828357505746,0.0,0.0,0.0,0.0,0.0,0.0,0.37507094793771406,0.16331076848722856,0.0
2021-03-24,0.46161828357505746,0.0,0.0,0.0,0.0,0.0,0.0,0.37507094793771406,0.16331076848722856,0.0
2021-03-25,0.46161828357505746,0.0,0.0,0.0,0.0,0.0,0.0,0.37507094793771406,0.16331076848722856,0.0
2021-03-26,0.46161828357505746,0.0,0.0,0.0,0.0,0.0,0.0,0.37507094793771406,0.16331076848722856,0.0
2021-03-29,0.46161828357505746,0.0,0.0,0.0,0.0,0.0,0.0,0.37507094793771406,0.16331076848722856,0.0
2021-03-30,0.46161828357505746,0.0,0.0,0.0,0.0,0.0,0.0,0.37507094793771406,0.16331076848722856,0.0
2021-03-31,0.0,0.3636428767822119,0.0,0.0,0.0,0.0,0.3757021840635863,0.0,0.2606549391542019,0.0
2021-04-01,0.0,0.3636428767822119,0.0,0.0,0.0,0.0,0.3757021840635863,0.0,0.2606549391542019,0.0
2021-04-05,0.0,0.3636428767822119,0.0,0.0,0.0,0.0,0.3757021840635863,0.0,0.2606549391542019,0.0
2021-04-06,0.0,0.3636428767822119,0.0,0.0,0.0,0.0,0.3757021840635863,0.0,0.2606549391542019,0.0
2021-04-07,0.0,0.3636428767822119,0.0,0.0,0.0,0.0,0.3757021840635863,0.0,0.2606549391542019,0.0
2021-04-08,0.0,0.3636428767822119,0.0,0.0,0.0,0.0,0.3757021840635863,0.0,0.2606549391542019,0.0
2021-04-09,0.0,0.3636428767822119,0.0,0.0,0.0,0.0,0.3757021840635863,0.0,0.2606549391542019,0.0
2021-04-12,0.0,0.3636428767822119,0.0,0.0,0.0,0.0,0.3757021840635863,0.0,0.2606549391542019,0.0
2021-04-13,0.0,0.3636428767822119,0.0,0.0,0.0,0.0,0.3757021840635863,0.0,0.2606549391542019,0.0
2021-04-14,0.0,0.3636428767822119,0.0,0.0,0.0,0.0,0.3757021840635863,0.0,0.2606549391542019,0.0
2021-04-15,0.0,0.3636428767822119,0.0,0.0,0.0,0.0,0.3757021840635863,0.0,0.2606549391542019,0.0
2021-04-16,0.0,0.3636428767822119,0.0,0.0,0.0,0.0,0.3757021840635863,0.0,0.2606549391542019,0.0
2021-04-19,0.0,0.3636428767822119,0.0,0.0,0.0,0.0,0.3757021840635863,0.0,0.2606549391542019,0.0
2021-04-20,0.0,0.3636428767822119,0.0,0.0,0.0,0.0,0.3757021840635863,0.0,0.2606549391542019,0.0
2021-04-21,0.0,0.3636428767822119,0.0,0.0,0.0,0.0,0.3757021840635863,0.0,0.2606549391542019,0.0
2021-04-22,0.0,0.3636428767822119,0.0,0.0,0.0,0.0,0.3757021840635863,0.0,0.2606549391542019,0.0
2021-04-23,0.0,0.3636428767822119,0.0,0.0,0.0,0.0,0.3757021840635863,0.0,0.2606549391542019,0.0
2021-04-26,0.0,0.3636428767822119,0.0,0.0,0.0,0.0,0.3757021840635863,0.0,0.2606549391542019,0.0
2021-04-27,0.0,0.3636428767822119,0.0,0.0,0.0,0.0,0.3757021840635863,0.0,0.2606549391542019,0.0
2021-04-28,0.0,0.3636428767822119,0.0,0.0,0.0,0.0,0.3757021840635863,0.0,0.2606549391542019,0.0
2021-04-29,0.0,0.3636428767822119,0.0,0.0,0.0,0.0,0.3757021840635863,0.0,0.2606549391542019,0.0
2021-04-30,0.0,0.3835880369314375,0.3330723702261766,0.0,0.0,0.0,0.0,0.0,0.283339592842386,0.0
2021-05-03,0.0,0.3835880369314375,0.3330723702261766,0.0,0.0,0.0,0.0,0.0,0.283339592842386,0.0
2021-05-04,0.0,0.3835880369314375,0.3330723702261766,0.0,0.0,0.0,0.0,0.0,0.283339592842386,0.0
2021-05-05,0.0,0.3835880369314375,0.3330723702261766,0.0,0.0,0.0,0.0,0.0,0.283339592842386,0.0
2021-05-06,0.0,0.3835880369314375,0.3330723702261766,0.0,0.0,0.0,0.0,0.0,0.283339592842386,0.0
2021-05-07,0.0,0.3835880369314375,0.3330723702261766,0.0,0.0,0.0,0.0,0.0,0.283339592842386,0.0
2021-05-10,0.0,0.3835880369314375,0.3330723702261766,0.0,0.0,0.0,0.0,0.0,0.283339592842386,0.0
2021-05-11,0.0,0.3835880369314375,0.3330723702261766,0.0,0.0,0.0,0.0,0.0,0.283339592842386,0.0
2021-05-12,0.0,0.3835880369314375,0.3330723702261766,0.0,0.0,0.0,0.0,0.0,0.283339592842386,0.0
2021-05-13,0.0,0.3835880369314375,0.3330723702261766,0.0,0.0,0.0,0.0,0.0,0.283339592842386,0.0
2021-05-14,0.0,0.3835880369314375,0.3330723702261766,0.0,0.0,0.0,0.0,0.0,0.283339592842386,0.0
2021-05-17,0.0,0.3835880369314375,0.3330723702261766,0.0,0.0,0.0,0.0,0.0,0.283339592842386,0.0
2021-05-18,0.0,0.3835880369314375,0.3330723702261766,0.0,0.0,0.0,0.0,0.0,0.283339592842386,0.0
2021-05-19,0.0,0.3835880369314375,0.3330723702261766,0.0,0.0,0.0,0.0,0.0,0.283339592842386,0.0
2021-05-20,0.0,0.3835880369314375,0.3330723702261766,0.0,0.0,0.0,0.0,0.0,0.283339592842386,0.0
2021-05-21,0.0,0.3835880369314375,0.3330723702261766,0.0,0.0,0.0,0.0,0.0,0.283339592842386,0.0
2021-05-24,0.0,0.3835880369314375,0.3330723702261766,0.0,0.0,0.0,0.0,0.0,0.283339592842386,0.0
2021-05-25,0.0,0.3835880369314375,0.3330723702261766,0.0,0.0,0.0,0.0,0.0,0.283339592842386,0.0
2021-05-26,0.0,0.3835880369314375,0.3330723702261766,0.0,0.0,0.0,0.0,0.0,0.283339592842386,0.0
2021-05-27,0.0,0.3835880369314375,0.3330723702261766,0.0,0.0,0.0,0.0,0.0,0.283339592842386,0.0
2021-05-28,0.0,0.0,0.340149539906126,0.0,0.0,0.0,0.0,0.0,0.29287500137397265,0.36697545871990134
2021-06-01,0.0,0.0,0.340149539906126,0.0,0.0,0.0,0.0,0.0,0.29287500137397265,0.36697545871990134
2021-06-02,0.0,0.0,0.340149539906126,0.0,0.0,0.0,0.0,0.0,0.29287500137397265,0.36697545871990134
2021-06-03,0.0,0.0,0.340149539906126,0.0,0.0,0.0,0.0,0.0,0.29287500137397265,0.36697545871990134
2021-06-04,0.0,0.0,0.340149539906126,0.0,0.0,0.0,0.0,0.0,0.29287500137397265,0.36697545871990134
2021-06-07,0.0,0.0,0.340149539906126,0.0,0.0,0.0,0.0,0.0,0.29287500137397265,0.36697545871990134
2021-06-08,0.0,0.0,0.340149539906126,0.0,0.0,0.0,0.0,0.0,0.29287500137397265,0.36697545871990134
2021-06-09,0.0,0.0,0.340149539906126,0.0,0.0,0.0,0.0,0.0,0.29287500137397265,0.36697545871990134
2021-06-10,0.0,0.0,0.340149539906126,0.0,0.0,0.0,0.0,0.0,0.29287500137397265,0.36697545871990134
2021-06-11,0.0,0.0,0.340149539906126,0.0,0.0,0.0,0.0,0.0,0.29287500137397265,0.36697545871990134
2021-06-14,0.0,0.0,0.340149539906126,0.0,0.0,0.0,0.0,0.0,0.29287500137397265,0.36697545871990134
2021-06-15,0.0,0.0,0.340149539906126,0.0,0.0,0.0,0.0,0.0,0.29287500137397265,0.36697545871990134
2021-06-16,0.0,0.0,0.340149539906126,0.0,0.0,0.0,0.0,0.0,0.29287500137397265,0.36697545871990134
2021-06-17,0.0,0.0,0.340149539906126,0.0,0.0,0.0,0.0,0.0,0.29287500137397265,0.36697545871990134
2021-06-18,0.0,0.0,0.340149539906126,0.0,0.0,0.0,0.0,0.0,0.29287500137397265,0.36697545871990134
2021-06-21,0.0,0.0,0.340149539906126,0.0,0.0,0.0,0.0,0.0,0.29287500137397265,0.36697545871990134
2021-06-22,0.0,0.0,0.340149539906126,0.0,0.0,0.0,0.0,0.0,0.29287500137397265,0.36697545871990134
2021-06-23,0.0,0.0,0.340149539906126,0.0,0.0,0.0,0.0,0.0,0.29287500137397265,0.36697545871990134
2021-06-24,0.0,0.0,0.340149539906126,0.0,0.0,0.0,0.0,0.0,0.29287500137397265,0.36697545871990134
2021-06-25,0.0,0.0,0.340149539906126,0.0,0.0,0.0,0.0,0.0,0.29287500137397265,0.36697545871990134
2021-06-28,0.0,0.0,0.340149539906126,0.0,0.0,0.0,0.0,0.0,0.29287500137397265,0.36697545871990134
2021-06-29,0.0,0.0,0.340149539906126,0.0,0.0,0.0,0.0,0.0,0.29287500137397265,0.36697545871990134
2021-06-30,0.0,0.0,0.0,0.0,0.0,0.4183370871512236,0.38478990889181647,0.0,0.19687300395696003,0.0
2021-07-01,0.0,0.0,0.0,0.0,0.0,0.4183370871512236,0.38478990889181647,0.0,0.19687300395696003,0.0
2021-07-02,0.0,0.0,0.0,0.0,0.0,0.4183370871512236,0.38478990889181647,0.0,0.19687300395696003,0.0
2021-07-06,0.0,0.0,0.0,0.0,0.0,0.4183370871512236,0.38478990889181647,0.0,0.19687300395696003,0.0
2021-07-07,0.0,0.0,0.0,0.0,0.0,0.4183370871512236,0.38478990889181647,0.0,0.19687300395696003,0.0
2021-07-08,0.0,0.0,0.0,0.0,0.0,0.4183370871512236,0.38478990889181647,0.0,0.19687300395696003,0.0
2021-07-09,0.0,0.0,0.0,0.0,0.0,0.4183370871512236,0.38478990889181647,0.0,0.19687300395696003,0.0
2021-07-12,0.0,0.0,0.0,0.0,0.0,0.4183370871512236,0.38478990889181647,0.0,0.19687300395696003,0.0
2021-07-13,0.0,0.0,0.0,0.0,0.0,0.4183370871512236,0.38478990889181647,0.0,0.19687300395696003,0.0
2021-07-14,0.0,0.0,0.0,0.0,0.0,0.4183370871512236,0.38478990889181647,0.0,0.19687300395696003,0.0
2021-07-15,0.0,0.0,0.0,0.0,0.0,0.4183370871512236,0.38478990889181647,0.0,0.19687300395696003,0.0
2021-07-16,0.0,0.0,0.0,0.0,0.0,0.4183370871512236,0.38478990889181647,0.0,0.19687300395696003,0.0
2021-07-19,0.0,0.0,0.0,0.0,0.0,0.4183370871512236,0.38478990889181647,0.0,0.19687300395696003,0.0
2021-07-20,0.0,0.0,0.0,0.0,0.0,0.4183370871512236,0.38478990889181647,0.0,0.19687300395696003,0.0
2021-07-21,0.0,0.0,0.0,0.0,0.0,0.4183370871512236,0.38478990889181647,0.0,0.19687300395696003,0.0
2021-07-22,0.0,0.0,0.0,0.0,0.0,0.4183370871512236,0.38478990889181647,0.0,0.19687300395696003,0.0
2021-07-23,0.0,0.0,0.0,0.0,0.0,0.4183370871512236,0.38478990889181647,0.0,0.19687300395696003,0.0
2021-07-26,0.0,0.0,0.0,0.0,0.0,0.4183370871512236,0.38478990889181647,0.0,0.19687300395696003,0.0
2021-07-27,0.0,0.0,0.0,0.0,0.0,0.4183370871512236,0.38478990889181647,0.0,0.19687300395696003,0.0
2021-07-28,0.0,0.0,0.0,0.0,0.0,0.4183370871512236,0.38478990889181647,0.0,0.19687300395696003,0.0
2021-07-29,0.0,0.0,0.0,0.0,0.0,0.4183370871512236,0.38478990889181647,0.0,0.19687300395696003,0.0
2021-07-30,0.0,0.0,0.0,0.0,0.0,0.44694164448725565,0.35301461618361835,0.0,0.20004373932912603,0.0
2021-08-02,0.0,0.0,0.0,0.0,0.0,0.44694164448725565,0.35301461618361835,0.0,0.20004373932912603,0.0
2021-08-03,0.0,0.0,0.0,0.0,0.0,0.44694164448725565,0.35301461618361835,0.0,0.20004373932912603,0.0
2021-08-04,0.0,0.0,0.0,0.0,0.0,0.44694164448725565,0.35301461618361835,0.0,0.20004373932912603,0.0
2021-08-05,0.0,0.0,0.0,0.0,0.0,0.44694164448725565,0.35301461618361835,0.0,0.20004373932912603,0.0
2021-08-06,0.0,0.0,0.0,0.0,0.0,0.44694164448725565,0.35301461618361835,0.0,0.20004373932912603,0.0
2021-08-09,0.0,0.0,0.0,0.0,0.0,0.44694164448725565,0.35301461618361835,0.0,0.20004373932912603,0.0
2021-08-10,0.0,0.0,0.0,0.0,0.0,0.44694164448725565,0.35301461618361835,0.0,0.20004373932912603,0.0
2021-08-11,0.0,0.0,0.0,0.0,0.0,0.44694164448725565,0.35301461618361835,0.0,0.20004373932912603,0.0
2021-08-12,0.0,0.0,0.0,0.0,0.0,0.44694164448725565,0.35301461618361835,0.0,0.20004373932912603,0.0
2021-08-13,0.0,0.0,0.0,0.0,0.0,0.44694164448725565,0.35301461618361835,0.0,0.20004373932912603,0.0
2021-08-16,0.0,0.0,0.0,0.0,0.0,0.44694164448725565,0.35301461618361835,0.0,0.20004373932912603,0.0
2021-08-17,0.0,0.0,0.0,0.0,0.0,0.44694164448725565,0.35301461618361835,0.0,0.20004373932912603,0.0
2021-08-18,0.0,0.0,0.0,0.0,0.0,0.44694164448725565,0.35301461618361835,0.0,0.20004373932912603,0.0
2021-08-19,0.0,0.0,0.0,0.0,0.0,0.44694164448725565,0.35301461618361835,0.0,0.20004373932912603,0.0
2021-08-20,0.0,0.0,0.0,0.0,0.0,0.44694164448725565,0.35301461618361835,0.0,0.20004373932912603,0.0
2021-08-23,0.0,0.0,0.0,0.0,0.0,0.44694164448725565,0.35301461618361835,0.0,0.20004373932912603,0.0
2021-08-24,0.0,0.0,0.0,0.0,0.0,0.44694164448725565,0.35301461618361835,0.0,0.20004373932912603,0.0
2021-08-25,0.0,0.0,0.0,0.0,0.0,0.44694164448725565,0.35301461618361835,0.0,0.20004373932912603,0.0
2021-08-26,0.0,0.0,0.0,0.0,0.0,0.44694164448725565,0.35301461618361835,0.0,0.20004373932912603,0.0
2021-08-27,0.0,0.0,0.0,0.0,0.0,0.44694164448725565,0.35301461618361835,0.0,0.20004373932912603,0.0
2021-08-30,0.0,0.0,0.0,0.0,0.0,0.44694164448725565,0.35301461618361835,0.0,0.20004373932912603,0.0
2021-08-31,0.0,0.0,0.3010872359080061,0.0,0.0,0.49907789601088254,0.0,0.0,0.1998348680811113,0.0
2021-09-01,0.0,0.0,0.3010872359080061,0.0,0.0,0.49907789601088254,0.0,0.0,0.1998348680811113,0.0
2021-09-02,0.0,0.0,0.3010872359080061,0.0,0.0,0.49907789601088254,0.0,0.0,0.1998348680811113,0.0
2021-09-03,0.0,0.0,0.3010872359080061,0.0,0.0,0.49907789601088254,0.0,0.0,0.1998348680811113,0.0
2021-09-07,0.0,0.0,0.3010872359080061,0.0,0.0,0.49907789601088254,0.0,0.0,0.1998348680811113,0.0
2021-09-08,0.0,0.0,0.3010872359080061,0.0,0.0,0.49907789601088254,0.0,0.0,0.1998348680811113,0.0
2021-09-09,0.0,0.0,0.3010872359080061,0.0,0.0,0.49907789601088254,0.0,0.0,0.1998348680811113,0.0
2021-09-10,0.0,0.0,0.3010872359080061,0.0,0.0,0.49907789601088254,0.0,0.0,0.1998348680811113,0.0
2021-09-13,0.0,0.0,0.3010872359080061,0.0,0.0,0.49907789601088254,0.0,0.0,0.1998348680811113,0.0
2021-09-14,0.0,0.0,0.3010872359080061,0.0,0.0,0.49907789601088254,0.0,0.0,0.1998348680811113,0.0
2021-09-15,0.0,0.0,0.3010872359080061,0.0,0.0,0.49907789601088254,0.0,0.0,0.1998348680811113,0.0
2021-09-16,0.0,0.0,0.3010872359080061,0.0,0.0,0.49907789601088254,0.0,0.0,0.1998348680811113,0.0
2021-09-17,0.0,0.0,0.3010872359080061,0.0,0.0,0.49907789601088254,0.0,0.0,0.1998348680811113,0.0
2021-09-20,0.0,0.0,0.3010872359080061,0.0,0.0,0.49907789601088254,0.0,0.0,0.1998348680811113,0.0
2021-09-21,0.0,0.0,0.3010872359080061,0.0,0.0,0.49907789601088254,0.0,0.0,0.1998348680811113,0.0
2021-09-22,0.0,0.0,0.3010872359080061,0.0,0.0,0.49907789601088254,0.0,0.0,0.1998348680811113,0.0
2021-09-23,0.0,0.0,0.3010872359080061,0.0,0.0,0.49907789601088254,0.0,0.0,0.1998348680811113,0.0
2021-09-24,0.0,0.0,0.3010872359080061,0.0,0.0,0.49907789601088254,0.0,0.0,0.1998348680811113,0.0
2021-09-27,0.0,0.0,0.3010872359080061,0.0,0.0,0.49907789601088254,0.0,0.0,0.1998348680811113,0.0
2021-09-28,0.0,0.0,0.3010872359080061,0.0,0.0,0.49907789601088254,0.0,0.0,0.1998348680811113,0.0
2021-09-29,0.0,0.0,0.3010872359080061,0.0,0.0,0.49907789601088254,0.0,0.0,0.1998348680811113,0.0
2021-09-30,0.0,0.43740853885871006,0.0,0.0,0.0,0.0,0.0,0.0,0.17763713046383417,0.3849543306774558
2021-10-01,0.0,0.43740853885871006,0.0,0.0,0.0,0.0,0.0,0.0,0.17763713046383417,0.3849543306774558
2021-10-04,0.0,0.43740853885871006,0.0,0.0,0.0,0.0,0.0,0.0,0.17763713046383417,0.3849543306774558
2021-10-05,0.0,0.43740853885871006,0.0,0.0,0.0,0.0,0.0,0.0,0.17763713046383417,0.3849543306774558
2021-10-06,0.0,0.43740853885871006,0.0,0.0,0.0,0.0,0.0,0.0,0.17763713046383417,0.3849543306774558
2021-10-07,0.0,0.43740853885871006,0.0,0.0,0.0,0.0,0.0,0.0,0.17763713046383417,0.3849543306774558
2021-10-08,0.0,0.43740853885871006,0.0,0.0,0.0,0.0,0.0,0.0,0.17763713046383417,0.3849543306774558
2021-10-11,0.0,0.43740853885871006,0.0,0.0,0.0,0.0,0.0,0.0,0.17763713046383417,0.3849543306774558
2021-10-12,0.0,0.43740853885871006,0.0,0.0,0.0,0.0,0.0,0.0,0.17763713046383417,0.3849543306774558
2021-10-13,0.0,0.43740853885871006,0.0,0.0,0.0,0.0,0.0,0.0,0.17763713046383417,0.3849543306774558
2021-10-14,0.0,0.43740853885871006,0.0,0.0,0.0,0.0,0.0,0.0,0.17763713046383417,0.3849543306774558
2021-10-15,0.0,0.43740853885871006,0.0,0.0,0.0,0.0,0.0,0.0,0.17763713046383417,0.3849543306774558
2021-10-18,0.0,0.43740853885871006,0.0,0.0,0.0,0.0,0.0,0.0,0.17763713046383417,0.3849543306774558
2021-10-19,0.0,0.43740853885871006,0.0,0.0,0.0,0.0,0.0,0.0,0.17763713046383417,0.3849543306774558
2021-10-20,0.0,0.43740853885871006,0.0,0.0,0.0,0.0,0.0,0.0,0.17763713046383417,0.3849543306774558
2021-10-21,0.0,0.43740853885871006,0.0,0.0,0.0,0.0,0.0,0.0,0.17763713046383417,0.3849543306774558
2021-10-22,0.0,0.43740853885871006,0.0,0.0,0.0,0.0,0.0,0.0,0.17763713046383417,0.3849543306774558
2021-10-25,0.0,0.43740853885871006,0.0,0.0,0.0,0.0,0.0,0.0,0.17763713046383417,0.3849543306774558
2021-10-26,0.0,0.43740853885871006,0.0,0.0,0.0,0.0,0.0,0.0,0.17763713046383417,0.3849543306774558
2021-10-27,0.0,0.43740853885871006,0.0,0.0,0.0,0.0,0.0,0.0,0.17763713046383417,0.3849543306774558
2021-10-28,0.0,0.43740853885871006,0.0,0.0,0.0,0.0,0.0,0.0,0.17763713046383417,0.3849543306774558
2021-10-29,0.0,0.0,0.0,0.3771009570106346,0.0,0.4434917267874213,0.0,0.0,0.17940731620194414,0.0
2021-11-01,0.0,0.0,0.0,0.3771009570106346,0.0,0.4434917267874213,0.0,0.0,0.17940731620194414,0.0
2021-11-02,0.0,0.0,0.0,0.3771009570106346,0.0,0.4434917267874213,0.0,0.0,0.17940731620194414,0.0
2021-11-03,0.0,0.0,0.0,0.3771009570106346,0.0,0.4434917267874213,0.0,0.0,0.17940731620194414,0.0
2021-11-04,0.0,0.0,0.0,0.3771009570106346,0.0,0.4434917267874213,0.0,0.0,0.17940731620194414,0.0
2021-11-05,0.0,0.0,0.0,0.3771009570106346,0.0,0.4434917267874213,0.0,0.0,0.17940731620194414,0.0
2021-11-08,0.0,0.0,0.0,0.3771009570106346,0.0,0.4434917267874213,0.0,0.0,0.17940731620194414,0.0
2021-11-09,0.0,0.0,0.0,0.3771009570106346,0.0,0.4434917267874213,0.0,0.0,0.17940731620194414,0.0
2021-11-10,0.0,0.0,0.0,0.3771009570106346,0.0,0.4434917267874213,0.0,0.0,0.17940731620194414,0.0
2021-11-11,0.0,0.0,0.0,0.3771009570106346,0.0,0.4434917267874213,0.0,0.0,0.17940731620194414,0.0
2021-11-12,0.0,0.0,0.0,0.3771009570106346,0.0,0.4434917267874213,0.0,0.0,0.17940731620194414,0.0
2021-11-15,0.0,0.0,0.0,0.3771009570106346,0.0,0.4434917267874213,0.0,0.0,0.17940731620194414,0.0
2021-11-16,0.0,0.0,0.0,0.3771009570106346,0.0,0.4434917267874213,0.0,0.0,0.17940731620194414,0.0
2021-11-17,0.0,0.0,0.0,0.3771009570106346,0.0,0.4434917267874213,0.0,0.0,0.17940731620194414,0.0
2021-11-18,0.0,0.0,0.0,0.3771009570106346,0.0,0.4434917267874213,0.0,0.0,0.17940731620194414,0.0
2021-11-19,0.0,0.0,0.0,0.3771009570106346,0.0,0.4434917267874213,0.0,0.0,0.17940731620194414,0.0
2021-11-22,0.0,0.0,0.0,0.3771009570106346,0.0,0.4434917267874213,0.0,0.0,0.17940731620194414,0.0
2021-11-23,0.0,0.0,0.0,0.3771009570106346,0.0,0.4434917267874213,0.0,0.0,0.17940731620194414,0.0
2021-11-24,0.0,0.0,0.0,0.3771009570106346,0.0,0.4434917267874213,0.0,0.0,0.17940731620194414,0.0
2021-11-26,0.0,0.0,0.0,0.3771009570106346,0.0,0.4434917267874213,0.0,0.0,0.17940731620194414,0.0
2021-11-29,0.0,0.0,0.0,0.3771009570106346,0.0,0.4434917267874213,0.0,0.0,0.17940731620194414,0.0
2021-11-30,0.4346518506637773,0.0,0.0,0.0,0.0,0.0,0.0,0.3717404485257278,0.1936077008104949,0.0
2021-12-01,0.4346518506637773,0.0,0.0,0.0,0.0,0.0,0.0,0.3717404485257278,0.1936077008104949,0.0
2021-12-02,0.4346518506637773,0.0,0.0,0.0,0.0,0.0,0.0,0.3717404485257278,0.1936077008104949,0.0
2021-12-03,0.4346518506637773,0.0,0.0,0.0,0.0,0.0,0.0,0.3717404485257278,0.1936077008104949,0.0
2021-12-06,0.4346518506637773,0.0,0.0,0.0,0.0,0.0,0.0,0.3717404485257278,0.1936077008104949,0.0
2021-12-07,0.4346518506637773,0.0,0.0,0.0,0.0,0.0,0.0,0.3717404485257278,0.1936077008104949,0.0
2021-12-08,0.4346518506637773,0.0,0.0,0.0,0.0,0.0,0.0,0.3717404485257278,0.1936077008104949,0.0
2021-12-09,0.4346518506637773,0.0,0.0,0.0,0.0,0.0,0.0,0.3717404485257278,0.1936077008104949,0.0
2021-12-10,0.4346518506637773,0.0,0.0,0.0,0.0,0.0,0.0,0.3717404485257278,0.1936077008104949,0.0
2021-12-13,0.4346518506637773,0.0,0.0,0.0,0.0,0.0,0.0,0.3717404485257278,0.1936077008104949,0.0
2021-12-14,0.4346518506637773,0.0,0.0,0.0,0.0,0.0,0.0,0.3717404485257278,0.1936077008104949,0.0
2021-12-15,0.4346518506637773,0.0,0.0,0.0,0.0,0.0,0.0,0.3717404485257278,0.1936077008104949,0.0
2021-12-16,0.4346518506637773,0.0,0.0,0.0,0.0,0.0,0.0,0.3717404485257278,0.1936077008104949,0.0
2021-12-17,0.4346518506637773,0.0,0.0,0.0,0.0,0.0,0.0,0.3717404485257278,0.1936077008104949,0.0
2021-12-20,0.4346518506637773,0.0,0.0,0.0,0.0,0.0,0.0,0.3717404485257278,0.1936077008104949,0.0
2021-12-21,0.4346518506637773,0.0,0.0,0.0,0.0,0.0,0.0,0.3717404485257278,0.1936077008104949,0.0
2021-12-22,0.4346518506637773,0.0,0.0,0.0,0.0,0.0,0.0,0.3717404485257278,0.1936077008104949,0.0
2021-12-23,0.4346518506637773,0.0,0.0,0.0,0.0,0.0,0.0,0.3717404485257278,0.1936077008104949,0.0
2021-12-27,0.4346518506637773,0.0,0.0,0.0,0.0,0.0,0.0,0.3717404485257278,0.1936077008104949,0.0
2021-12-28,0.4346518506637773,0.0,0.0,0.0,0.0,0.0,0.0,0.3717404485257278,0.1936077008104949,0.0
2021-12-29,0.4346518506637773,0.0,0.0,0.0,0.0,0.0,0.0,0.3717404485257278,0.1936077008104949,0.0
2021-12-30,0.4346518506637773,0.0,0.0,0.0,0.0,0.0,0.0,0.3717404485257278,0.1936077008104949,0.0
2021-12-31,0.0,0.3420043808154319,0.0,0.40217953834307574,0.0,0.0,0.0,0.0,0.2558160808414924,0.0
2022-01-03,0.0,0.3420043808154319,0.0,0.40217953834307574,0.0,0.0,0.0,0.0,0.2558160808414924,0.0
2022-01-04,0.0,0.3420043808154319,0.0,0.40217953834307574,0.0,0.0,0.0,0.0,0.2558160808414924,0.0
2022-01-05,0.0,0.3420043808154319,0.0,0.40217953834307574,0.0,0.0,0.0,0.0,0.2558160808414924,0.0
2022-01-06,0.0,0.3420043808154319,0.0,0.40217953834307574,0.0,0.0,0.0,0.0,0.2558160808414924,0.0
2022-01-07,0.0,0.3420043808154319,0.0,0.40217953834307574,0.0,0.0,0.0,0.0,0.2558160808414924,0.0
2022-01-10,0.0,0.3420043808154319,0.0,0.40217953834307574,0.0,0.0,0.0,0.0,0.2558160808414924,0.0
2022-01-11,0.0,0.3420043808154319,0.0,0.40217953834307574,0.0,0.0,0.0,0.0,0.2558160808414924,0.0
2022-01-12,0.0,0.3420043808154319,0.0,0.40217953834307574,0.0,0.0,0.0,0.0,0.2558160808414924,0.0
2022-01-13,0.0,0.3420043808154319,0.0,0.40217953834307574,0.0,0.0,0.0,0.0,0.2558160808414924,0.0
2022-01-14,0.0,0.3420043808154319,0.0,0.40217953834307574,0.0,0.0,0.0,0.0,0.2558160808414924,0.0
2022-01-18,0.0,0.3420043808154319,0.0,0.40217953834307574,0.0,0.0,0.0,0.0,0.2558160808414924,0.0
2022-01-19,0.0,0.3420043808154319,0.0,0.40217953834307574,0.0,0.0,0.0,0.0,0.2558160808414924,0.0
2022-01-20,0.0,0.3420043808154319,0.0,0.40217953834307574,0.0,0.0,0.0,0.0,0.2558160808414924,0.0
2022-01-21,0.0,0.3420043808154319,0.0,0.40217953834307574,0.0,0.0,0.0,0.0,0.2558160808414924,0.0
2022-01-24,0.0,0.3420043808154319,0.0,0.40217953834307574,0.0,0.0,0.0,0.0,0.2558160808414924,0.0
2022-01-25,0.0,0.3420043808154319,0.0,0.40217953834307574,0.0,0.0,0.0,0.0,0.2558160808414924,0.0
2022-01-26,0.0,0.3420043808154319,0.0,0.40217953834307574,0.0,0.0,0.0,0.0,0.2558160808414924,0.0
2022-01-27,0.0,0.3420043808154319,0.0,0.40217953834307574,0.0,0.0,0.0,0.0,0.2558160808414924,0.0
2022-01-28,0.0,0.3420043808154319,0.0,0.40217953834307574,0.0,0.0,0.0,0.0,0.2558160808414924,0.0
2022-01-31,0.0,0.0,0.3417608203743368,0.0,0.0,0.0,0.0,0.0,0.3156145550167374,0.3426246246089258
2022-02-01,0.0,0.0,0.3417608203743368,0.0,0.0,0.0,0.0,0.0,0.3156145550167374,0.3426246246089258
2022-02-02,0.0,0.0,0.3417608203743368,0.0,0.0,0.0,0.0,0.0,0.3156145550167374,0.3426246246089258
2022-02-03,0.0,0.0,0.3417608203743368,0.0,0.0,0.0,0.0,0.0,0.3156145550167374,0.3426246246089258
2022-02-04,0.0,0.0,0.3417608203743368,0.0,0.0,0.0,0.0,0.0,0.3156145550167374,0.3426246246089258
2022-02-07,0.0,0.0,0.3417608203743368,0.0,0.0,0.0,0.0,0.0,0.3156145550167374,0.3426246246089258
2022-02-08,0.0,0.0,0.3417608203743368,0.0,0.0,0.0,0.0,0.0,0.3156145550167374,0.3426246246089258
2022-02-09,0.0,0.0,0.3417608203743368,0.0,0.0,0.0,0.0,0.0,0.3156145550167374,0.3426246246089258
2022-02-10,0.0,0.0,0.3417608203743368,0.0,0.0,0.0,0.0,0.0,0.3156145550167374,0.3426246246089258
2022-02-11,0.0,0.0,0.3417608203743368,0.0,0.0,0.0,0.0,0.0,0.3156145550167374,0.3426246246089258
2022-02-14,0.0,0.0,0.3417608203743368,0.0,0.0,0.0,0.0,0.0,0.3156145550167374,0.3426246246089258
2022-02-15,0.0,0.0,0.3417608203743368,0.0,0.0,0.0,0.0,0.0,0.3156145550167374,0.3426246246089258
2022-02-16,0.0,0.0,0.3417608203743368,0.0,0.0,0.0,0.0,0.0,0.3156145550167374,0.3426246246089258
2022-02-17,0.0,0.0,0.3417608203743368,0.0,0.0,0.0,0.0,0.0,0.3156145550167374,0.3426246246089258
2022-02-18,0.0,0.0,0.3417608203743368,0.0,0.0,0.0,0.0,0.0,0.3156145550167374,0.3426246246089258
2022-02-22,0.0,0.0,0.3417608203743368,0.0,0.0,0.0,0.0,0.0,0.3156145550167374,0.3426246246089258
2022-02-23,0.0,0.0,0.3417608203743368,0.0,0.0,0.0,0.0,0.0,0.3156145550167374,0.3426246246089258
2022-02-24,0.0,0.0,0.3417608203743368,0.0,0.0,0.0,0.0,0.0,0.3156145550167374,0.3426246246089258
2022-02-25,0.0,0.0,0.3417608203743368,0.0,0.0,0.0,0.0,0.0,0.3156145550167374,0.3426246246089258
2022-02-28,0.0,0.0,0.34198116577164855,0.0,0.0,0.0,0.0,0.0,0.34459600117407463,0.3134228330542768
2022-03-01,0.0,0.0,0.34198116577164855,0.0,0.0,0.0,0.0,0.0,0.34459600117407463,0.3134228330542768
2022-03-02,0.0,0.0,0.34198116577164855,0.0,0.0,0.0,0.0,0.0,0.34459600117407463,0.3134228330542768
2022-03-03,0.0,0.0,0.34198116577164855,0.0,0.0,0.0,0.0,0.0,0.34459600117407463,0.3134228330542768
2022-03-04,0.0,0.0,0.34198116577164855,0.0,0.0,0.0,0.0,0.0,0.34459600117407463,0.3134228330542768
2022-03-07,0.0,0.0,0.34198116577164855,0.0,0.0,0.0,0.0,0.0,0.34459600117407463,0.3134228330542768
2022-03-08,0.0,0.0,0.34198116577164855,0.0,0.0,0.0,0.0,0.0,0.34459600117407463,0.3134228330542768
2022-03-09,0.0,0.0,0.34198116577164855,0.0,0.0,0.0,0.0,0.0,0.34459600117407463,0.3134228330542768
2022-03-10,0.0,0.0,0.34198116577164855,0.0,0.0,0.0,0.0,0.0,0.34459600117407463,0.3134228330542768
2022-03-11,0.0,0.0,0.34198116577164855,0.0,0.0,0.0,0.0,0.0,0.34459600117407463,0.3134228330542768
2022-03-14,0.0,0.0,0.34198116577164855,0.0,0.0,0.0,0.0,0.0,0.34459600117407463,0.3134228330542768
2022-03-15,0.0,0.0,0.34198116577164855,0.0,0.0,0.0,0.0,0.0,0.34459600117407463,0.3134228330542768
2022-03-16,0.0,0.0,0.34198116577164855,0.0,0.0,0.0,0.0,0.0,0.34459600117407463,0.3134228330542768
2022-03-17,0.0,0.0,0.34198116577164855,0.0,0.0,0.0,0.0,0.0,0.34459600117407463,0.3134228330542768
2022-03-18,0.0,0.0,0.34198116577164855,0.0,0.0,0.0,0.0,0.0,0.34459600117407463,0.3134228330542768
2022-03-21,0.0,0.0,0.34198116577164855,0.0,0.0,0.0,0.0,0.0,0.34459600117407463,0.3134228330542768
2022-03-22,0.0,0.0,0.34198116577164855,0.0,0.0,0.0,0.0,0.0,0.34459600117407463,0.3134228330542768
2022-03-23,0.0,0.0,0.34198116577164855,0.0,0.0,0.0,0.0,0.0,0.34459600117407463,0.3134228330542768
2022-03-24,0.0,0.0,0.34198116577164855,0.0,0.0,0.0,0.0,0.0,0.34459600117407463,0.3134228330542768
2022-03-25,0.0,0.0,0.34198116577164855,0.0,0.0,0.0,0.0,0.0,0.34459600117407463,0.3134228330542768
2022-03-28,0.0,0.0,0.34198116577164855,0.0,0.0,0.0,0.0,0.0,0.34459600117407463,0.3134228330542768
2022-03-29,0.0,0.0,0.34198116577164855,0.0,0.0,0.0,0.0,0.0,0.34459600117407463,0.3134228330542768
2022-03-30,0.0,0.0,0.34198116577164855,0.0,0.0,0.0,0.0,0.0,0.34459600117407463,0.3134228330542768
2022-03-31,0.0,0.0,0.3583768503913802,0.0,0.0,0.0,0.0,0.0,0.3286216108826659,0.31300153872595393
2022-04-01,0.0,0.0,0.3583768503913802,0.0,0.0,0.0,0.0,0.0,0.3286216108826659,0.31300153872595393
2022-04-04,0.0,0.0,0.3583768503913802,0.0,0.0,0.0,0.0,0.0,0.3286216108826659,0.31300153872595393
2022-04-05,0.0,0.0,0.3583768503913802,0.0,0.0,0.0,0.0,0.0,0.3286216108826659,0.31300153872595393
2022-04-06,0.0,0.0,0.3583768503913802,0.0,0.0,0.0,0.0,0.0,0.3286216108826659,0.31300153872595393
2022-04-07,0.0,0.0,0.3583768503913802,0.0,0.0,0.0,0.0,0.0,0.3286216108826659,0.31300153872595393
2022-04-08,0.0,0.0,0.3583768503913802,0.0,0.0,0.0,0.0,0.0,0.3286216108826659,0.31300153872595393
2022-04-11,0.0,0.0,0.3583768503913802,0.0,0.0,0.0,0.0,0.0,0.3286216108826659,0.31300153872595393
2022-04-12,0.0,0.0,0.3583768503913802,0.0,0.0,0.0,0.0,0.0,0.3286216108826659,0.31300153872595393
2022-04-13,0.0,0.0,0.3583768503913802,0.0,0.0,0.0,0.0,0.0,0.3286216108826659,0.31300153872595393
2022-04-14,0.0,0.0,0.3583768503913802,0.0,0.0,0.0,0.0,0.0,0.3286216108826659,0.31300153872595393
2022-04-18,0.0,0.0,0.3583768503913802,0.0,0.0,0.0,0.0,0.0,0.3286216108826659,0.31300153872595393
2022-04-19,0.0,0.0,0.3583768503913802,0.0,0.0,0.0,0.0,0.0,0.3286216108826659,0.31300153872595393
2022-04-20,0.0,0.0,0.3583768503913802,0.0,0.0,0.0,0.0,0.0,0.3286216108826659,0.31300153872595393
2022-04-21,0.0,0.0,0.3583768503913802,0.0,0.0,0.0,0.0,0.0,0.3286216108826659,0.31300153872595393
2022-04-22,0.0,0.0,0.3583768503913802,0.0,0.0,0.0,0.0,0.0,0.3286216108826659,0.31300153872595393
2022-04-25,0.0,0.0,0.3583768503913802,0.0,0.0,0.0,0.0,0.0,0.3286216108826659,0.31300153872595393
2022-04-26,0.0,0.0,0.3583768503913802,0.0,0.0,0.0,0.0,0.0,0.3286216108826659,0.31300153872595393
2022-04-27,0.0,0.0,0.3583768503913802,0.0,0.0,0.0,0.0,0.0,0.3286216108826659,0.31300153872595393
2022-04-28,0.0,0.0,0.3583768503913802,0.0,0.0,0.0,0.0,0.0,0.3286216108826659,0.31300153872595393
2022-04-29,0.40317596802141203,0.0,0.0,0.0,0.0,0.0,0.0,0.0,0.309082993221065,0.28774103875752294
2022-05-02,0.40317596802141203,0.0,0.0,0.0,0.0,0.0,0.0,0.0,0.309082993221065,0.28774103875752294
2022-05-03,0.40317596802141203,0.0,0.0,0.0,0.0,0.0,0.0,0.0,0.309082993221065,0.28774103875752294
2022-05-04,0.40317596802141203,0.0,0.0,0.0,0.0,0.0,0.0,0.0,0.309082993221065,0.28774103875752294
2022-05-05,0.40317596802141203,0.0,0.0,0.0,0.0,0.0,0.0,0.0,0.309082993221065,0.28774103875752294
2022-05-06,0.40317596802141203,0.0,0.0,0.0,0.0,0.0,0.0,0.0,0.309082993221065,0.28774103875752294
2022-05-09,0.40317596802141203,0.0,0.0,0.0,0.0,0.0,0.0,0.0,0.309082993221065,0.28774103875752294
2022-05-10,0.40317596802141203,0.0,0.0,0.0,0.0,0.0,0.0,0.0,0.309082993221065,0.28774103875752294
2022-05-11,0.40317596802141203,0.0,0.0,0.0,0.0,0.0,0.0,0.0,0.309082993221065,0.28774103875752294
2022-05-12,0.40317596802141203,0.0,0.0,0.0,0.0,0.0,0.0,0.0,0.309082993221065,0.28774103875752294
2022-05-13,0.40317596802141203,0.0,0.0,0.0,0.0,0.0,0.0,0.0,0.309082993221065,0.28774103875752294
2022-05-16,0.40317596802141203,0.0,0.0,0.0,0.0,0.0,0.0,0.0,0.309082993221065,0.28774103875752294
2022-05-17,0.40317596802141203,0.0,0.0,0.0,0.0,0.0,0.0,0.0,0.309082993221065,0.28774103875752294
2022-05-18,0.40317596802141203,0.0,0.0,0.0,0.0,0.0,0.0,0.0,0.309082993221065,0.28774103875752294
2022-05-19,0.40317596802141203,0.0,0.0,0.0,0.0,0.0,0.0,0.0,0.309082993221065,0.28774103875752294
2022-05-20,0.40317596802141203,0.0,0.0,0.0,0.0,0.0,0.0,0.0,0.309082993221065,0.28774103875752294
2022-05-23,0.40317596802141203,0.0,0.0,0.0,0.0,0.0,0.0,0.0,0.309082993221065,0.28774103875752294
2022-05-24,0.40317596802141203,0.0,0.0,0.0,0.0,0.0,0.0,0.0,0.309082993221065,0.28774103875752294
2022-05-25,0.40317596802141203,0.0,0.0,0.0,0.0,0.0,0.0,0.0,0.309082993221065,0.28774103875752294
2022-05-26,0.40317596802141203,0.0,0.0,0.0,0.0,0.0,0.0,0.0,0.309082993221065,0.28774103875752294
2022-05-27,0.40317596802141203,0.0,0.0,0.0,0.0,0.0,0.0,0.0,0.309082993221065,0.28774103875752294
2022-05-31,0.31523922408734906,0.0,0.0,0.0,0.0,0.34451023173498735,0.0,0.3402505441776636,0.0,0.0
2022-06-01,0.31523922408734906,0.0,0.0,0.0,0.0,0.34451023173498735,0.0,0.3402505441776636,0.0,0.0
2022-06-02,0.31523922408734906,0.0,0.0,0.0,0.0,0.34451023173498735,0.0,0.3402505441776636,0.0,0.0
2022-06-03,0.31523922408734906,0.0,0.0,0.0,0.0,0.34451023173498735,0.0,0.3402505441776636,0.0,0.0
2022-06-06,0.31523922408734906,0.0,0.0,0.0,0.0,0.34451023173498735,0.0,0.3402505441776636,0.0,0.0
2022-06-07,0.31523922408734906,0.0,0.0,0.0,0.0,0.34451023173498735,0.0,0.3402505441776636,0.0,0.0
2022-06-08,0.31523922408734906,0.0,0.0,0.0,0.0,0.34451023173498735,0.0,0.3402505441776636,0.0,0.0
2022-06-09,0.31523922408734906,0.0,0.0,0.0,0.0,0.34451023173498735,0.0,0.3402505441776636,0.0,0.0
2022-06-10,0.31523922408734906,0.0,0.0,0.0,0.0,0.34451023173498735,0.0,0.3402505441776636,0.0,0.0
2022-06-13,0.31523922408734906,0.0,0.0,0.0,0.0,0.34451023173498735,0.0,0.3402505441776636,0.0,0.0
2022-06-14,0.31523922408734906,0.0,0.0,0.0,0.0,0.34451023173498735,0.0,0.3402505441776636,0.0,0.0
2022-06-15,0.31523922408734906,0.0,0.0,0.0,0.0,0.34451023173498735,0.0,0.3402505441776636,0.0,0.0
2022-06-16,0.31523922408734906,0.0,0.0,0.0,0.0,0.34451023173498735,0.0,0.3402505441776636,0.0,0.0
2022-06-17,0.31523922408734906,0.0,0.0,0.0,0.0,0.34451023173498735,0.0,0.3402505441776636,0.0,0.0
2022-06-21,0.31523922408734906,0.0,0.0,0.0,0.0,0.34451023173498735,0.0,0.3402505441776636,0.0,0.0
2022-06-22,0.31523922408734906,0.0,0.0,0.0,0.0,0.34451023173498735,0.0,0.3402505441776636,0.0,0.0
2022-06-23,0.31523922408734906,0.0,0.0,0.0,0.0,0.34451023173498735,0.0,0.3402505441776636,0.0,0.0
2022-06-24,0.31523922408734906,0.0,0.0,0.0,0.0,0.34451023173498735,0.0,0.3402505441776636,0.0,0.0
2022-06-27,0.31523922408734906,0.0,0.0,0.0,0.0,0.34451023173498735,0.0,0.3402505441776636,0.0,0.0
2022-06-28,0.31523922408734906,0.0,0.0,0.0,0.0,0.34451023173498735,0.0,0.3402505441776636,0.0,0.0
2022-06-29,0.31523922408734906,0.0,0.0,0.0,0.0,0.34451023173498735,0.0,0.3402505441776636,0.0,0.0
2022-06-30,0.0,0.3133324880539686,0.3710084624935584,0.0,0.0,0.0,0.0,0.0,0.0,0.315659049452473
2022-07-01,0.0,0.3133324880539686,0.3710084624935584,0.0,0.0,0.0,0.0,0.0,0.0,0.315659049452473
2022-07-05,0.0,0.3133324880539686,0.3710084624935584,0.0,0.0,0.0,0.0,0.0,0.0,0.315659049452473
2022-07-06,0.0,0.3133324880539686,0.3710084624935584,0.0,0.0,0.0,0.0,0.0,0.0,0.315659049452473
2022-07-07,0.0,0.3133324880539686,0.3710084624935584,0.0,0.0,0.0,0.0,0.0,0.0,0.315659049452473
2022-07-08,0.0,0.3133324880539686,0.3710084624935584,0.0,0.0,0.0,0.0,0.0,0.0,0.315659049452473
2022-07-11,0.0,0.3133324880539686,0.3710084624935584,0.0,0.0,0.0,0.0,0.0,0.0,0.315659049452473
2022-07-12,0.0,0.3133324880539686,0.3710084624935584,0.0,0.0,0.0,0.0,0.0,0.0,0.315659049452473
2022-07-13,0.0,0.3133324880539686,0.3710084624935584,0.0,0.0,0.0,0.0,0.0,0.0,0.315659049452473
2022-07-14,0.0,0.3133324880539686,0.3710084624935584,0.0,0.0,0.0,0.0,0.0,0.0,0.315659049452473
2022-07-15,0.0,0.3133324880539686,0.3710084624935584,0.0,0.0,0.0,0.0,0.0,0.0,0.315659049452473
2022-07-18,0.0,0.3133324880539686,0.3710084624935584,0.0,0.0,0.0,0.0,0.0,0.0,0.315659049452473
2022-07-19,0.0,0.3133324880539686,0.3710084624935584,0.0,0.0,0.0,0.0,0.0,0.0,0.315659049452473
2022-07-20,0.0,0.3133324880539686,0.3710084624935584,0.0,0.0,0.0,0.0,0.0,0.0,0.315659049452473
2022-07-21,0.0,0.3133324880539686,0.3710084624935584,0.0,0.0,0.0,0.0,0.0,0.0,0.315659049452473
2022-07-22,0.0,0.3133324880539686,0.3710084624935584,0.0,0.0,0.0,0.0,0.0,0.0,0.315659049452473
2022-07-25,0.0,0.3133324880539686,0.3710084624935584,0.0,0.0,0.0,0.0,0.0,0.0,0.315659049452473
2022-07-26,0.0,0.3133324880539686,0.3710084624935584,0.0,0.0,0.0,0.0,0.0,0.0,0.315659049452473
2022-07-27,0.0,0.3133324880539686,0.3710084624935584,0.0,0.0,0.0,0.0,0.0,0.0,0.315659049452473
2022-07-28,0.0,0.3133324880539686,0.3710084624935584,0.0,0.0,0.0,0.0,0.0,0.0,0.315659049452473
2022-07-29,0.0,0.0,0.38375997056425376,0.0,0.0,0.0,0.0,0.0,0.27898840729974056,0.3372516221360056
2022-08-01,0.0,0.0,0.38375997056425376,0.0,0.0,0.0,0.0,0.0,0.27898840729974056,0.3372516221360056
2022-08-02,0.0,0.0,0.38375997056425376,0.0,0.0,0.0,0.0,0.0,0.27898840729974056,0.3372516221360056
2022-08-03,0.0,0.0,0.38375997056425376,0.0,0.0,0.0,0.0,0.0,0.27898840729974056,0.3372516221360056
2022-08-04,0.0,0.0,0.38375997056425376,0.0,0.0,0.0,0.0,0.0,0.27898840729974056,0.3372516221360056
2022-08-05,0.0,0.0,0.38375997056425376,0.0,0.0,0.0,0.0,0.0,0.27898840729974056,0.3372516221360056
2022-08-08,0.0,0.0,0.38375997056425376,0.0,0.0,0.0,0.0,0.0,0.27898840729974056,0.3372516221360056
2022-08-09,0.0,0.0,0.38375997056425376,0.0,0.0,0.0,0.0,0.0,0.27898840729974056,0.3372516221360056
2022-08-10,0.0,0.0,0.38375997056425376,0.0,0.0,0.0,0.0,0.0,0.27898840729974056,0.3372516221360056
2022-08-11,0.0,0.0,0.38375997056425376,0.0,0.0,0.0,0.0,0.0,0.27898840729974056,0.3372516221360056
2022-08-12,0.0,0.0,0.38375997056425376,0.0,0.0,0.0,0.0,0.0,0.27898840729974056,0.3372516221360056
2022-08-15,0.0,0.0,0.38375997056425376,0.0,0.0,0.0,0.0,0.0,0.27898840729974056,0.3372516221360056
2022-08-16,0.0,0.0,0.38375997056425376,0.0,0.0,0.0,0.0,0.0,0.27898840729974056,0.3372516221360056
2022-08-17,0.0,0.0,0.38375997056425376,0.0,0.0,0.0,0.0,0.0,0.27898840729974056,0.3372516221360056
2022-08-18,0.0,0.0,0.38375997056425376,0.0,0.0,0.0,0.0,0.0,0.27898840729974056,0.3372516221360056
2022-08-19,0.0,0.0,0.38375997056425376,0.0,0.0,0.0,0.0,0.0,0.27898840729974056,0.3372516221360056
2022-08-22,0.0,0.0,0.38375997056425376,0.0,0.0,0.0,0.0,0.0,0.27898840729974056,0.3372516221360056
2022-08-23,0.0,0.0,0.38375997056425376,0.0,0.0,0.0,0.0,0.0,0.27898840729974056,0.3372516221360056
2022-08-24,0.0,0.0,0.38375997056425376,0.0,0.0,0.0,0.0,0.0,0.27898840729974056,0.3372516221360056
2022-08-25,0.0,0.0,0.38375997056425376,0.0,0.0,0.0,0.0,0.0,0.27898840729974056,0.3372516221360056
2022-08-26,0.0,0.0,0.38375997056425376,0.0,0.0,0.0,0.0,0.0,0.27898840729974056,0.3372516221360056
2022-08-29,0.0,0.0,0.38375997056425376,0.0,0.0,0.0,0.0,0.0,0.27898840729974056,0.3372516221360056
2022-08-30,0.0,0.0,0.38375997056425376,0.0,0.0,0.0,0.0,0.0,0.27898840729974056,0.3372516221360056
2022-08-31,0.40628972359820886,0.0,0.35396548788893606,0.0,0.0,0.0,0.0,0.0,0.23974478851285502,0.0
2022-09-01,0.40628972359820886,0.0,0.35396548788893606,0.0,0.0,0.0,0.0,0.0,0.23974478851285502,0.0
2022-09-02,0.40628972359820886,0.0,0.35396548788893606,0.0,0.0,0.0,0.0,0.0,0.23974478851285502,0.0
2022-09-06,0.40628972359820886,0.0,0.35396548788893606,0.0,0.0,0.0,0.0,0.0,0.23974478851285502,0.0
2022-09-07,0.40628972359820886,0.0,0.35396548788893606,0.0,0.0,0.0,0.0,0.0,0.23974478851285502,0.0
2022-09-08,0.40628972359820886,0.0,0.35396548788893606,0.0,0.0,0.0,0.0,0.0,0.23974478851285502,0.0
2022-09-09,0.40628972359820886,0.0,0.35396548788893606,0.0,0.0,0.0,0.0,0.0,0.23974478851285502,0.0
2022-09-12,0.40628972359820886,0.0,0.35396548788893606,0.0,0.0,0.0,0.0,0.0,0.23974478851285502,0.0
2022-09-13,0.40628972359820886,0.0,0.35396548788893606,0.0,0.0,0.0,0.0,0.0,0.23974478851285502,0.0
2022-09-14,0.40628972359820886,0.0,0.35396548788893606,0.0,0.0,0.0,0.0,0.0,0.23974478851285502,0.0
2022-09-15,0.40628972359820886,0.0,0.35396548788893606,0.0,0.0,0.0,0.0,0.0,0.23974478851285502,0.0
2022-09-16,0.40628972359820886,0.0,0.35396548788893606,0.0,0.0,0.0,0.0,0.0,0.23974478851285502,0.0
2022-09-19,0.40628972359820886,0.0,0.35396548788893606,0.0,0.0,0.0,0.0,0.0,0.23974478851285502,0.0
2022-09-20,0.40628972359820886,0.0,0.35396548788893606,0.0,0.0,0.0,0.0,0.0,0.23974478851285502,0.0
2022-09-21,0.40628972359820886,0.0,0.35396548788893606,0.0,0.0,0.0,0.0,0.0,0.23974478851285502,0.0
2022-09-22,0.40628972359820886,0.0,0.35396548788893606,0.0,0.0,0.0,0.0,0.0,0.23974478851285502,0.0
2022-09-23,0.40628972359820886,0.0,0.35396548788893606,0.0,0.0,0.0,0.0,0.0,0.23974478851285502,0.0
2022-09-26,0.40628972359820886,0.0,0.35396548788893606,0.0,0.0,0.0,0.0,0.0,0.23974478851285502,0.0
2022-09-27,0.40628972359820886,0.0,0.35396548788893606,0.0,0.0,0.0,0.0,0.0,0.23974478851285502,0.0
2022-09-28,0.40628972359820886,0.0,0.35396548788893606,0.0,0.0,0.0,0.0,0.0,0.23974478851285502,0.0
2022-09-29,0.40628972359820886,0.0,0.35396548788893606,0.0,0.0,0.0,0.0,0.0,0.23974478851285502,0.0
2022-09-30,0.0,0.31936928833996203,0.35255976447079357,0.0,0.0,0.0,0.0,0.0,0.0,0.32807094718924446
2022-10-03,0.0,0.31936928833996203,0.35255976447079357,0.0,0.0,0.0,0.0,0.0,0.0,0.32807094718924446
2022-10-04,0.0,0.31936928833996203,0.35255976447079357,0.0,0.0,0.0,0.0,0.0,0.0,0.32807094718924446
2022-10-05,0.0,0.31936928833996203,0.35255976447079357,0.0,0.0,0.0,0.0,0.0,0.0,0.32807094718924446
2022-10-06,0.0,0.31936928833996203,0.35255976447079357,0.0,0.0,0.0,0.0,0.0,0.0,0.32807094718924446
2022-10-07,0.0,0.31936928833996203,0.35255976447079357,0.0,0.0,0.0,0.0,0.0,0.0,0.32807094718924446
2022-10-10,0.0,0.31936928833996203,0.35255976447079357,0.0,0.0,0.0,0.0,0.0,0.0,0.32807094718924446
2022-10-11,0.0,0.31936928833996203,0.35255976447079357,0.0,0.0,0.0,0.0,0.0,0.0,0.32807094718924446
2022-10-12,0.0,0.31936928833996203,0.35255976447079357,0.0,0.0,0.0,0.0,0.0,0.0,0.32807094718924446
2022-10-13,0.0,0.31936928833996203,0.35255976447079357,0.0,0.0,0.0,0.0,0.0,0.0,0.32807094718924446
2022-10-14,0.0,0.31936928833996203,0.35255976447079357,0.0,0.0,0.0,0.0,0.0,0.0,0.32807094718924446
2022-10-17,0.0,0.31936928833996203,0.35255976447079357,0.0,0.0,0.0,0.0,0.0,0.0,0.32807094718924446
2022-10-18,0.0,0.31936928833996203,0.35255976447079357,0.0,0.0,0.0,0.0,0.0,0.0,0.32807094718924446
2022-10-19,0.0,0.31936928833996203,0.35255976447079357,0.0,0.0,0.0,0.0,0.0,0.0,0.32807094718924446
2022-10-20,0.0,0.31936928833996203,0.35255976447079357,0.0,0.0,0.0,0.0,0.0,0.0,0.32807094718924446
2022-10-21,0.0,0.31936928833996203,0.35255976447079357,0.0,0.0,0.0,0.0,0.0,0.0,0.32807094718924446
2022-10-24,0.0,0.31936928833996203,0.35255976447079357,0.0,0.0,0.0,0.0,0.0,0.0,0.32807094718924446
2022-10-25,0.0,0.31936928833996203,0.35255976447079357,0.0,0.0,0.0,0.0,0.0,0.0,0.32807094718924446
2022-10-26,0.0,0.31936928833996203,0.35255976447079357,0.0,0.0,0.0,0.0,0.0,0.0,0.32807094718924446
2022-10-27,0.0,0.31936928833996203,0.35255976447079357,0.0,0.0,0.0,0.0,0.0,0.0,0.32807094718924446
2022-10-28,0.0,0.31936928833996203,0.35255976447079357,0.0,0.0,0.0,0.0,0.0,0.0,0.32807094718924446
2022-10-31,0.0,0.0,0.0,0.42608927972344945,0.0,0.0,0.0,0.3331468673097769,0.2407638529667736,0.0
2022-11-01,0.0,0.0,0.0,0.42608927972344945,0.0,0.0,0.0,0.3331468673097769,0.2407638529667736,0.0
2022-11-02,0.0,0.0,0.0,0.42608927972344945,0.0,0.0,0.0,0.3331468673097769,0.2407638529667736,0.0
2022-11-03,0.0,0.0,0.0,0.42608927972344945,0.0,0.0,0.0,0.3331468673097769,0.2407638529667736,0.0
2022-11-04,0.0,0.0,0.0,0.42608927972344945,0.0,0.0,0.0,0.3331468673097769,0.2407638529667736,0.0
2022-11-07,0.0,0.0,0.0,0.42608927972344945,0.0,0.0,0.0,0.3331468673097769,0.2407638529667736,0.0
2022-11-08,0.0,0.0,0.0,0.42608927972344945,0.0,0.0,0.0,0.3331468673097769,0.2407638529667736,0.0
2022-11-09,0.0,0.0,0.0,0.42608927972344945,0.0,0.0,0.0,0.3331468673097769,0.2407638529667736,0.0
2022-11-10,0.0,0.0,0.0,0.42608927972344945,0.0,0.0,0.0,0.3331468673097769,0.2407638529667736,0.0
2022-11-11,0.0,0.0,0.0,0.42608927972344945,0.0,0.0,0.0,0.3331468673097769,0.2407638529667736,0.0
2022-11-14,0.0,0.0,0.0,0.42608927972344945,0.0,0.0,0.0,0.3331468673097769,0.2407638529667736,0.0
2022-11-15,0.0,0.0,0.0,0.42608927972344945,0.0,0.0,0.0,0.3331468673097769,0.2407638529667736,0.0
2022-11-16,0.0,0.0,0.0,0.42608927972344945,0.0,0.0,0.0,0.3331468673097769,0.2407638529667736,0.0
2022-11-17,0.0,0.0,0.0,0.42608927972344945,0.0,0.0,0.0,0.3331468673097769,0.2407638529667736,0.0
2022-11-18,0.0,0.0,0.0,0.42608927972344945,0.0,0.0,0.0,0.3331468673097769,0.2407638529667736,0.0
2022-11-21,0.0,0.0,0.0,0.42608927972344945,0.0,0.0,0.0,0.3331468673097769,0.2407638529667736,0.0
2022-11-22,0.0,0.0,0.0,0.42608927972344945,0.0,0.0,0.0,0.3331468673097769,0.2407638529667736,0.0
2022-11-23,0.0,0.0,0.0,0.42608927972344945,0.0,0.0,0.0,0.3331468673097769,0.2407638529667736,0.0
2022-11-25,0.0,0.0,0.0,0.42608927972344945,0.0,0.0,0.0,0.3331468673097769,0.2407638529667736,0.0
2022-11-28,0.0,0.0,0.0,0.42608927972344945,0.0,0.0,0.0,0.3331468673097769,0.2407638529667736,0.0
2022-11-29,0.0,0.0,0.0,0.42608927972344945,0.0,0.0,0.0,0.3331468673097769,0.2407638529667736,0.0
2022-11-30,0.0,0.0,0.31068380457789685,0.4282542728232888,0.0,0.0,0.0,0.0,0.2610619225988144,0.0
2022-12-01,0.0,0.0,0.31068380457789685,0.4282542728232888,0.0,0.0,0.0,0.0,0.2610619225988144,0.0
2022-12-02,0.0,0.0,0.31068380457789685,0.4282542728232888,0.0,0.0,0.0,0.0,0.2610619225988144,0.0
2022-12-05,0.0,0.0,0.31068380457789685,0.4282542728232888,0.0,0.0,0.0,0.0,0.2610619225988144,0.0
2022-12-06,0.0,0.0,0.31068380457789685,0.4282542728232888,0.0,0.0,0.0,0.0,0.2610619225988144,0.0
2022-12-07,0.0,0.0,0.31068380457789685,0.4282542728232888,0.0,0.0,0.0,0.0,0.2610619225988144,0.0
2022-12-08,0.0,0.0,0.31068380457789685,0.4282542728232888,0.0,0.0,0.0,0.0,0.2610619225988144,0.0
2022-12-09,0.0,0.0,0.31068380457789685,0.4282542728232888,0.0,0.0,0.0,0.0,0.2610619225988144,0.0
2022-12-12,0.0,0.0,0.31068380457789685,0.4282542728232888,0.0,0.0,0.0,0.0,0.2610619225988144,0.0
2022-12-13,0.0,0.0,0.31068380457789685,0.4282542728232888,0.0,0.0,0.0,0.0,0.2610619225988144,0.0
2022-12-14,0.0,0.0,0.31068380457789685,0.4282542728232888,0.0,0.0,0.0,0.0,0.2610619225988144,0.0
2022-12-15,0.0,0.0,0.31068380457789685,0.4282542728232888,0.0,0.0,0.0,0.0,0.2610619225988144,0.0
2022-12-16,0.0,0.0,0.31068380457789685,0.4282542728232888,0.0,0.0,0.0,0.0,0.2610619225988144,0.0
2022-12-19,0.0,0.0,0.31068380457789685,0.4282542728232888,0.0,0.0,0.0,0.0,0.2610619225988144,0.0
2022-12-20,0.0,0.0,0.31068380457789685,0.4282542728232888,0.0,0.0,0.0,0.0,0.2610619225988144,0.0
2022-12-21,0.0,0.0,0.31068380457789685,0.4282542728232888,0.0,0.0,0.0,0.0,0.2610619225988144,0.0
2022-12-22,0.0,0.0,0.31068380457789685,0.4282542728232888,0.0,0.0,0.0,0.0,0.2610619225988144,0.0
2022-12-23,0.0,0.0,0.31068380457789685,0.4282542728232888,0.0,0.0,0.0,0.0,0.2610619225988144,0.0
2022-12-27,0.0,0.0,0.31068380457789685,0.4282542728232888,0.0,0.0,0.0,0.0,0.2610619225988144,0.0
2022-12-28,0.0,0.0,0.31068380457789685,0.4282542728232888,0.0,0.0,0.0,0.0,0.2610619225988144,0.0
2022-12-29,0.0,0.0,0.31068380457789685,0.4282542728232888,0.0,0.0,0.0,0.0,0.2610619225988144,0.0
2022-12-30,0.0,0.0,0.0,0.3864926789583462,0.0,0.35311130339093766,0.0,0.0,0.26039601765071624,0.0
2023-01-03,0.0,0.0,0.0,0.3864926789583462,0.0,0.35311130339093766,0.0,0.0,0.26039601765071624,0.0
2023-01-04,0.0,0.0,0.0,0.3864926789583462,0.0,0.35311130339093766,0.0,0.0,0.26039601765071624,0.0
2023-01-05,0.0,0.0,0.0,0.3864926789583462,0.0,0.35311130339093766,0.0,0.0,0.26039601765071624,0.0
2023-01-06,0.0,0.0,0.0,0.3864926789583462,0.0,0.35311130339093766,0.0,0.0,0.26039601765071624,0.0
2023-01-09,0.0,0.0,0.0,0.3864926789583462,0.0,0.35311130339093766,0.0,0.0,0.26039601765071624,0.0
2023-01-10,0.0,0.0,0.0,0.3864926789583462,0.0,0.35311130339093766,0.0,0.0,0.26039601765071624,0.0
2023-01-11,0.0,0.0,0.0,0.3864926789583462,0.0,0.35311130339093766,0.0,0.0,0.26039601765071624,0.0
2023-01-12,0.0,0.0,0.0,0.3864926789583462,0.0,0.35311130339093766,0.0,0.0,0.26039601765071624,0.0
2023-01-13,0.0,0.0,0.0,0.3864926789583462,0.0,0.35311130339093766,0.0,0.0,0.26039601765071624,0.0
2023-01-17,0.0,0.0,0.0,0.3864926789583462,0.0,0.35311130339093766,0.0,0.0,0.26039601765071624,0.0
2023-01-18,0.0,0.0,0.0,0.3864926789583462,0.0,0.35311130339093766,0.0,0.0,0.26039601765071624,0.0
2023-01-19,0.0,0.0,0.0,0.3864926789583462,0.0,0.35311130339093766,0.0,0.0,0.26039601765071624,0.0
2023-01-20,0.0,0.0,0.0,0.3864926789583462,0.0,0.35311130339093766,0.0,0.0,0.26039601765071624,0.0
2023-01-23,0.0,0.0,0.0,0.3864926789583462,0.0,0.35311130339093766,0.0,0.0,0.26039601765071624,0.0
2023-01-24,0.0,0.0,0.0,0.3864926789583462,0.0,0.35311130339093766,0.0,0.0,0.26039601765071624,0.0
2023-01-25,0.0,0.0,0.0,0.3864926789583462,0.0,0.35311130339093766,0.0,0.0,0.26039601765071624,0.0
2023-01-26,0.0,0.0,0.0,0.3864926789583462,0.0,0.35311130339093766,0.0,0.0,0.26039601765071624,0.0
2023-01-27,0.0,0.0,0.0,0.3864926789583462,0.0,0.35311130339093766,0.0,0.0,0.26039601765071624,0.0
2023-01-30,0.0,0.0,0.0,0.3864926789583462,0.0,0.35311130339093766,0.0,0.0,0.26039601765071624,0.0
2023-01-31,0.0,0.0,0.3764152104327572,0.0,0.0,0.0,0.0,0.0,0.3295000328275023,0.29408475673974044
2023-02-01,0.0,0.0,0.3764152104327572,0.0,0.0,0.0,0.0,0.0,0.3295000328275023,0.29408475673974044
2023-02-02,0.0,0.0,0.3764152104327572,0.0,0.0,0.0,0.0,0.0,0.3295000328275023,0.29408475673974044
2023-02-03,0.0,0.0,0.3764152104327572,0.0,0.0,0.0,0.0,0.0,0.3295000328275023,0.29408475673974044
2023-02-06,0.0,0.0,0.3764152104327572,0.0,0.0,0.0,0.0,0.0,0.3295000328275023,0.29408475673974044
2023-02-07,0.0,0.0,0.3764152104327572,0.0,0.0,0.0,0.0,0.0,0.3295000328275023,0.29408475673974044
2023-02-08,0.0,0.0,0.3764152104327572,0.0,0.0,0.0,0.0,0.0,0.3295000328275023,0.29408475673974044
2023-02-09,0.0,0.0,0.3764152104327572,0.0,0.0,0.0,0.0,0.0,0.3295000328275023,0.29408475673974044
2023-02-10,0.0,0.0,0.3764152104327572,0.0,0.0,0.0,0.0,0.0,0.3295000328275023,0.29408475673974044
2023-02-13,0.0,0.0,0.3764152104327572,0.0,0.0,0.0,0.0,0.0,0.3295000328275023,0.29408475673974044
2023-02-14,0.0,0.0,0.3764152104327572,0.0,0.0,0.0,0.0,0.0,0.3295000328275023,0.29408475673974044
2023-02-15,0.0,0.0,0.3764152104327572,0.0,0.0,0.0,0.0,0.0,0.3295000328275023,0.29408475673974044
2023-02-16,0.0,0.0,0.3764152104327572,0.0,0.0,0.0,0.0,0.0,0.3295000328275023,0.29408475673974044
2023-02-17,0.0,0.0,0.3764152104327572,0.0,0.0,0.0,0.0,0.0,0.3295000328275023,0.29408475673974044
2023-02-21,0.0,0.0,0.3764152104327572,0.0,0.0,0.0,0.0,0.0,0.3295000328275023,0.29408475673974044
2023-02-22,0.0,0.0,0.3764152104327572,0.0,0.0,0.0,0.0,0.0,0.3295000328275023,0.29408475673974044
2023-02-23,0.0,0.0,0.3764152104327572,0.0,0.0,0.0,0.0,0.0,0.3295000328275023,0.29408475673974044
2023-02-24,0.0,0.0,0.3764152104327572,0.0,0.0,0.0,0.0,0.0,0.3295000328275023,0.29408475673974044
2023-02-27,0.0,0.0,0.3764152104327572,0.0,0.0,0.0,0.0,0.0,0.3295000328275023,0.29408475673974044
2023-02-28,0.0,0.3462644787872902,0.0,0.0,0.0,0.0,0.0,0.0,0.32221644318999104,0.3315190780227188
2023-03-01,0.0,0.3462644787872902,0.0,0.0,0.0,0.0,0.0,0.0,0.32221644318999104,0.3315190780227188
2023-03-02,0.0,0.3462644787872902,0.0,0.0,0.0,0.0,0.0,0.0,0.32221644318999104,0.3315190780227188
2023-03-03,0.0,0.3462644787872902,0.0,0.0,0.0,0.0,0.0,0.0,0.32221644318999104,0.3315190780227188
2023-03-06,0.0,0.3462644787872902,0.0,0.0,0.0,0.0,0.0,0.0,0.32221644318999104,0.3315190780227188
2023-03-07,0.0,0.3462644787872902,0.0,0.0,0.0,0.0,0.0,0.0,0.32221644318999104,0.3315190780227188
2023-03-08,0.0,0.3462644787872902,0.0,0.0,0.0,0.0,0.0,0.0,0.32221644318999104,0.3315190780227188
2023-03-09,0.0,0.3462644787872902,0.0,0.0,0.0,0.0,0.0,0.0,0.32221644318999104,0.3315190780227188
2023-03-10,0.0,0.3462644787872902,0.0,0.0,0.0,0.0,0.0,0.0,0.32221644318999104,0.3315190780227188
2023-03-13,0.0,0.3462644787872902,0.0,0.0,0.0,0.0,0.0,0.0,0.32221644318999104,0.3315190780227188
2023-03-14,0.0,0.3462644787872902,0.0,0.0,0.0,0.0,0.0,0.0,0.32221644318999104,0.3315190780227188
2023-03-15,0.0,0.3462644787872902,0.0,0.0,0.0,0.0,0.0,0.0,0.32221644318999104,0.3315190780227188
2023-03-16,0.0,0.3462644787872902,0.0,0.0,0.0,0.0,0.0,0.0,0.32221644318999104,0.3315190780227188
2023-03-17,0.0,0.3462644787872902,0.0,0.0,0.0,0.0,0.0,0.0,0.32221644318999104,0.3315190780227188
2023-03-20,0.0,0.3462644787872902,0.0,0.0,0.0,0.0,0.0,0.0,0.32221644318999104,0.3315190780227188
2023-03-21,0.0,0.3462644787872902,0.0,0.0,0.0,0.0,0.0,0.0,0.32221644318999104,0.3315190780227188
2023-03-22,0.0,0.3462644787872902,0.0,0.0,0.0,0.0,0.0,0.0,0.32221644318999104,0.3315190780227188
2023-03-23,0.0,0.3462644787872902,0.0,0.0,0.0,0.0,0.0,0.0,0.32221644318999104,0.3315190780227188
2023-03-24,0.0,0.3462644787872902,0.0,0.0,0.0,0.0,0.0,0.0,0.32221644318999104,0.3315190780227188
2023-03-27,0.0,0.3462644787872902,0.0,0.0,0.0,0.0,0.0,0.0,0.32221644318999104,0.3315190780227188
2023-03-28,0.0,0.3462644787872902,0.0,0.0,0.0,0.0,0.0,0.0,0.32221644318999104,0.3315190780227188
2023-03-29,0.0,0.3462644787872902,0.0,0.0,0.0,0.0,0.0,0.0,0.32221644318999104,0.3315190780227188
2023-03-30,0.0,0.3462644787872902,0.0,0.0,0.0,0.0,0.0,0.0,0.32221644318999104,0.3315190780227188
2023-03-31,0.0,0.0,0.0,0.0,0.0,0.0,0.4288689274830819,0.3082473346660854,0.26288373785083263,0.0
2023-04-03,0.0,0.0,0.0,0.0,0.0,0.0,0.4288689274830819,0.3082473346660854,0.26288373785083263,0.0
2023-04-04,0.0,0.0,0.0,0.0,0.0,0.0,0.4288689274830819,0.3082473346660854,0.26288373785083263,0.0
2023-04-05,0.0,0.0,0.0,0.0,0.0,0.0,0.4288689274830819,0.3082473346660854,0.26288373785083263,0.0
2023-04-06,0.0,0.0,0.0,0.0,0.0,0.0,0.4288689274830819,0.3082473346660854,0.26288373785083263,0.0
2023-04-10,0.0,0.0,0.0,0.0,0.0,0.0,0.4288689274830819,0.3082473346660854,0.26288373785083263,0.0
2023-04-11,0.0,0.0,0.0,0.0,0.0,0.0,0.4288689274830819,0.3082473346660854,0.26288373785083263,0.0
2023-04-12,0.0,0.0,0.0,0.0,0.0,0.0,0.4288689274830819,0.3082473346660854,0.26288373785083263,0.0
2023-04-13,0.0,0.0,0.0,0.0,0.0,0.0,0.4288689274830819,0.3082473346660854,0.26288373785083263,0.0
2023-04-14,0.0,0.0,0.0,0.0,0.0,0.0,0.4288689274830819,0.3082473346660854,0.26288373785083263,0.0
2023-04-17,0.0,0.0,0.0,0.0,0.0,0.0,0.4288689274830819,0.3082473346660854,0.26288373785083263,0.0
2023-04-18,0.0,0.0,0.0,0.0,0.0,0.0,0.4288689274830819,0.3082473346660854,0.26288373785083263,0.0
2023-04-19,0.0,0.0,0.0,0.0,0.0,0.0,0.4288689274830819,0.3082473346660854,0.26288373785083263,0.0
2023-04-20,0.0,0.0,0.0,0.0,0.0,0.0,0.4288689274830819,0.3082473346660854,0.26288373785083263,0.0
2023-04-21,0.0,0.0,0.0,0.0,0.0,0.0,0.4288689274830819,0.3082473346660854,0.26288373785083263,0.0
2023-04-24,0.0,0.0,0.0,0.0,0.0,0.0,0.4288689274830819,0.3082473346660854,0.26288373785083263,0.0
2023-04-25,0.0,0.0,0.0,0.0,0.0,0.0,0.4288689274830819,0.3082473346660854,0.26288373785083263,0.0
2023-04-26,0.0,0.0,0.0,0.0,0.0,0.0,0.4288689274830819,0.3082473346660854,0.26288373785083263,0.0
2023-04-27,0.0,0.0,0.0,0.0,0.0,0.0,0.4288689274830819,0.3082473346660854,0.26288373785083263,0.0
2023-04-28,0.0,0.0,0.0,0.0,0.4224662707147338,0.0,0.0,0.0,0.24796597647110688,0.32956775281415923
2023-05-01,0.0,0.0,0.0,0.0,0.4224662707147338,0.0,0.0,0.0,0.24796597647110688,0.32956775281415923
2023-05-02,0.0,0.0,0.0,0.0,0.4224662707147338,0.0,0.0,0.0,0.24796597647110688,0.32956775281415923
2023-05-03,0.0,0.0,0.0,0.0,0.4224662707147338,0.0,0.0,0.0,0.24796597647110688,0.32956775281415923
2023-05-04,0.0,0.0,0.0,0.0,0.4224662707147338,0.0,0.0,0.0,0.24796597647110688,0.32956775281415923
2023-05-05,0.0,0.0,0.0,0.0,0.4224662707147338,0.0,0.0,0.0,0.24796597647110688,0.32956775281415923
2023-05-08,0.0,0.0,0.0,0.0,0.4224662707147338,0.0,0.0,0.0,0.24796597647110688,0.32956775281415923
2023-05-09,0.0,0.0,0.0,0.0,0.4224662707147338,0.0,0.0,0.0,0.24796597647110688,0.32956775281415923
2023-05-10,0.0,0.0,0.0,0.0,0.4224662707147338,0.0,0.0,0.0,0.24796597647110688,0.32956775281415923
2023-05-11,0.0,0.0,0.0,0.0,0.4224662707147338,0.0,0.0,0.0,0.24796597647110688,0.32956775281415923
2023-05-12,0.0,0.0,0.0,0.0,0.4224662707147338,0.0,0.0,0.0,0.24796597647110688,0.32956775281415923
2023-05-15,0.0,0.0,0.0,0.0,0.4224662707147338,0.0,0.0,0.0,0.24796597647110688,0.32956775281415923
2023-05-16,0.0,0.0,0.0,0.0,0.4224662707147338,0.0,0.0,0.0,0.24796597647110688,0.32956775281415923
2023-05-17,0.0,0.0,0.0,0.0,0.4224662707147338,0.0,0.0,0.0,0.24796597647110688,0.32956775281415923
2023-05-18,0.0,0.0,0.0,0.0,0.4224662707147338,0.0,0.0,0.0,0.24796597647110688,0.32956775281415923
2023-05-19,0.0,0.0,0.0,0.0,0.4224662707147338,0.0,0.0,0.0,0.24796597647110688,0.32956775281415923
2023-05-22,0.0,0.0,0.0,0.0,0.4224662707147338,0.0,0.0,0.0,0.24796597647110688,0.32956775281415923
2023-05-23,0.0,0.0,0.0,0.0,0.4224662707147338,0.0,0.0,0.0,0.24796597647110688,0.32956775281415923
2023-05-24,0.0,0.0,0.0,0.0,0.4224662707147338,0.0,0.0,0.0,0.24796597647110688,0.32956775281415923
2023-05-25,0.0,0.0,0.0,0.0,0.4224662707147338,0.0,0.0,0.0,0.24796597647110688,0.32956775281415923
2023-05-26,0.0,0.0,0.0,0.0,0.4224662707147338,0.0,0.0,0.0,0.24796597647110688,0.32956775281415923
2023-05-30,0.0,0.0,0.0,0.0,0.4224662707147338,0.0,0.0,0.0,0.24796597647110688,0.32956775281415923
2023-05-31,0.0,0.0,0.0,0.0,0.36836796331903865,0.4090254613070868,0.0,0.0,0.22260657537387454,0.0
2023-06-01,0.0,0.0,0.0,0.0,0.36836796331903865,0.4090254613070868,0.0,0.0,0.22260657537387454,0.0
2023-06-02,0.0,0.0,0.0,0.0,0.36836796331903865,0.4090254613070868,0.0,0.0,0.22260657537387454,0.0
2023-06-05,0.0,0.0,0.0,0.0,0.36836796331903865,0.4090254613070868,0.0,0.0,0.22260657537387454,0.0
2023-06-06,0.0,0.0,0.0,0.0,0.36836796331903865,0.4090254613070868,0.0,0.0,0.22260657537387454,0.0
2023-06-07,0.0,0.0,0.0,0.0,0.36836796331903865,0.4090254613070868,0.0,0.0,0.22260657537387454,0.0
2023-06-08,0.0,0.0,0.0,0.0,0.36836796331903865,0.4090254613070868,0.0,0.0,0.22260657537387454,0.0
2023-06-09,0.0,0.0,0.0,0.0,0.36836796331903865,0.4090254613070868,0.0,0.0,0.22260657537387454,0.0
2023-06-12,0.0,0.0,0.0,0.0,0.36836796331903865,0.4090254613070868,0.0,0.0,0.22260657537387454,0.0
2023-06-13,0.0,0.0,0.0,0.0,0.36836796331903865,0.4090254613070868,0.0,0.0,0.22260657537387454,0.0
2023-06-14,0.0,0.0,0.0,0.0,0.36836796331903865,0.4090254613070868,0.0,0.0,0.22260657537387454,0.0
2023-06-15,0.0,0.0,0.0,0.0,0.36836796331903865,0.4090254613070868,0.0,0.0,0.22260657537387454,0.0
2023-06-16,0.0,0.0,0.0,0.0,0.36836796331903865,0.4090254613070868,0.0,0.0,0.22260657537387454,0.0
2023-06-20,0.0,0.0,0.0,0.0,0.36836796331903865,0.4090254613070868,0.0,0.0,0.22260657537387454,0.0
2023-06-21,0.0,0.0,0.0,0.0,0.36836796331903865,0.4090254613070868,0.0,0.0,0.22260657537387454,0.0
2023-06-22,0.0,0.0,0.0,0.0,0.36836796331903865,0.4090254613070868,0.0,0.0,0.22260657537387454,0.0
2023-06-23,0.0,0.0,0.0,0.0,0.36836796331903865,0.4090254613070868,0.0,0.0,0.22260657537387454,0.0
2023-06-26,0.0,0.0,0.0,0.0,0.36836796331903865,0.4090254613070868,0.0,0.0,0.22260657537387454,0.0
2023-06-27,0.0,0.0,0.0,0.0,0.36836796331903865,0.4090254613070868,0.0,0.0,0.22260657537387454,0.0
2023-06-28,0.0,0.0,0.0,0.0,0.36836796331903865,0.4090254613070868,0.0,0.0,0.22260657537387454,0.0
2023-06-29,0.0,0.0,0.0,0.0,0.36836796331903865,0.4090254613070868,0.0,0.0,0.22260657537387454,0.0
2023-06-30,0.0,0.0,0.0,0.0,0.41319634903571273,0.0,0.36524634532305583,0.0,0.22155730564123136,0.0
2023-07-03,0.0,0.0,0.0,0.0,0.41319634903571273,0.0,0.36524634532305583,0.0,0.22155730564123136,0.0
2023-07-05,0.0,0.0,0.0,0.0,0.41319634903571273,0.0,0.36524634532305583,0.0,0.22155730564123136,0.0
2023-07-06,0.0,0.0,0.0,0.0,0.41319634903571273,0.0,0.36524634532305583,0.0,0.22155730564123136,0.0
2023-07-07,0.0,0.0,0.0,0.0,0.41319634903571273,0.0,0.36524634532305583,0.0,0.22155730564123136,0.0
2023-07-10,0.0,0.0,0.0,0.0,0.41319634903571273,0.0,0.36524634532305583,0.0,0.22155730564123136,0.0
2023-07-11,0.0,0.0,0.0,0.0,0.41319634903571273,0.0,0.36524634532305583,0.0,0.22155730564123136,0.0
2023-07-12,0.0,0.0,0.0,0.0,0.41319634903571273,0.0,0.36524634532305583,0.0,0.22155730564123136,0.0
2023-07-13,0.0,0.0,0.0,0.0,0.41319634903571273,0.0,0.36524634532305583,0.0,0.22155730564123136,0.0
2023-07-14,0.0,0.0,0.0,0.0,0.41319634903571273,0.0,0.36524634532305583,0.0,0.22155730564123136,0.0
2023-07-17,0.0,0.0,0.0,0.0,0.41319634903571273,0.0,0.36524634532305583,0.0,0.22155730564123136,0.0
2023-07-18,0.0,0.0,0.0,0.0,0.41319634903571273,0.0,0.36524634532305583,0.0,0.22155730564123136,0.0
2023-07-19,0.0,0.0,0.0,0.0,0.41319634903571273,0.0,0.36524634532305583,0.0,0.22155730564123136,0.0
2023-07-20,0.0,0.0,0.0,0.0,0.41319634903571273,0.0,0.36524634532305583,0.0,0.22155730564123136,0.0
2023-07-21,0.0,0.0,0.0,0.0,0.41319634903571273,0.0,0.36524634532305583,0.0,0.22155730564123136,0.0
2023-07-24,0.0,0.0,0.0,0.0,0.41319634903571273,0.0,0.36524634532305583,0.0,0.22155730564123136,0.0
2023-07-25,0.0,0.0,0.0,0.0,0.41319634903571273,0.0,0.36524634532305583,0.0,0.22155730564123136,0.0
2023-07-26,0.0,0.0,0.0,0.0,0.41319634903571273,0.0,0.36524634532305583,0.0,0.22155730564123136,0.0
2023-07-27,0.0,0.0,0.0,0.0,0.41319634903571273,0.0,0.36524634532305583,0.0,0.22155730564123136,0.0
2023-07-28,0.0,0.0,0.0,0.0,0.41319634903571273,0.0,0.36524634532305583,0.0,0.22155730564123136,0.0
2023-07-31,0.0,0.0,0.0,0.0,0.41332675551697967,0.3706922571078329,0.0,0.0,0.21598098737518745,0.0
2023-08-01,0.0,0.0,0.0,0.0,0.41332675551697967,0.3706922571078329,0.0,0.0,0.21598098737518745,0.0
2023-08-02,0.0,0.0,0.0,0.0,0.41332675551697967,0.3706922571078329,0.0,0.0,0.21598098737518745,0.0
2023-08-03,0.0,0.0,0.0,0.0,0.41332675551697967,0.3706922571078329,0.0,0.0,0.21598098737518745,0.0
2023-08-04,0.0,0.0,0.0,0.0,0.41332675551697967,0.3706922571078329,0.0,0.0,0.21598098737518745,0.0
2023-08-07,0.0,0.0,0.0,0.0,0.41332675551697967,0.3706922571078329,0.0,0.0,0.21598098737518745,0.0
2023-08-08,0.0,0.0,0.0,0.0,0.41332675551697967,0.3706922571078329,0.0,0.0,0.21598098737518745,0.0
2023-08-09,0.0,0.0,0.0,0.0,0.41332675551697967,0.3706922571078329,0.0,0.0,0.21598098737518745,0.0
2023-08-10,0.0,0.0,0.0,0.0,0.41332675551697967,0.3706922571078329,0.0,0.0,0.21598098737518745,0.0
2023-08-11,0.0,0.0,0.0,0.0,0.41332675551697967,0.3706922571078329,0.0,0.0,0.21598098737518745,0.0
2023-08-14,0.0,0.0,0.0,0.0,0.41332675551697967,0.3706922571078329,0.0,0.0,0.21598098737518745,0.0
2023-08-15,0.0,0.0,0.0,0.0,0.41332675551697967,0.3706922571078329,0.0,0.0,0.21598098737518745,0.0
2023-08-16,0.0,0.0,0.0,0.0,0.41332675551697967,0.3706922571078329,0.0,0.0,0.21598098737518745,0.0
2023-08-17,0.0,0.0,0.0,0.0,0.41332675551697967,0.3706922571078329,0.0,0.0,0.21598098737518745,0.0
2023-08-18,0.0,0.0,0.0,0.0,0.41332675551697967,0.3706922571078329,0.0,0.0,0.21598098737518745,0.0
2023-08-21,0.0,0.0,0.0,0.0,0.41332675551697967,0.3706922571078329,0.0,0.0,0.21598098737518745,0.0
2023-08-22,0.0,0.0,0.0,0.0,0.41332675551697967,0.3706922571078329,0.0,0.0,0.21598098737518745,0.0
2023-08-23,0.0,0.0,0.0,0.0,0.41332675551697967,0.3706922571078329,0.0,0.0,0.21598098737518745,0.0
2023-08-24,0.0,0.0,0.0,0.0,0.41332675551697967,0.3706922571078329,0.0,0.0,0.21598098737518745,0.0
2023-08-25,0.0,0.0,0.0,0.0,0.41332675551697967,0.3706922571078329,0.0,0.0,0.21598098737518745,0.0
2023-08-28,0.0,0.0,0.0,0.0,0.41332675551697967,0.3706922571078329,0.0,0.0,0.21598098737518745,0.0
2023-08-29,0.0,0.0,0.0,0.0,0.41332675551697967,0.3706922571078329,0.0,0.0,0.21598098737518745,0.0
2023-08-30,0.0,0.0,0.0,0.0,0.41332675551697967,0.3706922571078329,0.0,0.0,0.21598098737518745,0.0
2023-08-31,0.4138733179330107,0.0,0.25754133798299916,0.0,0.0,0.32858534408399015,0.0,0.0,0.0,0.0
2023-09-01,0.4138733179330107,0.0,0.25754133798299916,0.0,0.0,0.32858534408399015,0.0,0.0,0.0,0.0
2023-09-05,0.4138733179330107,0.0,0.25754133798299916,0.0,0.0,0.32858534408399015,0.0,0.0,0.0,0.0
2023-09-06,0.4138733179330107,0.0,0.25754133798299916,0.0,0.0,0.32858534408399015,0.0,0.0,0.0,0.0
2023-09-07,0.4138733179330107,0.0,0.25754133798299916,0.0,0.0,0.32858534408399015,0.0,0.0,0.0,0.0
2023-09-08,0.4138733179330107,0.0,0.25754133798299916,0.0,0.0,0.32858534408399015,0.0,0.0,0.0,0.0
2023-09-11,0.4138733179330107,0.0,0.25754133798299916,0.0,0.0,0.32858534408399015,0.0,0.0,0.0,0.0
2023-09-12,0.4138733179330107,0.0,0.25754133798299916,0.0,0.0,0.32858534408399015,0.0,0.0,0.0,0.0
2023-09-13,0.4138733179330107,0.0,0.25754133798299916,0.0,0.0,0.32858534408399015,0.0,0.0,0.0,0.0
2023-09-14,0.4138733179330107,0.0,0.25754133798299916,0.0,0.0,0.32858534408399015,0.0,0.0,0.0,0.0
2023-09-15,0.4138733179330107,0.0,0.25754133798299916,0.0,0.0,0.32858534408399015,0.0,0.0,0.0,0.0
2023-09-18,0.4138733179330107,0.0,0.25754133798299916,0.0,0.0,0.32858534408399015,0.0,0.0,0.0,0.0
2023-09-19,0.4138733179330107,0.0,0.25754133798299916,0.0,0.0,0.32858534408399015,0.0,0.0,0.0,0.0
2023-09-20,0.4138733179330107,0.0,0.25754133798299916,0.0,0.0,0.32858534408399015,0.0,0.0,0.0,0.0
2023-09-21,0.4138733179330107,0.0,0.25754133798299916,0.0,0.0,0.32858534408399015,0.0,0.0,0.0,0.0
2023-09-22,0.4138733179330107,0.0,0.25754133798299916,0.0,0.0,0.32858534408399015,0.0,0.0,0.0,0.0
2023-09-25,0.4138733179330107,0.0,0.25754133798299916,0.0,0.0,0.32858534408399015,0.0,0.0,0.0,0.0
2023-09-26,0.4138733179330107,0.0,0.25754133798299916,0.0,0.0,0.32858534408399015,0.0,0.0,0.0,0.0
2023-09-27,0.4138733179330107,0.0,0.25754133798299916,0.0,0.0,0.32858534408399015,0.0,0.0,0.0,0.0
2023-09-28,0.4138733179330107,0.0,0.25754133798299916,0.0,0.0,0.32858534408399015,0.0,0.0,0.0,0.0
2023-09-29,0.431626137785523,0.29423814334052295,0.0,0.0,0.0,0.0,0.0,0.0,0.0,0.2741357188739541
2023-10-02,0.431626137785523,0.29423814334052295,0.0,0.0,0.0,0.0,0.0,0.0,0.0,0.2741357188739541
2023-10-03,0.431626137785523,0.29423814334052295,0.0,0.0,0.0,0.0,0.0,0.0,0.0,0.2741357188739541
2023-10-04,0.431626137785523,0.29423814334052295,0.0,0.0,0.0,0.0,0.0,0.0,0.0,0.2741357188739541
2023-10-05,0.431626137785523,0.29423814334052295,0.0,0.0,0.0,0.0,0.0,0.0,0.0,0.2741357188739541
2023-10-06,0.431626137785523,0.29423814334052295,0.0,0.0,0.0,0.0,0.0,0.0,0.0,0.2741357188739541
2023-10-09,0.431626137785523,0.29423814334052295,0.0,0.0,0.0,0.0,0.0,0.0,0.0,0.2741357188739541
2023-10-10,0.431626137785523,0.29423814334052295,0.0,0.0,0.0,0.0,0.0,0.0,0.0,0.2741357188739541
2023-10-11,0.431626137785523,0.29423814334052295,0.0,0.0,0.0,0.0,0.0,0.0,0.0,0.2741357188739541
2023-10-12,0.431626137785523,0.29423814334052295,0.0,0.0,0.0,0.0,0.0,0.0,0.0,0.2741357188739541
2023-10-13,0.431626137785523,0.29423814334052295,0.0,0.0,0.0,0.0,0.0,0.0,0.0,0.2741357188739541
2023-10-16,0.431626137785523,0.29423814334052295,0.0,0.0,0.0,0.0,0.0,0.0,0.0,0.2741357188739541
2023-10-17,0.431626137785523,0.29423814334052295,0.0,0.0,0.0,0.0,0.0,0.0,0.0,0.2741357188739541
2023-10-18,0.431626137785523,0.29423814334052295,0.0,0.0,0.0,0.0,0.0,0.0,0.0,0.2741357188739541
2023-10-19,0.431626137785523,0.29423814334052295,0.0,0.0,0.0,0.0,0.0,0.0,0.0,0.2741357188739541
2023-10-20,0.431626137785523,0.29423814334052295,0.0,0.0,0.0,0.0,0.0,0.0,0.0,0.2741357188739541
2023-10-23,0.431626137785523,0.29423814334052295,0.0,0.0,0.0,0.0,0.0,0.0,0.0,0.2741357188739541
2023-10-24,0.431626137785523,0.29423814334052295,0.0,0.0,0.0,0.0,0.0,0.0,0.0,0.2741357188739541
2023-10-25,0.431626137785523,0.29423814334052295,0.0,0.0,0.0,0.0,0.0,0.0,0.0,0.2741357188739541
2023-10-26,0.431626137785523,0.29423814334052295,0.0,0.0,0.0,0.0,0.0,0.0,0.0,0.2741357188739541
2023-10-27,0.431626137785523,0.29423814334052295,0.0,0.0,0.0,0.0,0.0,0.0,0.0,0.2741357188739541
2023-10-30,0.431626137785523,0.29423814334052295,0.0,0.0,0.0,0.0,0.0,0.0,0.0,0.2741357188739541
2023-10-31,0.41011471591389803,0.2993614420435857,0.0,0.0,0.0,0.0,0.0,0.0,0.0,0.2905238420425162
2023-11-01,0.41011471591389803,0.2993614420435857,0.0,0.0,0.0,0.0,0.0,0.0,0.0,0.2905238420425162
2023-11-02,0.41011471591389803,0.2993614420435857,0.0,0.0,0.0,0.0,0.0,0.0,0.0,0.2905238420425162
2023-11-03,0.41011471591389803,0.2993614420435857,0.0,0.0,0.0,0.0,0.0,0.0,0.0,0.2905238420425162
2023-11-06,0.41011471591389803,0.2993614420435857,0.0,0.0,0.0,0.0,0.0,0.0,0.0,0.2905238420425162
2023-11-07,0.41011471591389803,0.2993614420435857,0.0,0.0,0.0,0.0,0.0,0.0,0.0,0.2905238420425162
2023-11-08,0.41011471591389803,0.2993614420435857,0.0,0.0,0.0,0.0,0.0,0.0,0.0,0.2905238420425162
2023-11-09,0.41011471591389803,0.2993614420435857,0.0,0.0,0.0,0.0,0.0,0.0,0.0,0.2905238420425162
2023-11-10,0.41011471591389803,0.2993614420435857,0.0,0.0,0.0,0.0,0.0,0.0,0.0,0.2905238420425162
2023-11-13,0.41011471591389803,0.2993614420435857,0.0,0.0,0.0,0.0,0.0,0.0,0.0,0.2905238420425162
2023-11-14,0.41011471591389803,0.2993614420435857,0.0,0.0,0.0,0.0,0.0,0.0,0.0,0.2905238420425162
2023-11-15,0.41011471591389803,0.2993614420435857,0.0,0.0,0.0,0.0,0.0,0.0,0.0,0.2905238420425162
2023-11-16,0.41011471591389803,0.2993614420435857,0.0,0.0,0.0,0.0,0.0,0.0,0.0,0.2905238420425162
2023-11-17,0.41011471591389803,0.2993614420435857,0.0,0.0,0.0,0.0,0.0,0.0,0.0,0.2905238420425162
2023-11-20,0.41011471591389803,0.2993614420435857,0.0,0.0,0.0,0.0,0.0,0.0,0.0,0.2905238420425162
2023-11-21,0.41011471591389803,0.2993614420435857,0.0,0.0,0.0,0.0,0.0,0.0,0.0,0.2905238420425162
2023-11-22,0.41011471591389803,0.2993614420435857,0.0,0.0,0.0,0.0,0.0,0.0,0.0,0.2905238420425162
2023-11-24,0.41011471591389803,0.2993614420435857,0.0,0.0,0.0,0.0,0.0,0.0,0.0,0.2905238420425162
2023-11-27,0.41011471591389803,0.2993614420435857,0.0,0.0,0.0,0.0,0.0,0.0,0.0,0.2905238420425162
2023-11-28,0.41011471591389803,0.2993614420435857,0.0,0.0,0.0,0.0,0.0,0.0,0.0,0.2905238420425162
2023-11-29,0.41011471591389803,0.2993614420435857,0.0,0.0,0.0,0.0,0.0,0.0,0.0,0.2905238420425162
2023-11-30,0.0,0.399017654121631,0.0,0.0,0.0,0.0,0.0,0.2911861302754508,0.30979621560291826,0.0
2023-12-01,0.0,0.399017654121631,0.0,0.0,0.0,0.0,0.0,0.2911861302754508,0.30979621560291826,0.0
2023-12-04,0.0,0.399017654121631,0.0,0.0,0.0,0.0,0.0,0.2911861302754508,0.30979621560291826,0.0
2023-12-05,0.0,0.399017654121631,0.0,0.0,0.0,0.0,0.0,0.2911861302754508,0.30979621560291826,0.0
2023-12-06,0.0,0.399017654121631,0.0,0.0,0.0,0.0,0.0,0.2911861302754508,0.30979621560291826,0.0
2023-12-07,0.0,0.399017654121631,0.0,0.0,0.0,0.0,0.0,0.2911861302754508,0.30979621560291826,0.0
2023-12-08,0.0,0.399017654121631,0.0,0.0,0.0,0.0,0.0,0.2911861302754508,0.30979621560291826,0.0
2023-12-11,0.0,0.399017654121631,0.0,0.0,0.0,0.0,0.0,0.2911861302754508,0.30979621560291826,0.0
2023-12-12,0.0,0.399017654121631,0.0,0.0,0.0,0.0,0.0,0.2911861302754508,0.30979621560291826,0.0
2023-12-13,0.0,0.399017654121631,0.0,0.0,0.0,0.0,0.0,0.2911861302754508,0.30979621560291826,0.0
2023-12-14,0.0,0.399017654121631,0.0,0.0,0.0,0.0,0.0,0.2911861302754508,0.30979621560291826,0.0
2023-12-15,0.0,0.399017654121631,0.0,0.0,0.0,0.0,0.0,0.2911861302754508,0.30979621560291826,0.0
2023-12-18,0.0,0.399017654121631,0.0,0.0,0.0,0.0,0.0,0.2911861302754508,0.30979621560291826,0.0
2023-12-19,0.0,0.399017654121631,0.0,0.0,0.0,0.0,0.0,0.2911861302754508,0.30979621560291826,0.0
2023-12-20,0.0,0.399017654121631,0.0,0.0,0.0,0.0,0.0,0.2911861302754508,0.30979621560291826,0.0
2023-12-21,0.0,0.399017654121631,0.0,0.0,0.0,0.0,0.0,0.2911861302754508,0.30979621560291826,0.0
2023-12-22,0.0,0.399017654121631,0.0,0.0,0.0,0.0,0.0,0.2911861302754508,0.30979621560291826,0.0
2023-12-26,0.0,0.399017654121631,0.0,0.0,0.0,0.0,0.0,0.2911861302754508,0.30979621560291826,0.0
2023-12-27,0.0,0.399017654121631,0.0,0.0,0.0,0.0,0.0,0.2911861302754508,0.30979621560291826,0.0
2023-12-28,0.0,0.399017654121631,0.0,0.0,0.0,0.0,0.0,0.2911861302754508,0.30979621560291826,0.0
2023-12-29,0.0,0.0,0.2729043777973131,0.0,0.451953471847511,0.0,0.0,0.2751421503551759,0.0,0.0
